fin_year,month,state_code,state_name,district_code,district_name,Approved_Labour_Budget,Average_Wage_rate_per_day_per_person,Average_days_of_employment_provided_per_Household,Differently_abled_persons_worked,Material_and_skilled_Wages,Number_of_Completed_Works,Number_of_GPs_with_NIL_exp,Number_of_Ongoing_Works,Persondays_of_Central_Liability_so_far,SC_persondays,SC_workers_against_active_workers,ST_persondays,ST_workers_against_active_workers,Total_Adm_Expenditure,Total_Exp,Total_Households_Worked,Total_Individuals_Worked,Total_No_of_Active_Job_Cards,Total_No_of_Active_Workers,Total_No_of_HHs_completed_100_Days_of_Wage_Employment,Total_No_of_JobCards_issued,Total_No_of_Workers,Total_No_of_Works_Takenup,Wages,Women_Persondays,percent_of_Category_B_Works,percent_of_Expenditure_on_Agriculture_Allied_Works,percent_of_NRM_Expenditure,percentage_payments_gererated_within_15_days,Remarks
2019-2020,Aug,31,UTTAR PRADESH,3117,BULANDSHAHR,102983,162.876794655914,17,15,31.86539598,644,49,2701,180536,43288,9242,0,0,6.32615,332.24279598,10476,11617,26261,36474,6,110310,142823,3345,294.05125,45106,10,85.61,90.8,102.28,NA
2019-2020,Aug,31,UTTAR PRADESH,3126,PILIBHIT,1549974,175.368498887911,24,162,1669.850894363,3731,1,8106,1345216,245415,48900,2587,501,129.38299,4158.318990363,55684,66889,136934,232056,99,292079,428187,11837,2359.085106,262394,61,63.57,66.88,100.33,NA
2019-2020,Aug,31,UTTAR PRADESH,3133,RAE BARELI,2464252,167.198914617122,30,131,1504.24931572,9743,0,14398,1970641,620810,110453,4288,792,192.7697,4991.90937872,64152,75598,173724,317716,348,319066,525913,24141,3294.890363,745105,52,48.08,50.22,100.06,NA
2019-2020,Aug,31,UTTAR PRADESH,3134,FARRUKHABAD,774944,178.046965759619,29,37,121.982266201,2659,0,7082,873530,104211,14136,685,62,49.2865,1726.562426201,29767,33407,66513,90906,11,156471,199713,9741,1555.29366,205140,58,90.57,73.49,102.18,NA
2019-2020,Aug,31,UTTAR PRADESH,3135,ETAWAH,889038,167.270246852573,26,33,162.412923711,3478,0,7105,746721,301865,42672,1488,157,52.5482,1464.003183711,28124,30895,66541,98527,38,148977,201168,10583,1249.04206,164445,59,47.23,65.44,108.71,NA
2019-2020,Aug,31,UTTAR PRADESH,3139,JHANSI,2039055,174.008635884953,44,134,1301.588131999,3673,1,7671,1799445,589504,77008,20302,1734,181.29157,4614.069399999,40355,57394,102585,210804,969,191579,378088,11344,3131.189698,680243,46,72.31,63.16,102.27,NA
2019-2020,Aug,31,UTTAR PRADESH,3147,GONDA,3015100,181.060791690448,35,96,4442.061573058,6389,169,16527,2896233,527789,52325,7587,492,390.466,10076.469972058,80460,85095,191653,236043,155,340042,407574,22916,5243.942399,1091535,64,64.83,60.78,116.76,NA
2019-2020,Aug,31,UTTAR PRADESH,3153,BASTI,3815504,178.006735926404,28,102,2041.070864176,4612,25,16747,2506218,594194,95963,1213,170,168.62917,6670.936891176,88119,102450,245825,372106,99,380572,552516,21359,4461.236857,1115882,43,73.95,70.17,101.49,NA
2019-2020,Aug,31,UTTAR PRADESH,3155,DEORIA,1979778,165.256411665579,29,44,1235.129087406,3076,21,7983,1317380,391904,47184,43507,4600,105.19924,3517.383243406,45201,47213,127383,160116,37,247706,301070,11059,2177.054916,463581,44,72.6,73.32,100.14,NA
2019-2020,Aug,31,UTTAR PRADESH,3157,AZAMGARH,3567831,177.291361831972,27,89,1480.071743522,7415,58,11928,2918385,1100521,123838,3673,488,198.15711,6852.273363522,105504,111217,247437,310918,31,504704,607817,19343,5174.04451,1231407,66,68.15,74.5,102.74,NA
2019-2020,Aug,31,UTTAR PRADESH,3158,JAUNPUR,2669918,165.301135873854,35,120,2718.137579815,8062,19,14746,3016180,1106444,100598,13634,1530,205.4404,7909.357779815,84516,89402,193775,244129,271,432242,526828,22808,4985.7798,1340049,51,71.9,71.94,103.12,NA
2019-2020,Aug,31,UTTAR PRADESH,3161,VARANASI,688438,166.992803445744,24,59,162.039766214,3544,7,7558,651006,225902,54003,3020,514,48.16306,1297.335996214,26684,33348,70369,133032,31,159176,256836,11102,1087.13317,317952,62,48.57,43.2,105.49,NA
2019-2020,Aug,31,UTTAR PRADESH,3162,MIRZAPUR,1867821,168.186915273372,32,62,898.604359502,4292,1,16477,1548309,634905,114525,15333,2535,111.72258,3614.380085502,47479,62695,127051,237139,81,309618,517060,20769,2604.053146,685976,69,66.35,55.52,101.01,NA
2019-2020,Aug,31,UTTAR PRADESH,3167,AMROHA,1197612,171.668051161192,25,82,729.04627852,2738,6,2286,1233904,337836,52219,236,35,80.06699,2927.33221852,48414,62054,102616,176707,130,154551,249869,5024,2118.21895,309282,9,82.7,84.66,100.54,NA
2019-2020,Aug,31,UTTAR PRADESH,3174,SANT KABEER NAGAR,2493120,177.673390412733,34,37,1317.124565117,5792,6,7665,2470944,797439,92172,4043,515,186.75198,5894.086525117,70726,83674,153921,263080,185,287147,449053,13457,4390.20998,1093248,60,70.18,73.11,100.59,NA
2019-2020,Aug,31,UTTAR PRADESH,3180,KASHGANJ,892859,172.594921600102,30,94,788.956223633,2005,1,2154,940690,198028,23392,1105,64,81.15875,2493.698141633,30544,36111,58917,107868,118,132439,209023,4159,1623.583168,241938,19,65.97,90.32,101.15,NA
2019-2020,Aug,31,UTTAR PRADESH,3181,AMETHI,1674084,171.856709762145,30,52,1215.795264498,7829,5,17108,1197032,314383,55900,4948,792,112.26724,3385.242314498,39148,46016,113584,190578,46,238279,362561,24937,2057.17981,414947,73,67.24,43.29,110.43,NA
2019-2020,June,31,UTTAR PRADESH,3110,MORADABAD,593471,129.268939693022,23,100,102.157512628,2284,85,3080,835890,198258,33494,240,34,24.538,1207.241652628,35285,42581,87864,140199,8,162716,239325,5364,1080.54614,258964,35,85.88,78.58,101.86,NA
2019-2020,June,31,UTTAR PRADESH,3111,RAMPUR,513053,135.778236074847,21,45,11.897,722,27,4496,713511,160308,26925,673,151,7.9803,988.66995,33917,36507,82734,114812,1,165063,216516,5218,968.79265,122477,27,50.13,53.33,149.85,NA
2019-2020,June,31,UTTAR PRADESH,3118,ALIGARH,675747,141.948230706828,16,63,23.6726244,569,79,3490,528827,170580,44921,517,171,28.94475,803.2779444,31807,34772,103493,145896,0,199368,268781,4059,750.66057,129439,20,82.15,86.06,103.35,NA
2019-2020,June,31,UTTAR PRADESH,3120,AGRA,680441,133.467021703987,21,67,6.272,760,25,2532,729313,241111,37990,5618,876,9.70151,989.36585,33973,39939,75815,112065,0,162042,220319,3292,973.39234,219781,34,85.93,86.21,100.04,NA
2019-2020,June,31,UTTAR PRADESH,3124,BUDAUN,1182633,159.23624177185,22,104,27.1758152,3757,54,9557,683173,110484,42003,639,101,32.58982,1147.6246452,30664,33115,129311,181679,7,261675,347794,13314,1087.85901,150684,56,71.11,51.66,106.97,NA
2019-2020,June,31,UTTAR PRADESH,3125,BAREILLY,821973,128.522670789936,18,113,9.99492,1778,30,7943,602758,149003,58022,24,55,15.5532,800.2288,33027,37402,130749,216175,11,268574,398249,9721,774.68068,103639,38,75.79,76.27,103.17,NA
2019-2020,June,31,UTTAR PRADESH,3129,SITAPUR,2594930,156.794436016975,21,213,123.169884049,14615,6,25810,1582787,550362,298347,2120,844,80.12366,2685.015494049,73177,93268,338279,673891,4,643893,1126976,40425,2481.72195,458333,72,72.69,36.35,106.83,NA
2019-2020,June,31,UTTAR PRADESH,3134,FARRUKHABAD,409626,169.848452964323,22,26,6.048,1663,3,7037,507519,58048,14121,435,62,22.10268,890.16385,22760,25682,65864,90279,5,155140,198288,8700,862.01317,129955,59,91.96,64.29,100.87,NA
2019-2020,June,31,UTTAR PRADESH,3136,KANPUR DEHAT,605593,149.266469337508,21,78,17.033445,1416,7,8530,333453,106383,53391,2022,846,6.01465,520.781615,15339,17283,72810,128581,0,219979,335901,9946,497.73352,100623,64,48.96,27.68,114.63,NA
2019-2020,June,31,UTTAR PRADESH,3139,JHANSI,1077819,168.308757726093,35,111,25.7356165,1809,10,8198,1075576,360008,76972,13365,1738,109.65796,1945.6821805,30723,43081,102463,210690,232,191360,377821,10007,1810.288604,413386,43,79.95,72.23,103.56,NA
2019-2020,June,31,UTTAR PRADESH,3143,FATEHPUR,1230427,143.427924833078,29,102,12.208,5684,20,14093,1094524,392036,93982,91,20,44.772,1626.83306,37013,41442,142212,209521,45,276094,381183,19777,1569.85306,450130,73,73.27,50.03,102.25,NA
2019-2020,June,31,UTTAR PRADESH,3146,BAHRAICH,1773248,160.848958465837,30,144,473.394767272,9480,3,15865,2507791,387742,69382,9662,3012,93.132,4600.282471272,81505,99991,222331,358009,80,463434,665420,25345,4033.755704,895281,86,68.06,52.93,101.01,NA
2019-2020,June,31,UTTAR PRADESH,3147,GONDA,1593744,156.969840871155,33,87,1511.250436418,3732,226,17465,2392778,433030,52350,6275,492,78.656,5345.846255418,71149,75110,191354,235763,18,338749,406268,21197,3755.939819,910799,64,67,61.29,117.35,NA
2019-2020,June,31,UTTAR PRADESH,3148,BARABANKI,1252012,165.156439893589,27,49,230.282635458,4101,16,7767,1130337,458330,121728,656,146,61.48836,2158.595343458,41192,47794,177724,293998,39,455779,656199,11868,1866.824348,328647,52,66.9,67.93,100,NA
2019-2020,June,31,UTTAR PRADESH,3153,BASTI,2016827,139.361000718231,25,80,22.124003028,1958,110,17749,1968726,462875,95974,953,170,98.71591,2864.476168028,75903,87963,245371,371680,39,379724,551611,19707,2743.636255,883200,42,79.76,73.55,100.43,NA
2019-2020,June,31,UTTAR PRADESH,3155,DEORIA,1046486,138.119467164066,22,33,51.441869205,2009,105,7266,685164,200753,47137,22066,4594,19.28225,1017.068985205,30250,31536,126685,159317,3,246374,299583,9275,946.344866,248367,41,63.49,62.67,99.99,NA
2019-2020,June,31,UTTAR PRADESH,3161,VARANASI,363900,152.469070757186,19,32,17.1382,1676,68,7317,351512,113655,53588,2123,517,18.09271,571.17799,17973,21982,69890,132379,2,158433,255844,8993,535.94708,173225,60,59.29,36.89,103.11,NA
2019-2020,June,31,UTTAR PRADESH,3162,MIRZAPUR,987307,146.123574923812,26,41,19.59626,2899,5,14201,853814,351932,114112,7753,2491,13.78888,1281.00868,31745,41472,125961,235686,28,307641,514316,17100,1247.62354,384829,70,76.27,52.4,100.33,NA
2019-2020,June,31,UTTAR PRADESH,3165,BAGHPAT,25040,135.201097804391,15,2,0.112,40,86,612,12024,3537,2999,0,6,0.112,16.48058,779,877,6059,8933,1,32415,44862,652,16.25658,3557,5,20.27,65.3,110.85,NA
2019-2020,June,31,UTTAR PRADESH,3169,AURAIYA,382680,155.11524696245,21,18,11.424,1134,22,7735,305674,112784,47037,1277,427,19.326,504.89698,14422,15903,65220,97592,2,133642,187183,8869,474.14698,104562,77,76.17,35.3,112.34,NA
2019-2020,June,31,UTTAR PRADESH,3171,CHANDAULI,882962,133.806112635811,25,90,15.568,2235,30,10102,796514,247074,74453,2792,1031,12.1744,1093.52682,31049,42341,97796,210809,3,239323,450620,12337,1065.78442,282626,60,64.02,49.2,101.69,NA
2019-2020,June,31,UTTAR PRADESH,3180,KASHGANJ,471954,142.080872485397,23,90,3.472,1094,2,2187,616996,132661,23402,889,64,21.9664,902.0717,26209,30681,58780,107764,16,132106,208693,3281,876.6333,160389,18,67.85,89.71,100.56,NA
2019-2020,April,31,UTTAR PRADESH,3114,MUZAFFARNAGAR,48712,114.296160288623,8,0,0,100,355,929,15522,3728,10382,35,75,0,17.74105,1821,1865,27926,34327,0,82901,102323,1029,17.74105,4270,2,16.71,25.75,102.98,NA
2019-2020,April,31,UTTAR PRADESH,3139,JHANSI,282428,92.6593154612327,21,75,0,584,86,8859,350192,117147,77046,5213,1738,0,324.48551,16305,22336,102120,210411,0,190591,376940,9443,324.48551,135202,44,80.53,64.19,107.61,NA
2019-2020,April,31,UTTAR PRADESH,3140,LALITPUR,287991,136.20143173092,19,17,0,906,25,4295,299777,60985,56458,18098,17193,0,408.300566,15447,20189,112502,223364,0,178060,335106,5201,408.300566,112949,55,61.41,50.49,100.02,NA
2019-2020,April,31,UTTAR PRADESH,3154,GORAKHPUR,355174,194.581209428086,13,13,0,867,395,9737,175306,38874,66758,329,722,0,341.112535,13268,14735,160673,230284,0,380217,503031,10604,341.112535,70157,61,66.52,43.69,114.78,NA
2019-2020,April,31,UTTAR PRADESH,3157,AZAMGARH,494177,135.521573328399,15,42,0.002242,1690,790,13377,497188,171064,122923,303,445,0,673.799242,32325,33910,244821,308182,0,494654,597120,15067,673.797,209547,73,59.77,53.85,103.24,NA
2019-2020,April,31,UTTAR PRADESH,3161,VARANASI,95355,131.249814962033,17,7,0,645,239,7615,109437,29583,53385,1182,517,0,143.63586,6361,7939,69457,131794,0,157709,254893,8260,143.63586,52448,63,78.12,15.71,102.81,NA
2019-2020,April,31,UTTAR PRADESH,3183,SHAMLI,23750,209.614123957092,12,0,0,40,194,1157,6712,470,2396,0,13,0,14.0693,528,542,17673,21088,0,38108,44944,1197,14.0693,1558,12,15.49,42.99,100,NA
2019-2020,Feb,31,UTTAR PRADESH,3111,RAMPUR,1785332,181.213291147943,44,62,1255.600809588,3904,1,5440,2399883,524138,27266,3445,153,232.7921,5837.299877588,53585,59186,84038,116121,635,167724,219288,9344,4348.906968,434437,31,49.94,56.29,124.74,NA
2019-2020,Feb,31,UTTAR PRADESH,3118,ALIGARH,2351479,179.686056553526,37,104,492.939040448,2073,14,4154,2322826,742719,45376,2976,173,172.72129,4839.454770448,62306,69432,105340,147978,304,202284,272046,6227,4173.79444,562622,21,72.08,82.33,103.75,NA
2019-2020,Feb,31,UTTAR PRADESH,3134,FARRUKHABAD,1425425,184.731155624801,39,48,217.732028131,5999,0,6426,1532712,176592,14225,1076,63,84.99219,3134.120808131,38434,43246,67072,91218,21,158708,201776,12425,2831.39659,361758,56,88,74.84,101.62,NA
2019-2020,Feb,31,UTTAR PRADESH,3144,PRATAPGARH,5229620,174.349380574855,44,65,1372.447419739,17800,10,10062,5170762,2411684,130820,5186,384,386.29145,10773.930387739,115811,136826,207269,280248,1946,406365,538797,27862,9015.191518,2227858,80,55.99,52.07,110.49,NA
2019-2020,Feb,31,UTTAR PRADESH,3146,BAHRAICH,6170590,180.328737364624,49,197,2390.285424965,24960,0,10874,6378619,980101,69060,38145,3009,634.09592,14526.864448965,130080,162738,222989,357604,2357,480463,683060,35834,11502.483104,2168390,87,63.78,50.59,101.07,NA
2019-2020,Feb,31,UTTAR PRADESH,3151,SIDDHARTH NAGAR,9081042,181.592629746859,46,107,4309.229022871,7437,0,9821,8043740,1673744,77084,9709,345,663.18461,19579.252628871,173948,195009,257393,344606,1188,380591,492521,17258,14606.838996,3962193,30,55.44,59.78,103.46,NA
2019-2020,Feb,31,UTTAR PRADESH,3153,BASTI,7018202,172.019070457984,49,161,2276.310977397,11638,11,17406,7589587,1756107,95969,3497,170,454.34276,15786.190746397,153066,181303,247967,373940,3269,385906,558127,29044,13055.537009,3342796,39,70.02,64.26,101.26,NA
2019-2020,Feb,31,UTTAR PRADESH,3158,JAUNPUR,4911023,174.328036990774,50,192,3282.388731838,14608,4,19099,6282864,2397869,101554,34131,1527,549.44615,14784.628359838,125147,132547,196301,246659,3076,449008,544045,33707,10952.793478,2804452,50,69.44,65.38,101.73,NA
2019-2020,Feb,31,UTTAR PRADESH,3160,GHAZIPUR,4443031,172.44021335314,42,105,703.438110367999,6009,1,12627,4232982,1067592,74864,28455,1547,260.51989,8263.321192368,100697,118373,164838,265140,1646,366739,553007,18636,7299.363192,1543348,55,63.76,56.52,111.3,NA
2019-2020,Feb,31,UTTAR PRADESH,3178,AMBEDKAR NAGAR,3198355,177.660246857288,44,45,1405.777764782,5449,2,4571,2982695,1062284,91537,7144,510,248.6658,6953.506864782,66790,78903,116855,204215,1057,261802,409834,10020,5299.0633,1182082,67,80.95,68.37,100.19,NA
2019-2020,March,31,UTTAR PRADESH,3111,RAMPUR,1885000,184.174561032398,45,62,1646.76188161599,5202,1,4387,2441695,535063,27222,3463,153,287.63765,6431.38057961599,53945,59599,83942,115903,706,167754,219138,9589,4496.981048,442208,31,48.23,54.55,124.25,NA
2019-2020,March,31,UTTAR PRADESH,3124,BUDAUN,4345098,187.065297175657,47,374,954.960129558,9945,2,8511,3964709,761797,42401,3432,110,406.9299,8778.484702558,84016,93087,133806,186238,1984,267803,353997,18456,7416.594673,752297,51,73.73,70.25,105.96,NA
2019-2020,March,31,UTTAR PRADESH,3130,HARDOI,8827233,184.098650867294,52,227,2333.419344703,16425,2,12099,7976013,2852351,138767,7390,366,778.19799,17795.349660703,151325,165730,252137,350941,3263,592021,758647,28524,14683.732326,1717835,59,67.05,66.49,108.21,NA
2019-2020,March,31,UTTAR PRADESH,3141,HAMIRPUR,3006000,184.896216828797,53,85,2311.401029704,6632,0,8397,3053100,670614,49382,1156,77,249.62464,8206.092065704,56776,83999,91313,180706,2781,171078,324741,15029,5645.066396,1190698,53,63.72,69.25,106.79,NA
2019-2020,Oct,31,UTTAR PRADESH,3183,SHAMLI,227253,182.13652797499,31,7,102.233030699,569,1,1113,251421,22347,2451,81,13,6.69344,566.855950699,8064,8653,18573,22111,69,39612,46621,1682,457.92948,71007,13,55.67,80.92,105.66,NA
2019-2020,Dec,31,UTTAR PRADESH,3118,ALIGARH,1905649,174.279932648343,33,100,478.636730448,1874,14,3810,1934919,612206,45287,2467,173,138.36432,3989.176580448,57367,63698,104949,147555,141,201352,271028,5684,3372.17553,473228,21,74.85,87.57,104.24,NA
2019-2020,Dec,31,UTTAR PRADESH,3123,MAINPURI,1956512,172.329160623388,39,104,253.039809316,5146,8,4893,1834683,554030,42748,1830,153,118.70734,3533.440963316,46152,54902,88844,132754,513,164342,231601,10039,3161.693814,503047,59,70.19,69.51,103.33,NA
2019-2020,Dec,31,UTTAR PRADESH,3125,BAREILLY,2318015,172.474937393755,32,209,469.389221265,10249,0,10435,2312469,586649,57077,630,55,91.47885,4549.297531265,71793,84747,130290,214729,613,262797,390473,20684,3988.42946,370958,51,74.65,79.13,102.69,NA
2019-2020,Dec,31,UTTAR PRADESH,3128,KHERI,4439263,175.144225587472,38,436,1074.837845175,14974,0,18531,5060281,1687898,152335,52637,6169,306.65488,10244.282695175,131391,161788,246196,407766,951,539213,779306,33505,8862.78997,1261044,71,80.74,67.4,100.45,NA
2019-2020,Dec,31,UTTAR PRADESH,3129,SITAPUR,7317867,172.112139640197,40,503,2703.14183119,29965,1,32586,6906951,2530480,299870,8561,849,526.54203,15117.38501119,170523,225393,344170,681308,1247,654415,1140329,62551,11887.70115,1936103,74,67.82,47.82,104.63,NA
2019-2020,Dec,31,UTTAR PRADESH,3131,UNNAO,3374538,177.125992281732,43,137,1101.881317401,7787,1,13179,3200200,1024094,78591,8336,522,284.51787,7054.785192401,74347,83459,145990,213167,1272,379473,496505,20966,5668.386005,861725,68,78.95,68.97,100.26,NA
2019-2020,Dec,31,UTTAR PRADESH,3133,RAE BARELI,3673338,171.989465260367,41,162,1613.173362232,13688,0,13887,3494467,1121158,110566,7464,791,313.7554,7937.043869232,85018,102363,174240,317861,2200,321510,528314,27575,6010.115107,1269461,49,50.89,52.51,100.07,NA
2019-2020,Dec,31,UTTAR PRADESH,3138,JALAUN,3434808,178.384344671726,44,277,1796.741490859,6043,0,10683,3157120,1016060,104624,2512,383,159.92356,7588.472873359,71665,105407,131971,293182,463,216206,445242,16726,5631.8078225,1140746,51,73.17,66.05,104.87,NA
2019-2020,Dec,31,UTTAR PRADESH,3139,JHANSI,3039517,180.737281478403,54,167,1444.442427499,4818,0,8431,2718610,868573,77010,29148,1723,312.72438,6670.708615499,49600,71366,102680,210794,2926,193112,380408,13249,4913.541808,1013251,46,72.52,57.19,101.96,NA
2019-2020,Dec,31,UTTAR PRADESH,3148,BARABANKI,3530752,168.360577657836,42,97,2083.011415108,7389,0,11146,3785909,1492229,122014,1849,146,320.85936,8777.849037108,89312,106879,178417,294781,1415,456826,657435,18535,6373.978262,1048325,55,55.53,59.76,100,NA
2019-2020,Dec,31,UTTAR PRADESH,3152,MAHARAJGANJ,5296128,172.599573026053,39,602,1669.065626605,10709,0,8654,5478086,1362841,102025,26216,2573,343.99864,11468.217312605,137093,172391,220810,397557,901,347227,581067,19363,9455.153046,2148482,68,74.11,68.5,101.82,NA
2019-2020,Dec,31,UTTAR PRADESH,3154,GORAKHPUR,3822423,174.211255972075,39,100,1030.035572498,6980,2,8855,3440387,881791,67504,8693,731,252.35466,7275.931635498,87777,96694,163629,233458,534,389199,512715,15835,5993.541403,1334889,55,61.83,64.01,106.01,NA
2019-2020,Dec,31,UTTAR PRADESH,3160,GHAZIPUR,3600651,163.364561532286,36,93,693.358110367999,4429,1,12479,3386783,840682,74873,21529,1542,186.2059,6412.367208368,92098,107911,164795,265100,844,359390,544817,16908,5532.803198,1228961,55,62.52,58.91,112.45,NA
2019-2020,Dec,31,UTTAR PRADESH,3163,SONBHADRA,3146975,178.622380941304,37,184,1537.395890515,9617,2,14055,3095091,852495,123296,915440,123673,191.78029,7257.701417015,82393,118030,158542,388340,944,348567,767179,23672,5528.5252365,1435114,74,83.27,64.8,100.39,NA
2019-2020,Dec,31,UTTAR PRADESH,3168,KANNAUJ,1387739,180.166376668903,35,125,216.02309347,7185,0,11254,1476793,475539,50901,657,59,123.64244,3000.34997247,42012,48027,82740,126813,182,150845,212693,18439,2660.684439,318621,59,74.4,59.62,105.3,NA
2019-2020,Dec,31,UTTAR PRADESH,3172,KUSHI NAGAR,4125607,178.208494091759,41,266,1966.299686566,10127,1,20234,4544500,1316191,98307,6462,444,353.56955,10418.554250566,110610,131163,193895,307498,708,413237,590995,30361,8098.685014,1561779,43,77.52,70.44,105.67,NA
2019-2020,Dec,31,UTTAR PRADESH,3180,KASHGANJ,1330940,177.264258391841,41,111,861.770333178,2897,0,3121,1550792,316478,23356,1552,64,126.22075,3736.991021178,37260,45119,59180,107972,991,132867,209297,6018,2748.999938,398994,25,70.51,87.32,100.93,NA
2019-2020,Nov,31,UTTAR PRADESH,3116,GHAZIABAD,0,161.318181818182,5,0,0,4,161,8,88,44,25,0,0,0,0.14196,15,15,77,199,0,17650,25904,12,0.14196,42,41,84.99,16.82,100,NA
2019-2020,Nov,31,UTTAR PRADESH,3117,BULANDSHAHR,150972,175.829529876998,18,16,39.13456598,841,29,2803,215199,51660,9301,0,0,10.4555,427.97345598,11344,12619,26446,36696,15,110624,143181,3644,378.38339,55913,13,84.16,88.03,103.34,NA
2019-2020,Nov,31,UTTAR PRADESH,3125,BAREILLY,2279681,167.494851665789,29,186,469.389221265,8218,3,11802,1945775,497981,57531,422,55,91.47885,3819.941021265,65691,76855,130778,215681,355,266405,395060,20020,3259.07295,309866,52,73.7,78.32,102.68,NA
2019-2020,Nov,31,UTTAR PRADESH,3141,HAMIRPUR,2269113,173.738835295626,45,77,1610.097240879,4426,0,9566,2121328,477196,49544,769,76,130.37829,5426.046090879,46764,68537,90605,180278,1146,169701,323530,13992,3685.57056,837448,52,64.2,72.96,108.64,NA
2019-2020,Nov,31,UTTAR PRADESH,3149,AYODHYA,2874722,174.370615996338,38,105,1705.46667915,8337,0,9389,2308991,808634,84083,3691,377,221.624,5953.29250915,60762,69494,127149,208300,498,237925,359544,17726,4026.20183,914288,54,73.69,67.6,105.59,NA
2019-2020,Nov,31,UTTAR PRADESH,3150,SULTANPUR,2934886,173.475982721367,42,79,1552.903818902,11388,2,17994,2856939,657614,60260,6321,439,229.08819,6738.095014902,66945,74064,145142,208240,400,319100,426295,29382,4956.103006,1137537,73,67.87,49.45,100.2,NA
2019-2020,Nov,31,UTTAR PRADESH,3151,SIDDHARTH NAGAR,7237609,173.287844502072,34,93,4266.902182871,5845,2,9174,5005340,1061725,77080,5868,345,469.31061,13409.858588871,145470,162590,256656,343891,202,377090,488926,15019,8673.64579599999,2453577,31,50.33,56.6,105.49,NA
2019-2020,Nov,31,UTTAR PRADESH,3155,DEORIA,2902351,168.526535487005,38,58,1320.109521571,4757,1,7787,2340251,685603,47366,73711,4628,223.38884,5487.442293571,61301,64337,128404,161200,261,249162,302620,12544,3943.943932,818706,44,77.99,79.16,100.06,NA
2019-2020,Nov,31,UTTAR PRADESH,3158,JAUNPUR,3914095,170.241888464334,42,179,3262.564731838,11844,5,16719,4511920,1667571,101335,23373,1529,404.05105,11347.793595838,105516,111540,195534,245907,1138,440258,535030,28563,7681.177814,2006836,52,70.08,69.57,102.33,NA
2019-2020,Nov,31,UTTAR PRADESH,3161,VARANASI,1009249,173.860056934212,29,72,203.424885814,4473,1,9212,953908,344657,54155,4091,522,86.52907,1948.418947714,32178,40747,70627,133348,109,159735,257531,13685,1658.4649919,467025,64,47.31,37.03,104.23,NA
2019-2020,Nov,31,UTTAR PRADESH,3164,GAUTAM BUDDHA NAGAR,7549,184.089448842875,22,0,0,260,85,69,13136,4117,533,432,19,0.262,24.44399,578,655,1234,1637,0,16280,18793,329,24.18199,2570,41,20.71,83.75,99.58,NA
2019-2020,Nov,31,UTTAR PRADESH,3175,BALRAMPUR,3134184,170.124495608988,44,79,581.076138222,1733,0,5946,2694140,505776,30318,42826,2909,207.45369,5371.921914222,60458,67941,107184,155263,973,190533,261409,7679,4583.392086,815533,36,76.1,82.57,101.87,NA
2019-2020,Nov,31,UTTAR PRADESH,3182,HAPUR,94358,179.749868275019,25,12,10.54143712,349,1,319,89201,42819,3695,7,5,2.22056,173.10067712,3554,3900,8372,9602,5,13165,15110,668,160.33868,31578,43,48.65,69.08,99.99,NA
2019-2020,July,31,UTTAR PRADESH,3110,MORADABAD,855581,163.889259179858,28,111,102.157512628,2823,69,3336,1138144,271804,33517,454,34,24.538,1991.991282628,40082,48648,88044,140384,103,162983,239593,6159,1865.29577,349117,36,88.08,83.27,102.14,NA
2019-2020,July,31,UTTAR PRADESH,3112,SAHARANPUR,446141,178.094572560861,17,78,41.27102653,961,12,4440,529900,231290,58004,1272,224,7.802,992.79616653,29514,34381,76469,118441,21,122561,178903,5401,943.72314,185324,9,68.79,94.29,107.05,NA
2019-2020,July,31,UTTAR PRADESH,3133,RAE BARELI,1877861,163.793137648233,27,118,139.6031034,8073,0,13986,1545374,480783,110371,3410,790,70.346,2741.1656664,55559,64876,173501,317478,112,318393,525165,22059,2531.216563,600654,52,48.84,48.72,100.07,NA
2019-2020,July,31,UTTAR PRADESH,3136,KANPUR DEHAT,873056,157.747558766125,24,109,17.033445,2318,2,8079,514412,176324,53420,3305,846,6.01465,834.520467,20917,23868,73019,128791,3,220301,336236,10397,811.472372,143939,63,49.41,37.53,111.16,NA
2019-2020,July,31,UTTAR PRADESH,3138,JALAUN,1755921,160.74968315467,29,187,45.309764623,3219,2,11528,1549652,512259,104563,1092,386,21.26274,2557.633184623,51818,73884,131240,292585,24,213998,442502,14747,2491.06068,574075,51,82.7,76.2,104.43,NA
2019-2020,July,31,UTTAR PRADESH,3147,GONDA,2297630,176.271596421788,35,91,1511.250436418,5450,185,16539,2700790,493362,52335,6863,492,78.656,6350.632085418,76719,81104,191648,236086,100,339746,407315,21989,4760.725649,1020586,64,67.4,62.88,117.95,NA
2019-2020,July,31,UTTAR PRADESH,3152,MAHARAJGANJ,2707454,187.977827430813,24,368,12.48834115,7176,4,7308,2151821,537609,101880,11618,2572,51.10018,4108.53488715,86510,105767,218436,395039,25,342171,575165,14484,4044.946366,867712,70,76.34,69.68,101.11,NA
2019-2020,July,31,UTTAR PRADESH,3157,AZAMGARH,2718833,176.3769536963,26,82,108.733651711,5895,80,11768,2540121,949707,123707,2426,456,40.404,4629.325691711,96001,101047,246977,310435,20,503045,606028,17663,4480.18804,1080141,67,71.07,76.77,102.77,NA
2019-2020,July,31,UTTAR PRADESH,3160,GHAZIPUR,1840703,140.692961855267,22,61,4.89015,2437,7,7943,1482223,369529,74531,8861,1520,6.4485,2096.72209,64472,74398,163588,263815,5,355385,540312,10380,2085.38344,549860,51,62.88,71.47,116.9,NA
2019-2020,July,31,UTTAR PRADESH,3161,VARANASI,524618,156.58005461878,21,52,17.1382,2814,34,7394,503856,173101,53715,2500,517,18.09271,824.16891,23114,28594,70091,132664,8,158761,256290,10208,788.938,249737,61,52.77,42.16,107.08,NA
2019-2020,July,31,UTTAR PRADESH,3163,SONBHADRA,1608777,166.764825331707,28,113,109.5891385,4688,2,14174,1706778,475492,123024,530292,123548,42.83653,2998.731019,59313,83320,157952,387567,152,347141,765094,18862,2846.3053505,814803,72,87,75.08,100.47,NA
2019-2020,July,31,UTTAR PRADESH,3166,HATHRAS,313908,158.779456068362,18,23,2.7545,532,0,1354,265879,75899,16695,373,54,6.639,431.55473,14071,15629,36421,57073,5,75539,108936,1886,422.16123,33439,16,54.39,66.71,105.95,NA
2019-2020,July,31,UTTAR PRADESH,3179,MAHOBA,571331,148.261151810421,32,11,5.58437915,1209,1,5953,389578,86920,37099,311,171,3.25395,586.43115915,11956,18280,46623,131543,63,101904,265770,7162,577.59283,153041,65,77.95,62.6,114.34,NA
2019-2020,July,31,UTTAR PRADESH,3183,SHAMLI,130664,156.28648790511,26,5,1.008,379,5,1145,156223,12979,2426,55,13,0,245.16344,5815,6204,18310,21802,5,38996,45917,1524,244.15544,42920,13,55.85,80.57,102.35,NA
2019-2020,May,31,UTTAR PRADESH,3114,MUZAFFARNAGAR,106685,123.013557718302,14,2,0.672,175,129,1196,73980,19920,10427,168,75,4.98863,96.66606,5284,5494,28176,34582,0,83199,102625,1371,91.00543,19510,2,34.46,50.97,101.7,NA
2019-2020,May,31,UTTAR PRADESH,3117,BULANDSHAHR,31240,105.698072438654,12,3,1.904,165,695,1765,46743,10578,9206,0,0,0,51.31045,3884,4273,25973,36172,0,109832,142335,1930,49.40645,11937,11,88.22,80.42,103.2,NA
2019-2020,May,31,UTTAR PRADESH,3119,MATHURA,234300,88.6737915813334,12,6,0.224,157,419,5674,50293,15599,38849,157,255,2.5575,47.37821,3878,4997,58499,100872,0,130963,217538,5831,44.59671,17488,21,80.86,49.21,121.34,NA
2019-2020,May,31,UTTAR PRADESH,3121,FIROZABAD,316076,121.350236518448,14,17,0,477,146,1489,184975,83566,39119,238,117,0.92915,225.39675,12343,13729,70217,93401,0,145186,187232,1966,224.4676,62632,42,55.61,47.53,102.02,NA
2019-2020,May,31,UTTAR PRADESH,3122,ETAH,316212,151.307650718591,22,10,0,581,148,5426,123923,18576,30658,0,13,3.808,191.31298,5606,6581,69819,109353,0,156448,228244,6007,187.50498,37708,58,84.58,18.36,100.12,NA
2019-2020,May,31,UTTAR PRADESH,3128,KHERI,903407,167.64109202774,20,59,4.816,4680,175,14992,463871,97813,152672,3386,6148,20.9,803.35441,22914,28861,244298,406064,1,533186,772162,19672,777.63841,150468,77,90.05,17.82,100.81,NA
2019-2020,May,31,UTTAR PRADESH,3142,BANDA,716769,161.05331056227,26,10,3.248,2107,1,14209,494780,105126,78825,330,170,39.246,839.35357,18782,25534,122706,271324,5,219609,458197,16316,796.85957,233558,78,78.97,45.37,100.55,NA
2019-2020,May,31,UTTAR PRADESH,3143,FATEHPUR,706134,152.372467344207,27,88,4.704,3025,33,16000,692603,233219,93887,59,20,37.36,1097.40028,25438,28183,141951,209239,9,275543,380533,19025,1055.33628,294043,75,74.49,46.6,100.86,NA
2019-2020,May,31,UTTAR PRADESH,3163,SONBHADRA,640421,158.541787778033,21,57,6.272,3189,9,11739,573852,142841,122868,176928,123463,30.59797,946.66519,27260,36869,157428,386794,2,345927,763181,14928,909.79522,259755,71,81.53,51.23,100.41,NA
2019-2020,May,31,UTTAR PRADESH,3170,KAUSHAMBI,318805,144.3856340701,24,16,1.12,1174,28,9429,243451,97466,82023,111,80,3.70295,356.33122,9926,11277,74529,139954,0,211755,343122,10603,351.50827,101719,82,87.39,37.72,104.73,NA
2019-2020,May,31,UTTAR PRADESH,3173,SANT RAVIDAS NAGAR,238205,148.769534106715,19,11,3.059,427,97,7201,139474,50765,44107,447,390,1,211.55382,6996,8295,50758,100101,0,135773,240438,7628,207.49482,59158,57,91.18,58.45,105.12,NA
2019-2020,May,31,UTTAR PRADESH,3179,MAHOBA,227438,139.796216418756,22,6,2.016,666,14,5952,114759,23324,37078,114,171,1.7328,164.17754,5044,7225,46154,130824,0,101219,264720,6618,160.42874,44404,64,71.38,33.8,109.75,NA
2019-2020,Sep,31,UTTAR PRADESH,3111,RAMPUR,1153810,171.915502439181,30,50,1178.388072388,2780,4,3440,1246320,261390,27005,1221,151,85.7219,3406.727262388,40425,44036,83150,115220,23,165601,217028,6220,2142.61729,217222,24,48.34,56.29,149.1,NA
2019-2020,Sep,31,UTTAR PRADESH,3112,SAHARANPUR,695959,183.521115507272,20,90,227.82079643,1114,1,4653,729677,313100,58033,1783,232,42.862,1609.79416643,34829,40872,76634,118619,65,122852,179233,5767,1339.11137,246338,9,58.68,94.85,105.68,NA
2019-2020,Sep,31,UTTAR PRADESH,3118,ALIGARH,1519695,172.927981402925,26,83,448.443615266,1645,17,3183,1264715,401986,45079,1580,171,72.02022,2707.509955266,47219,52071,104060,146562,20,200119,269671,4828,2187.04612,313944,20,74.3,88.02,103.09,NA
2019-2020,Sep,31,UTTAR PRADESH,3119,MATHURA,918151,166.472537411361,33,28,166.763556955,611,29,6854,990675,330533,39152,2244,255,52.52208,1868.487446955,29149,39232,59737,102606,59,132497,219684,7465,1649.20181,343357,19,76.11,84.32,107.43,NA
2019-2020,Sep,31,UTTAR PRADESH,3123,MAINPURI,1560257,174.586664703877,31,88,235.567809316,4668,8,4598,1181991,350645,42260,1132,150,66.87444,2366.040913316,37663,44705,87339,131122,90,162383,229454,9266,2063.598664,335008,61,69.98,69.34,103.62,NA
2019-2020,Sep,31,UTTAR PRADESH,3128,KHERI,3540174,170.756055147591,29,343,693.566224761001,10973,3,16395,3111650,1047061,152692,23490,6153,163.16943,6170.066444761,105140,128535,245667,407528,88,535776,775236,27368,5313.33079,807489,73,77.37,70.64,100.33,NA
2019-2020,Sep,31,UTTAR PRADESH,3137,KANPUR NAGAR,875304,176.559101540175,32,49,229.641116591,3035,0,4444,743617,293398,44438,13490,2096,44.02962,1586.594230691,23102,27172,57349,106746,52,201751,309678,7479,1312.9234941,158487,49,53.54,64.54,108.17,NA
2019-2020,Sep,31,UTTAR PRADESH,3146,BAHRAICH,3987880,180.691899274925,36,170,2221.568038135,17289,0,16235,3722926,566081,69224,16799,3011,301.70292,9250.296656135,101155,125120,223059,358709,445,468289,670607,33524,6727.025698,1292232,88,65.06,51.25,101.22,NA
2019-2020,Sep,31,UTTAR PRADESH,3150,SULTANPUR,2379837,179.820391555016,37,72,1423.75254507,9908,2,16467,2152852,493705,60237,4488,443,147.11433,5442.13377107,56903,62955,144872,208016,91,317722,424731,26375,3871.266896,855970,74,69.45,51.64,100.15,NA
2019-2020,Sep,31,UTTAR PRADESH,3151,SIDDHARTH NAGAR,5868824,189.602566661983,29,84,4102.76654123,5407,8,7900,3714786,789843,76976,4399,313,290.65075,11436.74689323,123924,138127,255465,342695,89,374958,486778,13307,7043.32960199999,1820476,31,53.66,61.49,107.33,NA
2019-2020,Sep,31,UTTAR PRADESH,3157,AZAMGARH,4241247,178.863521491399,29,102,1480.071743522,8868,36,11763,3304066,1239174,123878,4506,487,198.15711,7587.997653522,113323,119606,247705,311175,55,506390,609607,20631,5909.7688,1381213,66,66.32,72.1,103.12,NA
2019-2020,Sep,31,UTTAR PRADESH,3159,BALLIA,2328717,176.682362820959,29,70,748.58868243,4625,4,12275,1640903,212489,34600,34759,4667,100.0082,3747.78307443,55362,61272,150894,215990,32,307415,413449,16900,2899.186192,644697,67,76.18,67.52,104.59,NA
2019-2020,Sep,31,UTTAR PRADESH,3167,AMROHA,1423657,176.519619600634,26,84,729.04627852,2916,5,2478,1354997,370483,52156,266,35,80.06699,3200.94881852,50557,64900,102693,176689,154,154658,249846,5394,2391.83555,336953,9,83.04,84.95,100.53,NA
2019-2020,Sep,31,UTTAR PRADESH,3172,KUSHI NAGAR,3290043,192.145778134192,30,229,1849.80304545,8325,4,16133,2641119,748210,98308,3616,441,222.60367,7147.20536945,86479,101440,193256,306744,117,412444,590089,24458,5074.798654,935918,44,75.54,71.14,108.62,NA
2019-2020,Sep,31,UTTAR PRADESH,3176,SHRAVASTI,1349667,184.319800433058,35,90,659.269105940999,2963,0,5600,1055285,356799,44513,7035,987,75.017,2679.385311941,29626,37068,69599,129922,216,131778,219970,8563,1945.099206,345726,51,84.23,82.15,104.63,NA
2019-2020,Sep,31,UTTAR PRADESH,3177,CHITRAKOOT,1933015,177.429970349512,38,59,577.232529935,4778,0,13566,1515658,659777,81194,69,6,80.7502,3347.214269935,39788,58689,81578,166911,469,130439,252573,18344,2689.23154,647813,65,64.36,56.92,106.01,NA
2019-2020,Sep,31,UTTAR PRADESH,3179,MAHOBA,891258,171.544111790075,37,18,231.683841639,1746,1,6130,615153,134594,37142,500,171,30.48075,1317.423341639,16553,25539,46935,132039,285,102326,266438,7876,1055.25875,233207,67,73.5,66.17,112.09,NA
2019-2020,Oct,31,UTTAR PRADESH,3110,MORADABAD,1488039,174.663041089795,32,116,722.254688487001,3954,63,3401,1460825,349648,33533,541,34,126.9519,3400.727958487,44557,54244,88279,140642,245,163397,240058,7355,2551.52137,437996,38,79.31,71.79,102.19,NA
2019-2020,Oct,31,UTTAR PRADESH,3111,RAMPUR,1286401,171.570015454743,34,55,1178.388072388,2865,3,4022,1535451,327340,27193,1481,152,85.7219,3898.483490388,44318,48524,83606,115725,101,166164,217642,6887,2634.373518,274100,23,47.49,56.07,138.35,NA
2019-2020,Oct,31,UTTAR PRADESH,3112,SAHARANPUR,775935,185.423487328955,21,93,227.82079643,1166,0,4879,792555,336737,58073,1891,232,42.862,1740.26591643,36041,42342,76716,118712,80,123032,179454,6045,1469.58312,262464,11,59.14,93.85,105.48,NA
2019-2020,Oct,31,UTTAR PRADESH,3116,GHAZIABAD,0,161.318181818182,5,0,0,4,161,8,88,44,25,0,0,0,0.14196,15,15,77,199,0,17642,25892,12,0.14196,42,41,84.99,16.82,100,NA
2019-2020,Oct,31,UTTAR PRADESH,3123,MAINPURI,1739556,179.010266449753,33,92,235.567809316,4805,8,4654,1314807,392731,42421,1257,150,66.87444,2656.081763316,39344,46696,87907,131752,143,163071,230214,9459,2353.639514,370824,61,69.78,69.21,103.46,NA
2019-2020,Oct,31,UTTAR PRADESH,3136,KANPUR DEHAT,1518431,176.91713143078,34,173,455.653138470001,3694,1,7593,1195481,438313,53625,8040,845,47.02205,2617.68588047,35085,41076,73582,129286,75,220953,336793,11287,2115.010692,301978,62,53.94,54.75,106.3,NA
2019-2020,Oct,31,UTTAR PRADESH,3144,PRATAPGARH,3768145,176.772618588724,33,50,1222.465501289,11396,19,13892,2856237,1353668,131042,2906,378,172.04225,6443.552689289,84031,99106,206012,279495,151,398439,530929,25288,5049.044938,1244267,82,52.1,42.71,116.6,NA
2019-2020,Oct,31,UTTAR PRADESH,3146,BAHRAICH,4446151,181.365134816389,39,175,2221.568038135,18709,0,15445,4098834,609443,69206,21159,3011,301.70292,9957.126768135,104842,130033,223082,358626,606,468569,670816,34154,7433.85581,1407692,88,64.15,48.62,101.23,NA
2019-2020,Oct,31,UTTAR PRADESH,3147,GONDA,3996070,181.368090276131,38,108,4442.061573058,9346,163,15912,3393721,634999,52375,8846,490,390.466,10987.654540058,88033,93239,192147,236513,261,341242,408833,25258,6155.126967,1281834,63,63.93,59.16,114.21,NA
2019-2020,Oct,31,UTTAR PRADESH,3148,BARABANKI,3139229,174.837363210765,35,75,1765.661495936,6389,0,9699,2399403,973825,121929,1202,146,186.82936,6147.543793936,68276,80720,178192,294576,520,456496,657104,16088,4195.052938,669491,54,51.22,57.3,100.01,NA
2019-2020,Oct,31,UTTAR PRADESH,3155,DEORIA,2623904,177.863478951166,35,55,1235.129087406,4633,1,7339,1910961,561558,47331,62912,4626,105.19924,4739.230043406,54257,56833,128184,160970,120,248874,302318,11972,3398.901716,666585,45,76.57,77.82,100.09,NA
2019-2020,Oct,31,UTTAR PRADESH,3156,MAU,3169939,177.330451474311,34,226,1956.048866066,5513,2,4767,2375041,652759,64059,18470,1452,152.574,6320.293794066,68026,74809,156208,213492,325,252003,331544,10280,4211.670928,1034047,52,67.65,64.09,100.67,NA
2019-2020,Oct,31,UTTAR PRADESH,3157,AZAMGARH,4728634,177.769987262656,30,103,1480.071743522,10103,22,13429,3679731,1386203,123968,6173,487,198.15711,8219.686183522,120501,127140,248238,311733,86,507165,610443,23532,6541.45733,1533604,67,64.19,68.31,103.39,NA
2019-2020,Oct,31,UTTAR PRADESH,3162,MIRZAPUR,2475521,177.698547558374,37,75,898.604359502,5858,1,16285,2145353,893419,114646,22457,2535,111.72258,4822.588060502,56824,75924,127602,237786,220,313008,521720,22143,3812.261121,945139,69,63.52,51.5,100.87,NA
2019-2020,Oct,31,UTTAR PRADESH,3163,SONBHADRA,2798008,179.297990289125,33,161,1399.925815723,7497,2,14130,2489786,685542,123245,751937,123651,107.43138,5971.493456223,73366,104306,158346,388080,504,348110,766491,21627,4464.1362605,1159666,73,83.74,68.78,100.44,NA
2019-2020,Oct,31,UTTAR PRADESH,3165,BAGHPAT,62785,173.758657094595,27,3,25.1010807,108,2,661,47360,16430,3067,0,6,1.792,109.1851807,1728,1996,6238,9148,5,32665,45161,769,82.2921,14399,7,22.04,70.64,104.19,NA
2019-2020,Oct,31,UTTAR PRADESH,3166,HATHRAS,545953,175.339026350704,26,26,288.460198705,947,0,1679,516305,157955,16895,552,54,24.87514,1218.619498705,19301,22084,36759,57526,46,76076,109637,2626,905.28416,67356,15,61.61,72.96,103.09,NA
2019-2020,Jan,31,UTTAR PRADESH,3109,BIJNOR,1927478,179.093575970747,24,205,510.51837174,4567,0,7113,2174383,926161,106495,6677,575,154.08437,4558.78301174,87094,108811,142566,236511,588,214432,333314,11680,3894.18027,604466,15,65.37,77.66,104.77,NA
2019-2020,Jan,31,UTTAR PRADESH,3116,GHAZIABAD,0,161.318181818182,5,0,0,6,161,6,88,44,25,0,0,0,0.14196,15,15,77,199,0,17650,25904,12,0.14196,42,41,84.99,16.82,100,NA
2019-2020,Jan,31,UTTAR PRADESH,3127,SHAHJAHANPUR,3239459,177.283175535197,37,224,892.556316297001,7363,0,9764,3053268,904062,80776,1107,89,215.71731,6521.204094297,82131,97715,154026,253882,766,324889,476112,17127,5412.930468,550872,68,75.72,60.78,107.82,NA
2019-2020,Jan,31,UTTAR PRADESH,3131,UNNAO,3747949,179.186235144812,45,144,1101.881317401,8688,1,12964,3534792,1130665,78582,9007,520,284.51787,7720.259892401,77870,87657,146065,213226,2291,380908,498311,21652,6333.860705,955229,67,79.33,69.38,100.25,NA
2019-2020,Jan,31,UTTAR PRADESH,3132,LUCKNOW,1358015,178.074746740753,41,64,395.214778576,3170,33,4406,1378923,884292,78188,3177,310,102.2293,2952.957718576,33313,39376,64264,115825,823,194091,298311,7576,2455.51364,351688,52,70.08,64.09,103.09,NA
2019-2020,Jan,31,UTTAR PRADESH,3135,ETAWAH,1471890,179.477957920076,41,55,179.653703711,5758,0,7236,1659984,642071,42781,3606,157,122.59703,3281.556118711,39981,44731,67285,99298,938,150724,203062,12994,2979.305385,372146,58,53.73,65.72,104.23,NA
2019-2020,Jan,31,UTTAR PRADESH,3136,KANPUR DEHAT,1896788,177.806337867294,42,204,475.195338470001,5041,1,6987,1825409,673173,53533,11505,843,122.91747,3843.80570247,43437,51139,73779,129060,503,223035,338754,12028,3245.692894,447845,61,54.67,58.42,105.17,NA
2019-2020,Jan,31,UTTAR PRADESH,3139,JHANSI,3375856,179.452950671528,57,183,1444.442427499,5103,0,8607,3048645,968832,77011,31783,1718,312.72438,7228.050215499,53295,76732,102791,210944,3718,193832,381508,13710,5470.883408,1124957,46,73.2,55.45,101.72,NA
2019-2020,Jan,31,UTTAR PRADESH,3140,LALITPUR,3442351,181.557244718626,49,115,2015.91180348,3902,0,3358,3427091,792532,56875,239034,17353,159.43064,8397.47443708,69002,97669,115205,226871,4684,182201,340712,7260,6222.1319936,1246278,55,66.27,65.96,100.09,NA
2019-2020,Jan,31,UTTAR PRADESH,3143,FATEHPUR,3853845,174.469908185061,49,163,1452.984247718,15262,0,14851,4041717,1547546,94410,433,21,308.27,8812.834186718,82282,94119,144255,211686,1635,281392,386861,30113,7051.579939,1527643,69,69.78,65.11,101.8,NA
2019-2020,Jan,31,UTTAR PRADESH,3147,GONDA,4991797,173.001759651561,46,182,4785.34956958,12894,161,15901,5218249,1033596,52755,12760,492,545.786,14358.79816258,112569,120051,194761,239263,1063,348061,416140,28795,9027.662593,1916855,60,66.19,59.26,108.9,NA
2019-2020,Jan,31,UTTAR PRADESH,3175,BALRAMPUR,3539535,173.863047393127,51,90,581.076138222,2133,0,6529,3568893,668220,30400,49888,2908,207.45369,6993.515956222,69348,78069,107846,155933,2296,192037,263024,8662,6204.986128,1087386,34,73.72,78.79,101.9,NA
2019-2020,March,31,UTTAR PRADESH,3145,PRAYAGRAJ,4532000,183.485128243471,44,171,3102.223662438,24561,0,12535,4360144,1974826,158550,1704,115,604.5097,11706.949172438,97460,120662,183370,301656,1918,395521,603150,37096,8000.21581,1657110,63,61.82,49.83,103.94,NA
2019-2020,March,31,UTTAR PRADESH,3152,MAHARAJGANJ,6900000,185.888945952451,45,668,2585.922487348,11752,0,9084,6784637,1694978,101900,31223,2572,628.93394,15826.746633348,149525,189394,221154,397462,3313,361604,599166,20836,12611.890206,2644764,66,61.3,56.5,101.86,NA
2019-2020,March,31,UTTAR PRADESH,3156,MAU,4645000,185.275719169499,48,323,3227.628800345,7221,2,4876,4464629,1237642,64264,35802,1459,462.502,11962.004288345,92623,103128,157371,214412,1849,257334,337431,12097,8271.873488,1971293,49,64.89,61.48,100.7,NA
2019-2020,March,31,UTTAR PRADESH,3160,GHAZIPUR,4691068,182.164647673124,43,107,1209.693197166,6847,1,12529,4450881,1122703,74806,29656,1547,471.33498,9788.959869166,103169,121544,164799,264962,2064,368708,555183,19376,8107.931692,1624758,54,61.94,53.8,111.04,NA
2019-2020,March,31,UTTAR PRADESH,3181,AMETHI,3251198,184.341618950175,48,81,2128.852372656,18083,1,15446,3282967,805996,55174,12087,677,414.06654,8594.793430056,67751,87945,113596,189716,1573,245815,370403,33529,6051.8745174,1100756,69,57.24,40.21,106.18,NA
2019-2020,March,31,UTTAR PRADESH,3183,SHAMLI,333000,201.690187146682,35,8,188.277028242,706,3,1035,317879,30484,2441,115,13,25.46904,854.876818242,9010,9690,18553,22092,127,39784,46840,1741,641.13075,89718,14,56.63,72.31,107.03,NA
2019-2020,April,31,UTTAR PRADESH,3111,RAMPUR,134438,418.168347430059,12,1,0,221,491,3754,12296,1577,26697,28,151,0,51.41798,979,1044,81853,113912,0,164055,215532,3975,51.41798,3680,35,8.65,2.68,245.93,NA
2019-2020,April,31,UTTAR PRADESH,3126,PILIBHIT,214685,141.821673627567,17,21,0.99225,713,311,7168,126181,18499,48942,145,497,0,179.944256,7203,8807,134229,228845,0,285878,420593,7881,178.952006,38652,66,41.57,22.1,101.46,NA
2019-2020,April,31,UTTAR PRADESH,3137,KANPUR NAGAR,101988,127.720785740876,13,11,0.00255,567,152,5601,77901,28147,44279,1048,2105,0,99.4983193,5763,6403,56520,105737,0,200318,307943,6168,99.4957693,22193,49,45.52,26.39,120.8,NA
2019-2020,April,31,UTTAR PRADESH,3147,GONDA,417619,86.8027779768096,19,42,0,800,520,18496,809474,138834,52203,1956,499,0,702.645919,41234,43357,190309,234738,0,336822,404350,19296,702.645919,317447,65,55.18,47.68,116.26,NA
2019-2020,April,31,UTTAR PRADESH,3160,GHAZIPUR,334567,131.07640845442,23,1,0.52215,519,576,7062,94767,13675,74116,755,1466,0,124.73933,4088,4730,162259,262276,0,352203,536580,7581,124.21718,38601,58,67.14,10.9,109.85,NA
2019-2020,April,31,UTTAR PRADESH,3176,SHRAVASTI,157259,191.946341069409,16,22,0,305,48,4739,111426,34927,44384,295,996,0,213.87813,6779,8004,68577,129226,0,130396,218870,5044,213.87813,39970,56,68.28,52.55,111.4,NA
2019-2020,Feb,31,UTTAR PRADESH,3114,MUZAFFARNAGAR,646887,181.076415712804,43,16,70.756533,1730,0,1963,649814,186412,10930,975,76,34.13965,1281.556083,15111,15912,30217,36668,375,86943,106392,3693,1176.6599,179257,11,67.97,81.83,102.37,NA
2019-2020,Feb,31,UTTAR PRADESH,3116,GHAZIABAD,0,161.318181818182,5,0,0,7,161,5,88,44,25,0,0,0,0.14196,15,15,77,199,0,17650,25904,12,0.14196,42,41,84.99,16.82,100,NA
2019-2020,Feb,31,UTTAR PRADESH,3131,UNNAO,4164018,178.987162814538,45,153,1118.875447401,10020,1,12331,3890144,1246301,78505,9678,520,376.65362,8458.387442401,84642,95299,146057,213123,3546,381396,498811,22351,6962.858375,1052803,67,79.63,69.66,100.23,NA
2019-2020,Feb,31,UTTAR PRADESH,3132,LUCKNOW,1508771,179.27313029609,43,66,402.472378576,3548,33,4184,1507244,966163,78213,3619,310,160.86305,3265.418928576,34703,41119,64311,115867,1041,194263,298526,7732,2702.0835,384383,51,69.34,62,103.11,NA
2019-2020,Feb,31,UTTAR PRADESH,3140,LALITPUR,3824494,178.995364727734,51,120,2030.67220348,4220,0,3169,3826882,888473,56883,266116,17348,240.3782,9120.99179708,74210,105690,115890,227615,5910,183120,341788,7389,6849.9413936,1392488,54,65.32,64.13,100.07,NA
2019-2020,Feb,31,UTTAR PRADESH,3145,PRAYAGRAJ,4292375,177.692479639548,44,168,2245.124777425,23317,0,13208,4192073,1895015,158641,1531,115,416.63775,10110.760989425,95109,117705,183415,301837,1668,389368,596009,36525,7448.998462,1594192,63,63.14,51.57,104.05,NA
2019-2020,Feb,31,UTTAR PRADESH,3147,GONDA,5545948,173.577058102911,49,188,4805.48065958,13731,161,15869,5910771,1186397,52843,13901,492,669.266,15734.48907258,119318,127399,195239,239778,1750,350435,418790,29600,10259.742413,2172598,60,66.35,59.01,107.95,NA
2019-2020,Feb,31,UTTAR PRADESH,3152,MAHARAJGANJ,6535168,179.67351000892,44,663,1683.830726605,11460,0,8942,6530425,1631564,102018,30491,2572,439.31879,13856.593332605,146825,185607,221216,398009,2564,360624,598470,20402,11733.443816,2545962,66,67.88,62.77,101.91,NA
2019-2020,Feb,31,UTTAR PRADESH,3156,MAU,4399399,175.05539148245,47,320,1983.936866066,7028,2,4853,4345827,1201348,64350,34806,1461,386.04,9977.581334066,91122,101379,157606,214802,1704,256816,336883,11881,7607.604468,1919395,49,68.57,64.89,100.68,NA
2019-2020,Feb,31,UTTAR PRADESH,3170,KAUSHAMBI,1933084,175.198876924663,45,75,670.268861126,4865,5,10320,1813369,906597,81806,645,74,151.47281,3998.743793626,40055,49814,75965,141160,705,226306,361458,15185,3177.0021225,755084,74,76.01,61.52,105.64,NA
2019-2020,Feb,31,UTTAR PRADESH,3181,AMETHI,3079294,172.403281878588,47,80,1416.376082711,16276,1,16776,3129287,772924,55379,11562,682,283.96764,7095.337210111,66009,83541,114033,190969,1393,246157,371454,33052,5394.9934874,1047392,70,60.55,41.42,105.77,NA
2019-2020,March,31,UTTAR PRADESH,3112,SAHARANPUR,1137000,188.53939039381,27,101,345.019049969,1697,0,5317,1148676,491484,58152,3112,236,126.41465,2637.140427969,42057,50048,76966,118913,325,124135,180681,7014,2165.706728,378111,14,63.96,88.14,105.96,NA
2019-2020,March,31,UTTAR PRADESH,3115,MEERUT,388000,185.161568104926,47,15,62.566686341,1355,4,390,551245,264819,12545,166,10,38.96862,1122.229192441,11562,13301,21230,27261,381,57193,70100,1745,1020.6938861,195984,23,58.67,67.89,105.8,NA
2019-2020,March,31,UTTAR PRADESH,3126,PILIBHIT,3010167,186.525730034871,36,276,2125.732207673,7857,0,11201,3160260,604003,48417,6633,498,459.95664,8480.386883673,86810,108297,137171,231225,1172,294000,429568,19058,5894.698036,617050,57,59.48,56.42,100.41,NA
2019-2020,March,31,UTTAR PRADESH,3143,FATEHPUR,4520697,184.583333447624,52,170,2134.421550364,18670,0,12317,4520653,1740021,94185,539,21,587.5,11066.293551364,86897,99756,143977,211157,2824,281589,386868,30987,8344.372001,1708503,68,68.18,64.86,101.64,NA
2019-2020,Feb,31,UTTAR PRADESH,3119,MATHURA,1420689,177.018864073835,42,31,817.530534758001,1222,13,7531,1435419,470725,39179,3426,255,119.91838,3478.411323258,34049,46002,60018,102955,278,133326,220757,8753,2540.9624085,487160,22,55.76,63.09,105.87,NA
2019-2020,Feb,31,UTTAR PRADESH,3122,ETAH,1917362,180.710653958312,47,78,603.23659969,4807,3,4242,1910764,425466,30742,365,17,126.03148,4182.22219969,39935,45975,71079,110840,712,158449,230692,9049,3452.95412,525170,47,68.24,64.74,105.15,NA
2019-2020,Feb,31,UTTAR PRADESH,3123,MAINPURI,2414242,173.982482860421,44,117,254.477709316,5755,8,4839,2296585,699981,42993,2500,153,139.77934,4389.912653316,51342,61143,89585,133568,951,165681,233175,10594,3995.655604,615948,58,69.04,66.24,103.52,NA
2019-2020,Feb,31,UTTAR PRADESH,3130,HARDOI,8360501,177.400221427056,51,222,1623.392569458,15135,2,12835,7635020,2726527,139286,7174,368,536.88784,15704.822795458,147903,161926,252713,351740,2674,592642,759651,27970,13544.542386,1639445,59,69.12,69.27,108.35,NA
2019-2020,Feb,31,UTTAR PRADESH,3135,ETAWAH,1635288,180.608089540875,43,58,181.669703711,6344,0,6967,1815171,705473,42792,3722,157,132.71888,3592.734248711,41902,46973,67348,99358,1180,151360,203763,13311,3278.345665,405360,58,55.1,64.13,103.92,NA
2019-2020,Feb,31,UTTAR PRADESH,3141,HAMIRPUR,2847061,179.422784925535,52,81,1621.409240879,5991,0,8673,2829792,624941,49544,1008,77,164.55649,6863.257344879,54114,79756,91431,181274,2105,170818,324996,14664,5077.291614,1106930,53,66.08,72.41,107.3,NA
2019-2020,Feb,31,UTTAR PRADESH,3143,FATEHPUR,4281668,176.711168950083,51,167,1474.040247718,17248,0,13448,4401300,1697593,94387,513,21,438.01,9689.638926718,86044,98683,144240,211644,2153,281765,387279,30696,7777.588679,1661324,69,69.48,65.5,101.65,NA
2019-2020,Feb,31,UTTAR PRADESH,3148,BARABANKI,4356779,175.327032806615,49,105,2121.465415108,8536,0,10984,5033558,1961866,122054,2464,146,497.87736,11444.530661108,102002,123598,178508,294842,2953,458078,658767,19520,8825.187886,1383746,54,56.09,58.92,99.99,NA
2019-2020,Feb,31,UTTAR PRADESH,3154,GORAKHPUR,4716687,179.294620101246,44,107,1041.347572498,8680,2,7594,4139037,1065732,67589,10871,729,264.69636,8727.114597498,93424,103115,164069,233865,995,393503,517708,16274,7421.070665,1601929,54,61.64,62.7,106.03,NA
2019-2020,Feb,31,UTTAR PRADESH,3159,BALLIA,3603308,174.203805570302,41,103,784.85608243,8592,1,11531,3337844,457126,34764,71384,4702,223.85495,6823.36230443,79525,88874,152292,217473,383,313871,420697,20123,5814.651272,1281578,61,75.48,63.67,104.24,NA
2019-2020,Feb,31,UTTAR PRADESH,3161,VARANASI,1266307,180.588323312136,35,82,221.181685814,6735,1,7740,1275962,473112,54155,5832,524,111.49125,2636.911317714,35857,45832,70751,133402,324,160514,258525,14475,2304.2383819,635474,62,49.11,33.28,103.27,NA
2019-2020,Feb,31,UTTAR PRADESH,3162,MIRZAPUR,3435653,178.769247022818,47,97,1032.571345612,10751,2,13668,3418417,1433314,114568,35632,2535,286.8711,7430.520776612,71784,97319,128536,239044,986,318009,528365,24419,6111.078331,1508548,68,63.8,48.74,100.73,NA
2019-2020,Feb,31,UTTAR PRADESH,3163,SONBHADRA,3883216,179.673535519799,41,207,1562.819890515,12035,1,12311,3863282,1061322,123305,1150592,123690,294.43368,8798.548927015,92667,134132,158756,388547,1795,349443,768457,24346,6941.2953565,1794026,73,81,62.2,100.34,NA
2019-2020,Feb,31,UTTAR PRADESH,3166,HATHRAS,757701,181.140386926955,32,30,303.161890705,1843,0,1376,718792,220101,16982,819,56,65.64814,1670.832640705,22095,25437,36976,57786,365,76457,110129,3219,1302.02261,92590,20,70.7,76.59,102.19,NA
2019-2020,Feb,31,UTTAR PRADESH,3168,KANNAUJ,1712403,181.083359313479,38,130,218.37509347,8859,0,10325,1734658,547826,50812,675,59,123.64244,3483.19451247,44490,51217,82734,126702,307,154746,217436,19184,3141.176979,378835,58,73.96,57.45,105.04,NA
2019-2020,Feb,31,UTTAR PRADESH,3169,AURAIYA,1331659,183.17512245496,37,45,272.173193023,7152,1,3297,1283084,537811,47017,6032,424,108.37454,2730.838421223,34560,39103,65556,97789,461,136876,190811,10449,2350.2906882,361326,72,57.58,59.28,103.74,NA
2019-2020,Feb,31,UTTAR PRADESH,3173,SANT RAVIDAS NAGAR,1444367,177.264507428754,41,30,367.301911107,2723,1,8376,1274709,553791,44271,8375,417,103.686,2730.594541107,30786,38557,51411,100245,560,138222,242818,11099,2259.60663,553968,59,78.85,65.55,102.78,NA
2019-2020,Jan,31,UTTAR PRADESH,3114,MUZAFFARNAGAR,582250,181.362620637003,41,16,69.188533,1633,0,1885,612996,174592,10901,933,75,33.27685,1214.210993,14650,15419,30100,36547,311,86662,106087,3518,1111.74561,169112,11,67.86,83.47,102.33,NA
2019-2020,Jan,31,UTTAR PRADESH,3117,BULANDSHAHR,170498,179.735569737174,19,17,39.13456598,869,23,2943,238180,56535,9250,0,2,10.4555,477.68424598,11985,13375,26309,36560,20,110613,143187,3812,428.09418,63432,13,83.29,84.75,103.04,NA
2019-2020,Jan,31,UTTAR PRADESH,3118,ALIGARH,2116519,176.828259167485,35,101,478.636730448,2048,14,3973,2169979,693601,45358,2742,173,138.36432,4454.137140448,60331,67138,105263,147900,234,202091,271837,6021,3837.13609,527341,22,73.72,85.09,104,NA
2019-2020,Jan,31,UTTAR PRADESH,3121,FIROZABAD,1725036,177.009024087936,45,68,370.940343676,2435,3,1838,1954879,845895,39869,2105,119,111.6456,3942.898183676,42630,48486,73051,96435,281,155464,198289,4273,3460.31224,665125,35,73.95,70.29,100.76,NA
2019-2020,July,31,UTTAR PRADESH,3111,RAMPUR,739645,139.789820134262,25,47,11.897,1013,19,4437,942036,208128,26945,943,151,7.9803,1336.74773,36597,39578,82919,115001,5,165340,216803,5450,1316.87043,161276,26,52.79,57.03,155.92,NA
2019-2020,July,31,UTTAR PRADESH,3117,BULANDSHAHR,78477,154.258034256097,15,13,3.96,370,87,2394,148178,36061,9241,0,0,0.27815,232.81462,9287,10223,26201,36410,2,110195,142698,2764,228.57647,36006,10,88.68,91.59,101.5,NA
2019-2020,July,31,UTTAR PRADESH,3121,FIROZABAD,794002,157.116969672015,28,56,28.8097494,825,19,1922,898609,412036,39651,973,117,7.62974,1448.3067194,31045,34529,71657,95165,9,147487,189975,2747,1411.86723,299600,33,74.97,74.28,100.93,NA
2019-2020,July,31,UTTAR PRADESH,3122,ETAH,794344,151.752094249519,25,46,63.2426631,2407,32,4609,603080,143170,30705,7,17,5.992,984.4211931,23260,26589,70259,109855,3,156959,228832,7016,915.18653,165405,53,79.81,66.17,102.78,NA
2019-2020,July,31,UTTAR PRADESH,3123,MAINPURI,1000196,147.800157389726,24,66,12.9910432,3743,14,4452,717963,208078,42068,642,150,8.8339,1082.9753872,29837,35111,86662,130343,16,161475,228417,8195,1061.150444,211881,61,77.89,68.98,104.2,NA
2019-2020,July,31,UTTAR PRADESH,3126,PILIBHIT,1181143,171.540059516716,22,151,283.884046991,3098,9,6611,1141192,209577,48883,2308,501,36.76649,2278.251972991,50890,60620,136520,231618,31,291292,427266,9709,1957.601436,223472,58,66.33,67.25,100.25,NA
2019-2020,July,31,UTTAR PRADESH,3130,HARDOI,3463670,154.976047284715,27,118,40.71815,6543,5,12760,2306369,798964,139023,2389,370,38.89965,3653.937312,84362,90687,250801,349930,6,578158,744519,19303,3574.319512,497005,64,77.99,74.79,107.22,NA
2019-2020,July,31,UTTAR PRADESH,3135,ETAWAH,677483,159.127725182793,22,26,3.248,2968,0,6912,508498,205331,42587,749,157,0.672,813.0813,22714,24996,66286,98245,3,148543,200696,9880,809.1613,117358,60,50.59,57.67,109.76,NA
2019-2020,July,31,UTTAR PRADESH,3140,LALITPUR,1584449,173.380873609884,35,77,178.896411779,2621,1,3178,1596090,372968,56588,109682,17258,47.73265,2993.943847379,45110,62244,113617,224893,634,179633,337293,5799,2767.3147856,599744,56,68.61,68.83,100.09,NA
2019-2020,July,31,UTTAR PRADESH,3149,AYODHYA,1494310,167.273808294021,27,63,35.7500703,4393,6,9288,1132599,393495,83746,1711,375,28.25,1958.5415503,40761,45512,126307,207309,42,236422,357742,13681,1894.54148,474711,53,73.3,68.54,110.41,NA
2019-2020,July,31,UTTAR PRADESH,3151,SIDDHARTH NAGAR,3762184,190.781852139351,29,81,12.1301141,4076,37,8548,3467968,734433,76916,4147,312,122.842,6751.22569609999,118489,132042,255104,342326,76,374142,485946,12624,6616.25358199999,1707996,31,61.86,70.15,107.72,NA
2019-2020,July,31,UTTAR PRADESH,3165,BAGHPAT,36099,159.210093712371,18,3,0.112,45,35,628,19101,5498,3005,0,6,0.112,30.63472,1035,1172,6080,8959,1,32452,44906,673,30.41072,5535,5,14.23,52.99,108.13,NA
2019-2020,July,31,UTTAR PRADESH,3170,KAUSHAMBI,800857,163.755764853302,27,40,4.144,1979,9,9375,539476,262354,82086,300,80,13.67695,901.244,19681,23112,75018,140495,15,215311,347831,11354,883.42305,235578,79,83.26,55.4,110.99,NA
2019-2020,July,31,UTTAR PRADESH,3174,SANT KABEER NAGAR,1899860,169.687335959682,32,37,11.088,4881,10,7258,2152291,698723,92172,3354,521,39.156,3702.40926,66055,77657,153583,262539,133,286558,448229,12139,3652.16526,956461,61,78.63,82.6,100.48,NA
2019-2020,July,31,UTTAR PRADESH,3180,KASHGANJ,680395,167.969006593038,27,91,3.472,1487,1,2104,799783,168980,23397,1066,64,21.9664,1368.82596,28772,33885,58884,107876,68,132238,208825,3591,1343.38756,205795,17,66.56,91.1,100.63,NA
2019-2020,Aug,31,UTTAR PRADESH,3109,BIJNOR,1164218,166.382984010804,16,165,483.34717174,2333,3,5633,1074413,459055,106171,3803,581,79.48267,2350.47025174,65067,79044,141462,235499,48,212238,330760,7966,1787.64041,295041,11,52.11,77.7,103.63,NA
2019-2020,Aug,31,UTTAR PRADESH,3115,MEERUT,199786,158.220895914024,38,7,17.2014682,381,12,863,318602,162007,12330,82,10,13.87801,535.174417,8245,9525,20768,26749,8,56053,68862,1244,504.0949388,111635,22,53.59,81.37,107.98,NA
2019-2020,Aug,31,UTTAR PRADESH,3116,GHAZIABAD,0,161.318181818182,5,0,0,3,161,9,88,44,25,0,0,0,0.14196,15,15,77,199,0,17642,25892,12,0.14196,42,41,84.99,16.82,100,NA
2019-2020,Aug,31,UTTAR PRADESH,3119,MATHURA,772369,157.861304234607,31,27,166.763556955,534,38,6745,840999,281213,39141,1967,255,52.52208,1546.897626955,27004,36154,59662,102512,22,132401,219558,7279,1327.61199,292286,19,85.08,93.07,108.15,NA
2019-2020,Aug,31,UTTAR PRADESH,3121,FIROZABAD,1041941,169.483689509937,33,62,301.178099509,1177,7,1950,1129917,506033,39641,1277,117,55.76188,2271.964999509,33495,37310,71776,95185,29,147975,190477,3127,1915.02502,380573,34,72.42,72.92,100.79,NA
2019-2020,Aug,31,UTTAR PRADESH,3128,KHERI,2978070,171.964621340929,27,313,693.566224761001,9933,8,15316,2613129,891183,152702,19033,6147,163.16943,5350.393044761,96198,116782,245455,407317,50,535394,774754,25249,4493.65739,675952,73,78.28,72.4,100.25,NA
2019-2020,Aug,31,UTTAR PRADESH,3136,KANPUR DEHAT,1145681,161.438237503221,27,138,455.653138470001,3068,1,7809,725607,258452,53496,4786,848,47.02205,1674.08234047,26549,30546,73245,129004,8,220480,336358,10877,1171.407152,193804,63,49.05,43.18,108.36,NA
2019-2020,Aug,31,UTTAR PRADESH,3146,BAHRAICH,3354692,178.837653786893,34,164,2221.568038135,15817,0,16257,3295063,507868,69281,14827,3011,301.70292,8416.084318135,94604,116699,222960,358640,244,467999,670322,32074,5892.81336,1164408,88,64.75,53.31,101.26,NA
2019-2020,Aug,31,UTTAR PRADESH,3159,BALLIA,1958968,168.854845329556,27,68,748.58868243,3823,9,12421,1450665,188151,34570,30930,4649,100.0082,3298.11502443,51933,57505,150602,215666,25,306655,412583,16244,2449.518142,565594,67,75.09,70.2,105,NA
2019-2020,Aug,31,UTTAR PRADESH,3168,KANNAUJ,930962,162.435833087361,24,100,168.05610447,5567,1,9999,738566,242185,50851,445,59,57.12876,1424.88069947,30066,33710,82250,126347,7,150437,212373,15566,1199.695835,157988,59,73.37,60.68,108.07,NA
2019-2020,Aug,31,UTTAR PRADESH,3169,AURAIYA,723967,171.538901490715,24,33,238.336512197,3421,3,5953,576636,237957,47053,2768,427,49.9948,1277.486372197,23251,25805,65348,97725,18,133867,187427,9374,989.15506,176182,76,59.04,50.72,108.12,NA
2019-2020,Aug,31,UTTAR PRADESH,3171,CHANDAULI,1670419,177.048654381979,32,131,887.716686650001,4202,1,10879,1407606,431253,74611,5145,1030,93.16605,3473.03021865,42789,59394,97989,210363,44,239703,450433,15081,2492.147482,489747,60,64.56,55.57,101.55,NA
2019-2020,Aug,31,UTTAR PRADESH,3178,AMBEDKAR NAGAR,1738812,169.598899381509,29,28,1357.310231382,3200,6,5300,1234942,445544,92164,2646,512,98.827,3550.585271382,41715,48330,116129,204163,63,258015,406485,8500,2094.44804,506571,70,80.63,68.17,100.11,NA
2019-2020,Aug,31,UTTAR PRADESH,3183,SHAMLI,171466,167.393362654938,28,5,102.233030699,519,1,1101,200080,17528,2430,81,13,6.69344,443.847110699,7015,7497,18425,21947,47,39247,46209,1620,334.92064,56062,13,54.84,82.87,102.01,NA
2019-2020,Oct,31,UTTAR PRADESH,3114,MUZAFFARNAGAR,466107,177.196532724764,36,15,64.820533,1099,0,1746,483319,138852,10781,818,75,15.40158,936.646623,13199,13873,29689,36128,146,85758,105279,2845,856.42451,129661,6,64.78,87.6,102.58,NA
2019-2020,Oct,31,UTTAR PRADESH,3120,AGRA,1706103,178.823691862201,36,93,224.016381225,2573,3,2096,1658323,527504,38254,12245,876,89.70922,3279.200012825,45850,55076,76730,113456,160,163449,222426,4669,2965.4744116,510020,36,84.13,87.35,100.37,NA
2019-2020,Oct,31,UTTAR PRADESH,3122,ETAH,1381534,175.928676652609,38,71,303.88462967,3608,6,4496,1316918,300175,30725,139,17,5.992,2626.71303967,34456,39482,70781,110469,107,157717,229800,8104,2316.83641,356986,49,70.76,71.41,105.47,NA
2019-2020,Oct,31,UTTAR PRADESH,3127,SHAHJAHANPUR,2593276,171.236168486108,30,175,633.192069757,5456,2,10262,2153958,648182,80773,892,89,78.28941,4399.836629757,69910,82308,153239,253340,276,321472,472714,15718,3688.35515,398140,70,79.76,64.98,107.9,NA
2019-2020,Oct,31,UTTAR PRADESH,3128,KHERI,3946996,174.871242951529,32,365,693.566224761001,11992,1,16968,3647777,1213998,152662,29143,6170,163.16943,7235.648634761,111996,137383,245892,407785,191,537937,777978,28960,6378.91298,934363,72,78.23,66.96,100.42,NA
2019-2020,Oct,31,UTTAR PRADESH,3132,LUCKNOW,1087129,180.04708359466,32,50,265.30849754,2201,34,4493,825914,528550,78049,2143,308,53.30655,1805.64911754,25794,30015,64006,115566,182,193215,297216,6694,1487.03407,218016,54,65.2,64.45,104.1,NA
2019-2020,Oct,31,UTTAR PRADESH,3134,FARRUKHABAD,1027074,183.867255665869,34,41,121.982266201,4207,0,6329,1157104,137127,14163,879,63,49.2865,2298.804136201,33821,37899,66636,90970,13,157056,200279,10536,2127.53537,269804,57,90.4,76.95,101.82,NA
2019-2020,Oct,31,UTTAR PRADESH,3140,LALITPUR,2755697,180.644699630053,41,91,1998.19045348,3155,0,3309,2315195,533998,56756,165525,17327,113.37312,6293.84062708,55340,77012,114519,226055,2040,180867,338901,6464,4182.2770536,846084,57,65.9,67.01,100.16,NA
2019-2020,Oct,31,UTTAR PRADESH,3145,PRAYAGRAJ,3092823,174.608937128668,36,141,2151.102464025,14736,0,17267,2753099,1206968,157889,887,110,189.87482,7148.134186025,76290,93496,181578,299656,393,380533,584966,32003,4807.156902,1051018,65,63.1,55.55,105.28,NA
2019-2020,Oct,31,UTTAR PRADESH,3149,AYODHYA,2598926,180.453482671283,34,91,1535.754837266,7626,0,9280,1964225,677390,84018,3216,376,108.52,5188.787257266,56441,64253,126981,208115,289,237725,359319,16906,3544.51242,787724,53,71.89,69.58,106.49,NA
2019-2020,Sep,31,UTTAR PRADESH,3109,BIJNOR,1383960,167.346232717779,18,175,483.34717174,3033,0,5728,1312259,560840,106304,4366,580,79.48267,2758.84584174,71807,87901,141865,235984,97,212893,331609,8761,2196.016,360844,11,53.87,78.33,104.05,NA
2019-2020,Sep,31,UTTAR PRADESH,3115,MEERUT,237495,171.738828390449,39,9,17.2014682,579,4,767,366419,181472,12407,82,10,13.87801,660.3631758,9276,10693,20959,26966,19,56488,69359,1346,629.2836976,128272,23,58.78,75.17,107.66,NA
2019-2020,Sep,31,UTTAR PRADESH,3116,GHAZIABAD,0,161.318181818182,5,0,0,3,161,9,88,44,25,0,0,0,0.14196,15,15,77,199,0,17642,25892,12,0.14196,42,41,84.99,16.82,100,NA
2019-2020,Sep,31,UTTAR PRADESH,3117,BULANDSHAHR,122420,175.548637243656,17,16,31.86539598,725,39,2743,192661,46224,9277,0,0,6.32615,376.40530598,10879,12072,26298,36511,6,110362,142880,3468,338.21376,48307,10,84.84,90.36,103.48,NA
2019-2020,Sep,31,UTTAR PRADESH,3122,ETAH,1239138,167.545715449812,34,68,303.88462967,3326,13,4478,1116745,258486,30721,35,17,5.992,2180.93502967,31922,36567,70702,110382,66,157577,229625,7804,1871.0584,301764,50,70.61,70.53,104.95,NA
2019-2020,Sep,31,UTTAR PRADESH,3125,BAREILLY,1848545,167.362360959512,24,152,363.527515597,5456,4,12412,1335762,345832,57830,160,55,91.47885,2690.569185597,54267,62648,131040,216305,98,267727,396969,17868,2235.56282,216068,54,76.16,81.1,102.84,NA
2019-2020,Sep,31,UTTAR PRADESH,3132,LUCKNOW,975077,178.807821511787,29,47,265.30849754,1985,34,4531,703419,449616,77989,1813,308,53.30655,1576.38323754,24254,28053,63920,115476,80,193064,297041,6516,1257.76819,186070,54,62.99,65.42,104.21,NA
2019-2020,Sep,31,UTTAR PRADESH,3134,FARRUKHABAD,921210,180.624119292246,32,40,121.982266201,3481,0,6677,1035105,123771,14145,772,63,49.2865,2040.918056201,32343,36273,66549,90909,12,156816,200062,10158,1869.64929,240333,57,90.56,75.95,101.92,NA
2019-2020,Sep,31,UTTAR PRADESH,3138,JALAUN,2739152,170.36409425138,36,241,1774.085230859,5306,1,10636,2266683,746343,104602,1495,386,89.97156,5725.670753359,62495,89787,131815,293150,120,215716,444767,15942,3861.6139625,830368,51,75.38,68.16,106.42,NA
2019-2020,Sep,31,UTTAR PRADESH,3145,PRAYAGRAJ,2774041,171.309142999461,34,136,2151.102464025,13964,0,16545,2457268,1076149,157758,844,108,189.87482,6550.502036025,72150,88135,181122,299099,275,379331,583496,30509,4209.524752,937740,65,62.98,55.65,105.77,NA
2019-2020,Sep,31,UTTAR PRADESH,3147,GONDA,3584191,181.86748482872,37,102,4442.061573058,7639,165,16097,3127620,579168,52329,8051,490,390.466,10520.651402058,84500,89416,191792,236131,186,340390,407903,23736,5688.123829,1179389,63,64.23,60.3,115.52,NA
2019-2020,Sep,31,UTTAR PRADESH,3148,BARABANKI,2815664,176.500208210743,32,69,1765.661495936,6148,0,9036,2013825,823994,121827,1062,146,186.82936,5506.896173936,62010,72961,177984,294320,288,456131,656636,15184,3554.405318,566496,55,52.06,58.45,100.02,NA
2019-2020,Sep,31,UTTAR PRADESH,3149,AYODHYA,2331051,179.091994656607,32,82,1535.754837266,6926,0,9264,1744210,599616,83911,2775,376,108.52,4768.015317266,53554,60753,126765,207861,151,237298,358806,16190,3123.74048,705198,53,70.99,71.58,106.98,NA
2019-2020,Sep,31,UTTAR PRADESH,3156,MAU,2843209,175.12214597964,32,212,1956.048866066,5173,4,4952,2125817,586334,63654,16292,1449,152.574,5831.399216066,64763,71170,154908,212133,226,250119,329534,10125,3722.77635,926942,52,66.97,63.38,100.65,NA
2019-2020,Sep,31,UTTAR PRADESH,3164,GAUTAM BUDDHA NAGAR,6121,181.588132490013,21,0,0,213,86,116,12016,3888,529,432,19,0.262,22.08163,555,622,1218,1614,0,16258,18764,329,21.81963,2299,41,17.51,83.04,99.54,NA
2019-2020,Sep,31,UTTAR PRADESH,3168,KANNAUJ,1106679,168.674913748192,28,108,168.05610447,6188,1,10410,996211,329862,50920,511,59,57.12876,1905.54290947,35119,39614,82549,126677,39,150804,212773,16598,1680.358045,209882,59,74.05,62.87,106.49,NA
2019-2020,Sep,31,UTTAR PRADESH,3170,KAUSHAMBI,1249298,167.83819323954,31,59,542.018718354,2658,5,10509,923310,460356,82036,396,78,42.22425,2133.909790354,29132,35051,75337,140820,66,218260,351360,13167,1549.666822,386203,78,74.26,60.26,108.48,NA
2019-2020,Sep,31,UTTAR PRADESH,3173,SANT RAVIDAS NAGAR,933454,176.094868132354,30,27,340.572221107,1377,1,7898,679090,274054,44214,3131,419,42.166,1578.580861107,22606,27897,51136,100404,51,136366,240993,9275,1195.84264,283157,57,76.26,71.55,102.08,NA
2019-2020,Sep,31,UTTAR PRADESH,3174,SANT KABEER NAGAR,2963689,181.179674904739,36,40,1317.124565117,6228,4,8217,2740366,883729,92159,4805,515,186.75198,6468.862755117,74915,89412,154153,263321,277,287466,449432,14445,4964.98621,1207757,59,63.65,65.74,100.6,NA
2019-2020,Sep,31,UTTAR PRADESH,3175,BALRAMPUR,2541443,173.333539264845,38,71,567.226938222,1589,0,5309,2026240,383228,30224,34078,2898,128.38676,4207.767204222,53292,59715,106542,154605,372,189634,260472,6898,3512.153506,618180,38,76.36,86.71,101.87,NA
2019-2020,Sep,31,UTTAR PRADESH,3178,AMBEDKAR NAGAR,2067008,172.162738691341,31,31,1357.310231382,3527,4,5200,1488638,529165,92141,3179,512,98.827,4019.017181382,46561,54144,116306,204314,107,258194,406629,8727,2562.87995,601054,69,79.03,67.25,100.19,NA
2019-2020,Sep,31,UTTAR PRADESH,3182,HAPUR,76513,186.155157151941,23,12,5.60988712,271,1,372,80209,38655,3686,7,5,0.672,155.59507712,3482,3816,8348,9576,2,13107,15049,643,149.31319,28162,44,47.98,69.33,99.99,NA
2019-2020,Sep,31,UTTAR PRADESH,3183,SHAMLI,203830,172.962803999418,30,7,102.233030699,552,1,1101,226933,19557,2442,81,13,6.69344,501.436150699,7473,8010,18481,22008,66,39384,46358,1653,392.50968,63805,13,55.36,82.11,103.14,NA
2019-2020,May,31,UTTAR PRADESH,3110,MORADABAD,340589,100.020270405896,16,63,1.68,2037,178,2549,348735,76980,33466,62,34,16.096,366.58169,21352,25656,87487,139765,0,162124,238677,4586,348.80569,111427,41,77.16,55.33,104.24,NA
2019-2020,May,31,UTTAR PRADESH,3125,BAREILLY,471725,132.091141726669,15,51,8.20592,1056,128,6612,245409,59383,58008,12,53,14.5712,346.94067,15476,17466,130489,215869,0,268034,397594,7668,324.16355,50263,36,63.9,57.87,100.75,NA
2019-2020,May,31,UTTAR PRADESH,3131,UNNAO,686731,154.954529824025,18,51,5.824,2505,20,7779,549624,168504,78454,1010,524,20.85,878.341285,29015,31058,144045,211231,2,375271,492106,10284,851.667285,153276,65,78.36,60.08,100.74,NA
2019-2020,May,31,UTTAR PRADESH,3132,LUCKNOW,248827,160.951337586042,17,9,1.568,893,206,2487,79322,44329,77810,136,307,3.5,132.73782,4476,5025,63465,114983,0,192303,296193,3380,127.66982,24705,51,62.59,38.85,112.3,NA
2019-2020,May,31,UTTAR PRADESH,3140,LALITPUR,630737,161.937150112316,25,35,0,1828,2,3404,665535,144284,56464,44271,17213,6.024,1083.772412,25905,34484,112728,223635,35,178398,335534,5232,1077.748412,249931,55,64.2,58.97,100.01,NA
2019-2020,May,31,UTTAR PRADESH,3141,HAMIRPUR,469538,163.313152533452,25,24,2.8,823,1,9646,440782,96792,49195,168,75,20.484,743.13898,17141,24260,87739,176613,1,166155,318979,10469,719.85498,175377,47,55.83,69.55,103.53,NA
2019-2020,May,31,UTTAR PRADESH,3147,GONDA,914639,137.610268485383,28,71,5.824,2224,316,17698,1536322,271490,52284,3777,495,72.59,2192.550829,54037,56865,190928,235313,11,338050,405535,19922,2114.136829,598386,65,66.34,57.62,111.16,NA
2019-2020,May,31,UTTAR PRADESH,3148,BARABANKI,718521,162.186042015585,23,34,13.26644,3111,122,8280,742772,295405,121733,518,146,38.504,1256.442948,31441,35979,177709,294004,5,455575,655968,11391,1204.672508,216886,53,68.72,65.41,100,NA
2019-2020,May,31,UTTAR PRADESH,3151,SIDDHARTH NAGAR,1497648,150.209470111779,24,53,8.4341141,1334,196,10335,2027220,439012,76884,3130,312,90.476,3143.9865341,81563,90809,254016,341255,1,372361,484163,11669,3045.07642,992047,32,55.21,65.27,105.31,NA
2019-2020,May,31,UTTAR PRADESH,3153,BASTI,1157442,138.473833580949,21,50,3.302,1231,161,17614,926168,211293,95964,365,170,21.356,1307.158335,43196,49833,245065,371383,0,379023,550882,18845,1282.500335,413713,43,78.29,65.54,100.52,NA
2019-2020,May,31,UTTAR PRADESH,3164,GAUTAM BUDDHA NAGAR,1562,236.94061302682,11,0,0,6,145,59,522,88,399,0,14,0,1.23683,44,50,988,1347,0,16007,18475,65,1.23683,82,12,54.25,54.25,100,NA
2019-2020,May,31,UTTAR PRADESH,3166,HATHRAS,124960,141.834600420375,16,11,1.344,449,216,1089,89444,24226,16562,158,49,2.392,130.59854,5525,6211,36125,56737,2,75108,108441,1538,126.86254,12533,15,51.66,54.47,101.69,NA
2019-2020,May,31,UTTAR PRADESH,3172,KUSHI NAGAR,839576,148.488343188524,22,142,25.0673,1365,82,19849,1061877,288298,98251,1526,441,46.23028,1648.061144,48218,54826,192306,305594,23,410848,588151,21214,1576.763564,381557,44,69.31,58.59,110.15,NA
2019-2020,May,31,UTTAR PRADESH,3181,AMETHI,507838,162.982293732818,24,28,8.96,2837,60,19056,459792,123582,56139,1885,803,17.3224,775.661948,18910,21431,112764,189554,0,234023,357903,21893,749.379548,164140,73,61.74,27.17,120.33,NA
2019-2020,April,31,UTTAR PRADESH,3119,MATHURA,106980,127.978174226608,18,0,0,37,472,5400,10538,2537,38768,52,255,0,13.48634,561,820,58194,100350,0,130606,216932,5437,13.48634,3701,22,56.83,29.29,151.97,NA
2019-2020,April,31,UTTAR PRADESH,3134,FARRUKHABAD,107337,152.732163323324,13,12,0,417,94,7508,156181,14364,14085,87,62,0,238.53862,11870,13719,64443,88933,0,152937,196117,7925,238.53862,49195,62,87.69,36.94,100.22,NA
2019-2020,April,31,UTTAR PRADESH,3138,JALAUN,319157,113.969139882485,16,30,0,886,169,12344,219377,62300,104514,242,385,0,250.02208,13273,18472,130919,292456,0,212822,441101,13230,250.02208,82346,52,71.07,48.32,107.34,NA
2019-2020,April,31,UTTAR PRADESH,3141,HAMIRPUR,214388,112.222828293343,18,15,0,500,19,9746,192130,39395,49151,52,75,0,215.61372,10486,14554,87438,176283,0,165807,318581,10246,215.61372,75264,47,59.24,58.72,106.14,NA
2019-2020,April,31,UTTAR PRADESH,3146,BAHRAICH,464655,130.554789078834,19,102,0,2919,78,20853,813100,115500,69441,3040,2906,0,1061.54099,41591,50121,219875,355299,1,458366,659740,23772,1061.54099,283854,87,64.01,30.74,101.32,NA
2019-2020,April,31,UTTAR PRADESH,3150,SULTANPUR,277291,130.813100830448,20,34,0,1693,72,17225,534531,115045,60182,1010,420,0,699.236576,26133,28892,143828,207066,1,311643,417953,18918,699.236576,222087,75,66.08,28.97,99.95,NA
2019-2020,April,31,UTTAR PRADESH,3156,MAU,331282,117.90118635231,18,48,0,991,153,7290,312639,82600,63145,3754,1422,0,368.60509,17169,18562,152993,210047,0,246704,325709,8281,368.60509,132179,57,47.82,33.82,101.57,NA
2019-2020,April,31,UTTAR PRADESH,3164,GAUTAM BUDDHA NAGAR,713,323.666666666667,7,0,0,5,152,58,42,0,399,0,14,0,0.13594,6,6,988,1347,0,16007,18475,63,0.13594,0,12,0,0,100,NA
2019-2020,April,31,UTTAR PRADESH,3174,SANT KABEER NAGAR,345320,180.817853749761,18,12,0,1103,98,8862,266297,99646,92132,423,520,0,481.51252,14171,15758,151760,259622,0,283560,443907,9965,481.51252,123401,73,70.19,42.56,100.36,NA
2019-2020,April,31,UTTAR PRADESH,3180,KASHGANJ,123669,115.537866198186,14,9,0,495,205,1577,42122,7203,23417,88,64,0,48.66686,2945,3240,58384,107412,0,131442,208034,2072,48.66686,11908,26,71.61,73.9,101.67,NA
2019-2020,April,31,UTTAR PRADESH,3182,HAPUR,8915,0,0,0,0,1,246,48,0,0,3451,0,4,0,1.624,0,0,7811,8950,0,12395,14220,49,1.624,0,4,0,0,0,NA
2019-2020,Jan,31,UTTAR PRADESH,3130,HARDOI,7525119,175.892210183722,48,212,1583.061449458,13768,2,13365,6943925,2476057,139303,6600,369,416.07744,14212.962045458,141856,155004,252649,351719,1756,586999,753878,27133,12213.823156,1488755,60,70.27,70.69,108.91,NA
2019-2020,Jan,31,UTTAR PRADESH,3137,KANPUR NAGAR,1219059,178.756415806278,40,57,257.428901237,4021,0,3984,1157616,454102,44451,21230,2094,78.18459,2404.926361637,28580,33904,57545,106907,282,202167,310108,8005,2069.3128704,241206,48,57.75,64.48,107.09,NA
2019-2020,Jan,31,UTTAR PRADESH,3144,PRATAPGARH,4707076,173.15076514434,41,65,1341.068629739,16503,10,10777,4588546,2158987,130963,4353,384,287.10545,9573.276587739,109822,128751,207339,280534,1158,404977,537479,27280,7945.102508,1982382,81,55.07,50.45,111.39,NA
2019-2020,Jan,31,UTTAR PRADESH,3146,BAHRAICH,5554025,180.910715358403,46,194,2377.069424965,23684,0,11860,5883079,900560,69113,32955,3009,445.13792,13465.327648965,125817,157125,223199,358019,1795,479378,681937,35544,10643.120304,1995460,87,66.1,51.32,101.11,NA
2019-2020,Jan,31,UTTAR PRADESH,3149,AYODHYA,3246516,175.950023367986,44,146,1705.46667915,9815,0,9334,3224497,1195239,84373,5292,377,221.624,7600.59390415,71737,82913,127823,209099,1423,239856,361982,19149,5673.503225,1276450,53,78.04,68.19,104.35,NA
2019-2020,Jan,31,UTTAR PRADESH,3150,SULTANPUR,3314461,176.44473959094,48,89,1552.903818902,15045,1,15908,3594825,832779,60189,8532,439,229.08819,8124.871618902,74546,82776,145419,208391,875,323581,431068,30953,6342.87961,1428135,71,67.94,50.39,100.21,NA
2019-2020,Jan,31,UTTAR PRADESH,3152,MAHARAJGANJ,5882174,178.874431430365,42,650,1669.065626605,11045,0,8749,6081533,1515612,102022,28653,2572,343.99864,12891.371842605,143137,180339,221136,397935,1356,358623,596031,19794,10878.307576,2377736,67,71.16,65.94,101.92,NA
2019-2020,Jan,31,UTTAR PRADESH,3154,GORAKHPUR,4245395,177.122599926038,42,106,1030.035572498,7773,2,8317,3845194,983796,67530,9741,729,252.35466,8093.097817498,90970,100299,163913,233716,758,392441,516509,16090,6810.707585,1486847,55,62.08,63.75,106.16,NA
2019-2020,Jan,31,UTTAR PRADESH,3160,GHAZIPUR,3999084,172.282125402461,39,99,693.358110367999,5343,1,12625,3842604,960846,74863,25095,1547,186.2059,7499.683852368,97120,113925,164831,265134,1243,361604,547227,17968,6620.119842,1395809,55,63.46,57.69,111.79,NA
2019-2020,Jan,31,UTTAR PRADESH,3162,MIRZAPUR,3092362,176.998287887045,45,93,999.979345612,9545,2,14540,3145178,1324946,114582,33319,2535,219.27785,6786.168406612,68992,93166,128485,238972,765,317095,527220,24085,5566.911211,1387228,68,64.2,49.75,100.7,NA
2019-2020,Jan,31,UTTAR PRADESH,3166,HATHRAS,681991,179.754325351281,31,30,298.423690705,1746,0,1387,678731,207130,16970,706,56,60.53314,1579.005160705,21632,24871,36943,57735,228,76386,110014,3133,1220.04833,88877,20,68.85,76.14,102.32,NA
2019-2020,Jan,31,UTTAR PRADESH,3167,AMROHA,1982765,172.865444776414,32,108,742.95687852,4024,1,3110,1905463,519154,52008,380,35,143.22397,4180.06793852,58352,76028,102914,176502,445,156205,251173,7134,3293.88709,464049,12,84.09,83.01,102.47,NA
2019-2020,Jan,31,UTTAR PRADESH,3168,KANNAUJ,1541300,178.340373650966,37,127,216.02309347,7974,0,10977,1629221,516577,50828,657,59,123.64244,3245.22435247,43509,50007,82754,126742,254,154201,216860,18951,2905.558819,355221,58,75.24,59.58,105.08,NA
2019-2020,Jan,31,UTTAR PRADESH,3173,SANT RAVIDAS NAGAR,1300045,174.970093254442,39,30,356.345571107,2150,1,8717,1194045,517284,44307,7775,417,79.731,2525.298221107,29966,37474,51412,100309,444,137861,242336,10867,2089.22165,516584,58,78.39,66.97,102.75,NA
2019-2020,Jan,31,UTTAR PRADESH,3174,SANT KABEER NAGAR,4127607,177.76336894254,46,46,1396.004003117,8970,0,8847,4383417,1411395,91978,7548,516,282.79094,9470.904677117,94555,116691,155567,264327,1404,293146,455277,17817,7792.109734,1893257,56,57.43,55.92,100.47,NA
2019-2020,Jan,31,UTTAR PRADESH,3177,CHITRAKOOT,2692160,180.591021382052,50,70,589.552529935,7616,0,12456,2559904,1120614,81019,125,6,143.94407,5356.453379935,50693,76197,81806,166715,2328,130280,251593,20072,4622.95678,1083000,64,61.15,53.47,103.59,NA
2019-2020,Jan,31,UTTAR PRADESH,3179,MAHOBA,1241278,173.279461198317,47,30,268.38438872,2056,1,6482,1120338,251014,37166,1172,171,46.07941,2255.77944872,23648,37650,47404,132756,1291,103041,267578,8538,1941.31565,418337,67,77.39,67.03,109.75,NA
2019-2020,June,31,UTTAR PRADESH,3109,BIJNOR,615391,138.466066507689,12,130,38.61630821,1033,108,5691,592954,253916,105993,2522,579,16.0591,875.71548821,47197,56113,141090,235125,3,211643,330133,6724,821.04008,167122,11,55.04,67.66,103.71,NA
2019-2020,June,31,UTTAR PRADESH,3115,MEERUT,105604,124.603005887942,30,5,0.896,38,105,876,154723,80410,12210,82,10,11.05518,204.7406888,5111,6043,20011,25822,0,54882,67457,914,192.7895088,55065,11,38.98,88.48,105.73,NA
2019-2020,June,31,UTTAR PRADESH,3119,MATHURA,408265,72.3519288662181,19,14,1.456,175,280,6598,315237,106139,38983,841,255,7.6298,237.16585,16333,21726,59194,101783,1,131848,218700,6773,228.08005,110896,19,86.56,89.89,119.11,NA
2019-2020,June,31,UTTAR PRADESH,3130,HARDOI,2402565,140.319208074381,21,85,40.71815,4656,74,13029,1317649,437164,138948,1188,370,38.89965,1928.532442,62274,66578,250212,349335,0,577061,743384,17685,1848.914642,289971,65,76.91,62.48,105.84,NA
2019-2020,June,31,UTTAR PRADESH,3137,KANPUR NAGAR,389212,157.448965023459,22,28,8.22706,1822,9,4814,323331,127944,44384,5581,2102,10.148,527.4563731,14523,16597,57087,106452,2,201331,309196,6636,509.0813131,75779,47,55.93,55.13,108.48,NA
2019-2020,June,31,UTTAR PRADESH,3152,MAHARAJGANJ,1878017,135.671922523042,23,354,12.48834115,5137,18,8779,1868633,467924,101895,10398,2573,51.10018,2598.79883715,80920,98582,218251,394889,14,341767,574741,13916,2535.210316,758410,70,76.15,64.57,101.15,NA
2019-2020,June,31,UTTAR PRADESH,3157,AZAMGARH,1885910,147.625597987031,23,73,108.733651711,3833,151,12971,2003806,723565,123584,1538,450,40.404,3107.268241711,84547,88981,246848,310314,12,501904,604795,16804,2958.13059,848843,68,71.5,75.1,102.97,NA
2019-2020,June,31,UTTAR PRADESH,3164,GAUTAM BUDDHA NAGAR,2722,125.459748892171,14,0,0,7,130,101,2708,760,449,134,18,0.262,3.65945,187,218,1070,1456,0,16098,18594,108,3.39745,542,7,39.31,63.83,99.41,NA
2019-2020,June,31,UTTAR PRADESH,3167,AMROHA,633042,144.550799859685,20,68,22.70684,919,43,3368,755445,202331,52110,110,35,8.73003,1123.43866,37446,46868,102015,176101,29,153857,249215,4287,1092.00179,192459,7,84.32,83.39,100.6,NA
2019-2020,June,31,UTTAR PRADESH,3176,SHRAVASTI,600142,164.933532900289,24,63,54.3456373,1685,2,4790,513111,179589,44421,2703,986,20.3,920.9377373,20590,25167,69193,129969,20,131231,219842,6475,846.2921,168187,51,79.48,76.35,105.15,NA
2019-2020,June,31,UTTAR PRADESH,3179,MAHOBA,396306,133.477128981033,27,9,5.58437915,969,3,5897,258821,57527,37081,143,173,3.25395,354.30516915,9271,13998,46377,131131,14,101594,265256,6866,345.46684,102393,64,78.71,55.69,108.68,NA
2019-2020,June,31,UTTAR PRADESH,3183,SHAMLI,90635,151.294467033815,20,4,1.008,132,11,1271,97145,7729,2413,33,13,0,147.98301,4646,4930,17986,21445,0,38536,45420,1403,146.97501,25161,13,57.29,77.82,103.65,NA
2019-2020,March,31,UTTAR PRADESH,3116,GHAZIABAD,0,161.318181818182,5,0,0.3256513,10,161,3,88,44,25,0,0,0,0.4676113,15,15,77,199,0,17650,25904,13,0.14196,42,46,84.99,16.82,100,NA
2019-2020,March,31,UTTAR PRADESH,3127,SHAHJAHANPUR,3800000,183.211692339053,39,239,1614.263407689,9665,0,8046,3453646,1016217,80622,1270,89,402.70726,8344.453951689,86643,103423,153970,253387,1450,325914,476822,17711,6327.483284,618466,66,70.7,56.67,107.21,NA
2019-2020,March,31,UTTAR PRADESH,3128,KHERI,5783643,184.536061120854,43,480,1930.54147519599,23364,1,14412,6233159,2030754,151988,60673,6173,642.67061,14075.638187196,143373,178103,246119,407235,2743,546518,787806,37776,11502.426102,1565863,70,79.66,60.72,100.47,NA
2019-2020,March,31,UTTAR PRADESH,3131,UNNAO,4396478,184.799185097805,47,155,1474.406915056,11393,1,11174,4059751,1302024,78187,10005,519,486.34762,9463.141300056,86274,97432,145488,212202,4068,380998,498056,22567,7502.386765,1101129,67,79.4,69.44,100.22,NA
2019-2020,March,31,UTTAR PRADESH,3133,RAE BARELI,4785766,180.520440841719,45,177,2525.335728762,17433,0,12340,4433927,1440081,110318,9906,792,586.8028,11116.283095762,98264,119107,174363,317277,4639,328178,535860,29773,8004.144567,1611470,47,50.97,55.24,100.08,NA
2019-2020,March,31,UTTAR PRADESH,3134,FARRUKHABAD,1505000,186.57221695299,40,49,447.103061581,6841,0,5819,1568856,180258,14205,1114,63,180.67339,3554.825871581,38949,43897,66982,91044,31,158903,201888,12660,2927.04942,371222,55,81.01,67.7,101.58,NA
2019-2020,March,31,UTTAR PRADESH,3150,SULTANPUR,3887981,185.59635033332,50,98,2002.483963185,17604,0,15321,4105964,959191,60031,9923,433,488.78964,10111.792933185,81141,90458,145291,207931,2078,327210,434730,32925,7620.51933,1625730,69,61.21,48.51,100.28,NA
2019-2020,March,31,UTTAR PRADESH,3157,AZAMGARH,6929000,183.435308152706,41,176,2892.310110802,19598,4,12028,6606984,2557343,123493,14949,483,838.76317,15850.614740802,159305,169154,248477,311413,1049,512914,616095,31626,12119.54146,2720882,64,59.4,56.25,103.15,NA
2019-2020,March,31,UTTAR PRADESH,3159,BALLIA,3804466,181.27975344211,43,107,1069.177934431,9045,1,11828,3591692,494887,34730,76037,4702,375.51425,7955.702586431,83097,93105,152305,217389,549,314840,421660,20873,6511.010402,1374945,60,69.77,58.66,104.03,NA
2019-2020,March,31,UTTAR PRADESH,3167,AMROHA,2325853,183.794760014148,36,118,871.415579987,4823,0,3249,2312678,625460,51879,430,35,263.74669,5385.743249987,63930,85433,103046,176295,811,156597,251265,8072,4250.58098,558818,13,77.9,74.13,102.09,NA
2019-2020,March,31,UTTAR PRADESH,3175,BALRAMPUR,4152000,183.528197980122,54,94,662.244491211,2429,0,6925,4023313,744708,30402,56555,2908,390.59569,8436.754029211,73155,82534,107966,155979,3335,192582,263514,9354,7383.913848,1237125,33,66.99,72.21,101.91,NA
2019-2020,Oct,31,UTTAR PRADESH,3152,MAHARAJGANJ,4708843,179.221491749602,28,439,1414.971509095,9875,1,7905,2908102,717921,101959,14152,2572,203.78848,6830.703775095,102491,127002,219726,396509,117,345213,578841,17780,5211.943786,1145570,71,71.81,62.14,101.38,NA
2019-2020,Oct,31,UTTAR PRADESH,3170,KAUSHAMBI,1392862,171.05109650684,34,66,542.018718354,2867,5,10765,1067572,533908,82004,423,74,42.22425,2410.336580354,30799,37247,75561,141054,115,219133,352526,13632,1826.093612,444396,76,73.06,60.9,107.66,NA
2019-2020,Oct,31,UTTAR PRADESH,3173,SANT RAVIDAS NAGAR,1040723,176.321988958837,31,27,340.572221107,1506,1,8225,748653,305630,44411,3741,417,42.166,1702.778081107,23622,29176,51395,100630,79,136991,241717,9731,1320.03986,313411,58,75.68,69.21,101.9,NA
2019-2020,Oct,31,UTTAR PRADESH,3176,SHRAVASTI,1504765,183.670987149985,38,96,659.269105940999,3436,0,5533,1200699,402930,44506,7832,987,75.017,2939.621811941,31181,39179,69604,129914,321,131794,219975,8969,2205.335706,390499,50,84.46,80.74,104.35,NA
2019-2020,Oct,31,UTTAR PRADESH,3179,MAHOBA,993678,173.454835190721,39,18,231.683841639,1873,1,6244,713188,155156,37157,550,171,30.48075,1499.223661639,17861,27795,47067,132224,447,102501,266689,8117,1237.05907,267110,67,72.17,64.48,111.1,NA
2019-2020,Dec,31,UTTAR PRADESH,3110,MORADABAD,1673626,174.644993387662,36,121,779.806460520001,4460,63,3608,1790592,421250,33683,657,35,185.8099,4092.79564052,49119,60073,88709,141154,442,164210,240999,8068,3127.17928,530305,37,80.2,71.49,102.03,NA
2019-2020,Dec,31,UTTAR PRADESH,3116,GHAZIABAD,0,161.318181818182,5,0,0,6,161,6,88,44,25,0,0,0,0.14196,15,15,77,199,0,17650,25904,12,0.14196,42,41,84.99,16.82,100,NA
2019-2020,Dec,31,UTTAR PRADESH,3119,MATHURA,1151332,178.043966498407,39,30,815.178534758001,897,15,7557,1272238,421367,39174,3140,255,101.72285,3182.044383258,32267,43615,59953,102872,185,132854,220106,8454,2265.1429985,434390,22,61.49,69.24,106.13,NA
2019-2020,Dec,31,UTTAR PRADESH,3120,AGRA,1918887,181.338104005924,39,97,239.748376325,2791,1,2169,1883835,594852,38290,13413,876,127.25369,3783.112737925,48085,57844,76909,113697,400,163577,222661,4960,3416.1106716,579074,34,79.54,82.14,100.78,NA
2019-2020,Dec,31,UTTAR PRADESH,3121,FIROZABAD,1553169,180.242454909242,44,67,370.940343676,2186,3,1862,1768766,770345,39730,1966,119,111.6456,3670.653203676,40197,45567,72757,96125,189,154475,197181,4048,3188.06726,596615,35,72.9,69.19,100.82,NA
2019-2020,Dec,31,UTTAR PRADESH,3130,HARDOI,6775385,172.892079493209,46,195,1583.061449458,12268,2,13813,6156702,2185834,139240,5876,369,416.07744,12643.589005458,133644,145846,252416,351480,1085,585905,752649,26081,10644.450116,1309722,61,70.45,71.19,109.55,NA
2019-2020,Dec,31,UTTAR PRADESH,3134,FARRUKHABAD,1155169,183.780183654702,37,46,217.732028131,5110,0,6788,1378892,160060,14209,1005,63,82.33723,2834.199508131,36685,41204,66945,91156,19,157453,200550,11898,2534.13025,326204,57,89.62,76.69,101.8,NA
2019-2020,Dec,31,UTTAR PRADESH,3137,KANPUR NAGAR,1097604,178.335542875868,38,56,257.428901237,3856,0,4029,1049798,413327,44447,18869,2096,78.18459,2207.776453637,27200,32246,57511,106884,211,202056,309993,7885,1872.1629624,220690,48,56.64,64.1,107.54,NA
2019-2020,Dec,31,UTTAR PRADESH,3142,BANDA,3522140,177.142612768085,46,23,1516.713174788,11975,0,11415,2976108,727684,78828,1688,170,214.6859,7003.354544788,64266,94750,123087,271791,2372,220164,458874,23390,5271.95547,1277208,80,83.68,67.01,100.66,NA
2019-2020,Dec,31,UTTAR PRADESH,3143,FATEHPUR,3469883,172.174391917041,46,160,1452.984247718,13557,0,15365,3594822,1368631,94437,350,21,308.27,7950.617166718,77384,88246,144130,211606,1162,278731,384017,28922,6189.362919,1366812,70,69.18,63.95,102.03,NA
2019-2020,Dec,31,UTTAR PRADESH,3144,PRATAPGARH,4238106,171.643687908744,39,60,1341.068629739,14442,10,11926,3903730,1845942,131047,3723,383,287.10545,8328.680217739,99928,117298,206931,280224,631,400765,533043,26368,6700.506138,1699817,81,54.17,47.35,113.47,NA
2019-2020,Dec,31,UTTAR PRADESH,3151,SIDDHARTH NAGAR,7359315,174.997949665536,40,101,4266.902182871,6171,1,9799,6509377,1382169,77062,7251,345,469.31061,16127.489078871,161946,181411,257167,344381,619,378654,490489,15970,11391.276286,3196719,30,55.07,60.91,104.25,NA
2019-2020,Dec,31,UTTAR PRADESH,3155,DEORIA,2951156,173.397036311574,42,60,1320.109521571,5045,1,7879,2824251,824157,47427,87036,4654,223.38884,6440.665893571,66702,70136,128765,161583,431,249577,303059,12924,4897.167532,988721,43,79.88,80.79,100.04,NA
2019-2020,Dec,31,UTTAR PRADESH,3161,VARANASI,1026220,176.960513417853,31,79,203.424885814,5697,1,8270,1077855,395497,54169,4741,524,86.52907,2197.331697714,33753,42859,70700,133418,176,159854,257684,13967,1907.3777419,532901,63,48.74,35.27,103.73,NA
2019-2020,Dec,31,UTTAR PRADESH,3162,MIRZAPUR,2784267,175.719987335659,43,89,999.979345612,8181,2,15247,2822097,1193103,114573,30267,2535,219.27785,6178.245686612,65474,88168,128247,238545,582,314929,524365,23428,4958.988491,1244814,68,63.9,50.12,100.73,NA
2019-2020,Dec,31,UTTAR PRADESH,3165,BAGHPAT,70615,176.307681924784,31,4,26.8930807,156,2,634,59269,20900,3067,0,6,5.51336,136.9022407,1855,2146,6271,9182,5,32718,45229,790,104.4958,17991,7,25.06,72.7,105.17,NA
2019-2020,Dec,31,UTTAR PRADESH,3173,SANT RAVIDAS NAGAR,1170521,168.13109542626,37,29,356.345571107,1867,1,8758,1065430,454588,44376,6700,417,79.731,2227.395701107,28530,35520,51476,100473,322,137552,242010,10625,1791.31913,457596,58,77.25,67.08,102.42,NA
2019-2020,Dec,31,UTTAR PRADESH,3175,BALRAMPUR,3186887,170.234610228234,48,88,581.076138222,1890,0,6344,3166353,593867,30350,46277,2907,207.45369,6178.758516222,65493,73714,107617,155680,1673,191263,262181,8234,5390.228688,958991,35,76.19,81.82,101.58,NA
2019-2020,Dec,31,UTTAR PRADESH,3176,SHRAVASTI,1692439,180.372681827658,45,106,687.233758645999,3748,0,6260,1697954,573713,44468,10961,986,116.59314,3866.472064646,37420,47308,69612,129832,888,131820,219902,10008,3062.645166,544920,48,86.55,82.43,104.01,NA
2019-2020,Dec,31,UTTAR PRADESH,3178,AMBEDKAR NAGAR,2591961,171.259502134191,40,42,1397.862364782,4638,2,5101,2437926,868002,91991,5957,512,169.2578,5742.300094782,60704,71481,116953,204852,591,259088,407413,9739,4175.17993,965980,68,82.01,68.51,100.11,NA
2019-2020,Dec,31,UTTAR PRADESH,3179,MAHOBA,1117609,165.069699294246,44,26,268.38438872,1964,1,6455,963367,211978,37149,853,171,46.07941,1904.69080872,21600,34133,47309,132598,953,102834,267232,8419,1590.22701,359181,67,75.31,65.61,109.96,NA
2019-2020,Nov,31,UTTAR PRADESH,3114,MUZAFFARNAGAR,515570,178.206416672506,39,15,69.188533,1275,0,1789,542306,156551,10805,884,75,33.27685,1068.889473,13886,14618,29783,36219,211,85932,105441,3064,966.42409,147411,7,66.91,87.82,102.36,NA
2019-2020,Nov,31,UTTAR PRADESH,3128,KHERI,4365848,173.646494179569,35,409,1074.837845175,13273,0,17523,4313598,1432967,152346,41583,6170,306.65488,8871.904425175,120442,148063,245809,407504,494,537916,777775,30796,7490.4117,1087094,71,79.23,66.25,100.43,NA
2019-2020,Nov,31,UTTAR PRADESH,3131,UNNAO,3318730,178.394995195359,40,126,1101.881317401,6691,1,13332,2820190,901495,78596,7573,524,284.51787,6417.477002401,70088,78366,145853,213068,783,378724,495730,20023,5031.077815,756453,68,78.17,68.54,100.23,NA
2019-2020,Nov,31,UTTAR PRADESH,3132,LUCKNOW,1202494,177.657443465191,34,53,395.214778576,2538,34,4517,966042,616133,78095,2367,308,102.2293,2213.689598576,27799,32469,64082,115643,290,193315,297332,7055,1716.24552,252577,54,67.53,63.71,103.54,NA
2019-2020,Nov,31,UTTAR PRADESH,3133,RAE BARELI,3612589,174.358773376332,38,144,1613.173362232,12975,0,13773,3036351,955848,110514,6291,792,313.7554,7221.073121232,78114,93454,174056,317880,1448,320661,527568,26748,5294.144359,1108894,50,49.77,51.19,100.06,NA
2019-2020,Nov,31,UTTAR PRADESH,3143,FATEHPUR,3412499,172.434449675379,43,140,1452.984247718,12016,0,16040,3121176,1182491,94408,279,20,308.27,7143.236906718,71646,81453,143983,211457,719,278451,383712,28056,5381.982659,1191926,70,68.16,63.51,102.35,NA
2019-2020,Nov,31,UTTAR PRADESH,3154,GORAKHPUR,3759209,167.312193518736,34,95,1030.035572498,6321,4,9202,2837286,720230,67365,7422,724,252.35466,6029.515675498,82014,90176,163139,232948,266,388362,511851,15523,4747.125443,1100481,56,60.21,62.92,105.79,NA
2019-2020,Nov,31,UTTAR PRADESH,3159,BALLIA,2871844,168.531796233172,33,86,778.15668243,5903,3,12424,2180296,283169,34651,46779,4672,167.90795,4620.55664443,65320,72492,151385,216517,90,308954,415191,18327,3674.492012,854034,65,77.65,63.04,103.81,NA
2019-2020,Nov,31,UTTAR PRADESH,3162,MIRZAPUR,2738222,177.075946631397,40,79,999.979345612,7430,1,15232,2448181,1031220,114670,26152,2534,219.27785,5554.396876612,60342,80892,128063,238406,367,313623,522543,22662,4335.139681,1080543,68,62.66,49.86,100.79,NA
2019-2020,Nov,31,UTTAR PRADESH,3163,SONBHADRA,3094931,179.474687444552,35,170,1537.395890515,8250,2,14634,2739034,754516,123263,820429,123657,191.78029,6645.048891015,77072,109897,158428,388202,679,348290,766792,22884,4915.8727105,1268953,74,83.12,67.14,100.42,NA
2019-2020,Nov,31,UTTAR PRADESH,3166,HATHRAS,603889,177.093853191867,28,28,298.423690705,1199,0,1685,579927,177475,16922,588,56,60.53314,1385.971900705,20204,23145,36815,57603,97,76156,109743,2884,1027.01507,75664,19,64.22,73.47,102.74,NA
2019-2020,Nov,31,UTTAR PRADESH,3169,AURAIYA,1061335,181.624617531748,31,42,262.989193023,5067,1,4976,938640,389171,47055,4462,427,90.77005,2058.560553023,30274,34079,65480,97823,131,134175,187710,10043,1704.80131,270567,74,57.74,55.02,105.13,NA
2019-2020,Nov,31,UTTAR PRADESH,3177,CHITRAKOOT,2383850,180.398012083806,44,65,589.552529935,5963,0,13302,1891126,806174,81135,111,6,143.94407,4145.050309935,42962,63753,81759,166965,850,130420,252240,19265,3411.55371,799685,65,62.25,51.54,104.87,NA
2019-2020,Nov,31,UTTAR PRADESH,3181,AMETHI,2454203,174.509345072495,37,57,1397.224082711,10645,1,18375,1861916,468965,55631,7263,695,205.99699,4852.438490111,49893,60072,113586,189550,302,239104,361757,29020,3249.2174174,625742,72,64.74,41.94,108.62,NA
2019-2020,Nov,31,UTTAR PRADESH,3184,SAMBHAL,1957047,173.677949326577,36,165,489.745791946,2543,114,4040,1877276,626493,44869,442,22,148.608,3898.768251946,52106,60809,92921,134657,525,167690,227595,6583,3260.41446,429689,18,66.66,66.21,104.35,NA
2019-2020,March,31,UTTAR PRADESH,3110,MORADABAD,2180465,184.902863903835,40,128,922.441024897001,5964,62,2852,2128179,496639,33633,818,35,313.6827,5171.187644897,52660,64703,88734,140889,897,164785,241277,8816,3935.06392,619194,36,81.22,72.19,101.73,NA
2019-2020,March,31,UTTAR PRADESH,3118,ALIGARH,2482752,183.383692357257,37,105,766.281223047,2393,13,3979,2390045,765998,45310,3023,173,224.35982,5373.593813047,63083,70341,105282,147780,741,202270,271705,6372,4382.95277,581417,21,66.76,75.88,103.65,NA
2019-2020,March,31,UTTAR PRADESH,3121,FIROZABAD,2023529,183.671216783217,48,72,686.456147282,3010,2,1494,2145000,928129,39742,2488,119,201.72381,4827.927557282,44399,50913,72815,96094,1158,155605,198508,4504,3939.7476,733872,34,74.14,67.45,100.91,NA
2019-2020,March,31,UTTAR PRADESH,3135,ETAWAH,1726580,185.911414466521,44,58,468.018808571,6658,0,6855,1882830,730922,42576,3820,157,228.98408,4197.398773571,42597,47856,67134,98856,1380,151425,203531,13513,3500.395885,420836,58,56.92,59.51,103.78,NA
2019-2020,March,31,UTTAR PRADESH,3136,KANPUR DEHAT,2225000,183.669386705411,44,215,701.242202261001,5699,1,6628,2041417,750552,53253,12335,839,234.97067,4685.670956261,45579,53792,73606,128352,1030,223298,338470,12327,3749.458084,498813,60,52.73,56.99,104.87,NA
2019-2020,March,31,UTTAR PRADESH,3138,JALAUN,4475000,184.695559784142,49,302,2220.727120999,7728,0,10072,4041540,1285681,104304,4018,382,402.63815,10087.910197899,81896,127582,131932,292299,1404,218355,447777,17800,7464.5449269,1444742,49,63.61,58.12,103.88,NA
2019-2020,March,31,UTTAR PRADESH,3139,JHANSI,3960000,188.193385358919,60,209,2653.604955042,5995,0,8454,3528264,1119812,76926,35084,1716,406.27703,9699.841451042,58307,84524,102751,210717,5836,197819,387099,14449,6639.959466,1285765,45,71.5,51.97,101.74,NA
2019-2020,March,31,UTTAR PRADESH,3140,LALITPUR,4038000,185.454752134805,53,121,2651.86080615999,4298,0,3154,4073908,945784,56758,279994,17344,297.51151,10504.62829976,76125,108713,115888,227258,7348,183263,341584,7452,7555.2559836,1480682,54,63.71,61.69,100.07,NA
2019-2020,March,31,UTTAR PRADESH,3146,BAHRAICH,6515069,185.894389715847,49,199,3669.294988303,26080,0,10060,6579132,1010917,68944,39689,3009,746.23392,16645.766188303,132373,165646,222168,356254,2626,480135,682242,36140,12230.23728,2233300,86,57.7,46.72,101.04,NA
2019-2020,March,31,UTTAR PRADESH,3151,SIDDHARTH NAGAR,9588000,186.666916466974,47,109,5059.71212653,7565,0,10020,8349069,1731569,76891,10388,344,850.783,21495.44478253,176150,197634,256957,343886,3208,380441,492041,17585,15584.949656,4110974,30,53.58,57.56,103.33,NA
2019-2020,March,31,UTTAR PRADESH,3153,BASTI,7410000,184.69019391714,50,165,3458.041437549,13136,11,16401,7960926,1838886,95602,3724,167,652.94913,18814.040234549,157375,186649,247384,372380,3608,385223,556292,29537,14703.049667,3510767,39,68.82,63.06,101.17,NA
2019-2020,March,31,UTTAR PRADESH,3154,GORAKHPUR,4980000,185.170335580597,45,108,1569.494440636,8965,2,7528,4281058,1105959,67573,11345,729,495.94965,9992.693555636,94840,104735,164051,233756,1165,393910,518071,16493,7927.249465,1656714,54,60.06,60.36,106,NA
2019-2020,March,31,UTTAR PRADESH,3155,DEORIA,3844880,186.051571552789,47,69,1975.379427659,5615,1,8158,3523776,1003940,47362,108592,4655,438.16938,8969.589433659,73747,77722,128952,161675,919,250170,303602,13773,6556.040626,1228934,41,72.05,73.96,100.01,NA
2019-2020,March,31,UTTAR PRADESH,3158,JAUNPUR,5185185,183.072621198077,51,197,6112.56833311003,16521,4,18187,6535706,2514247,101516,35806,1527,816.60865,18894.26527111,127367,135186,196275,246607,3709,449670,544687,34708,11965.088288,2922863,49,67.02,61.22,101.69,NA
2019-2020,March,31,UTTAR PRADESH,3161,VARANASI,1337000,185.849195955901,36,83,537.371995838,6930,1,7880,1306595,487562,54110,5915,523,153.16273,3118.831027738,36219,46392,70725,133307,373,160629,258567,14810,2428.2963019,649991,62,47.8,31.84,103.28,NA
2019-2020,March,31,UTTAR PRADESH,3162,MIRZAPUR,3627451,184.573787719095,48,97,1913.243851993,11642,2,13045,3508634,1464187,114551,36346,2531,419.90945,8809.171972993,72746,98824,128528,238986,1049,318552,529168,24687,6476.018671,1547279,68,62.98,47.15,100.77,NA
2019-2020,March,31,UTTAR PRADESH,3169,AURAIYA,1406000,186.433429185326,38,47,450.098801654,7201,1,3354,1332471,559815,46956,6227,423,152.8459,3087.116079854,35051,39730,65517,97665,529,137135,191006,10555,2484.1713782,374013,72,55.62,57.62,103.64,NA
2019-2020,March,31,UTTAR PRADESH,3170,KAUSHAMBI,2041000,183.535176758141,46,78,1089.45737517,5925,5,9554,1882827,941365,81695,656,74,214.68861,4759.79584767,40831,50888,75920,140946,779,226601,361669,15479,3455.6498625,784120,73,74.18,59.67,105.49,NA
2019-2020,March,31,UTTAR PRADESH,3172,KUSHI NAGAR,5375000,187.719755442448,46,292,2437.459925184,12028,1,21866,5594266,1618603,98118,7998,444,679.26496,13618.267339184,119293,142132,194006,307234,1962,417459,595419,33894,10501.542454,1909429,43,70.1,62.05,104.78,NA
2019-2020,March,31,UTTAR PRADESH,3174,SANT KABEER NAGAR,4841830,187.394831110421,49,48,1982.030661861,10939,0,8065,4923572,1589601,91674,8416,514,463.39947,11671.949565861,100164,124602,155459,263596,2051,296278,457969,19004,9226.519434,2125070,55,55.81,54.06,100.44,NA
2019-2020,March,31,UTTAR PRADESH,3178,AMBEDKAR NAGAR,3376906,183.783965828224,45,47,1847.093190992,5688,2,4407,3055387,1086740,91107,7349,509,339.8378,7802.242390992,67643,80067,116537,203255,1152,262176,409466,10095,5615.3114,1212163,67,77.88,65.73,100.23,NA
2019-2020,March,31,UTTAR PRADESH,3184,SAMBHAL,2592593,184.594652563229,43,190,895.460277554999,3109,114,4887,2571288,842885,45408,745,23,239.22205,5881.142477555,59419,69940,94173,136012,1486,171528,231909,7996,4746.46015,598985,19,53.29,52.25,103.26,NA
2019-2020,Aug,31,UTTAR PRADESH,3154,GORAKHPUR,2564266,178.74261923665,26,72,982.488628898,5230,15,8528,1730634,438275,67176,4855,723,173.68066,4249.549829898,64895,70597,162237,232023,8,383179,506318,13758,3093.380541,683556,57,62.92,68.44,104.3,NA
2019-2020,Aug,31,UTTAR PRADESH,3160,GHAZIPUR,2415491,158.596433528108,25,64,563.145457631,2846,5,8708,1748002,434043,74739,10621,1531,93.94172,3429.356007631,68277,78989,163976,264245,59,356071,541108,11554,2772.26883,637380,53,60.87,69,118.01,NA
2019-2020,Aug,31,UTTAR PRADESH,3164,GAUTAM BUDDHA NAGAR,5149,152.259372609028,22,0,0,80,88,192,11763,3801,529,430,19,0.262,18.17227,517,582,1218,1614,0,16258,18765,272,17.91027,2265,35,17.49,83.39,99.55,NA
2019-2020,Aug,31,UTTAR PRADESH,3165,BAGHPAT,47372,162.280607983965,22,3,25.1010807,84,5,622,29935,9421,3058,0,6,1.792,75.4717807,1351,1543,6169,9064,2,32578,45054,706,48.5787,8964,6,13.13,62.62,105.36,NA
2019-2020,Aug,31,UTTAR PRADESH,3170,KAUSHAMBI,1050937,153.902061251782,28,49,542.018718354,2472,6,10319,723832,356269,82070,354,78,42.22425,1698.235336354,25522,30289,75271,140767,26,217448,350394,12791,1113.992368,307996,79,77.17,56.83,110.21,NA
2019-2020,Aug,31,UTTAR PRADESH,3172,KUSHI NAGAR,2767656,189.557128832782,29,225,1849.80304545,7222,5,16552,2510937,713831,98293,3353,441,222.60367,6832.06679945,84141,98554,193222,306709,99,412364,589985,23774,4759.660084,885785,44,77.32,72.85,108.71,NA
2019-2020,Aug,31,UTTAR PRADESH,3176,SHRAVASTI,1135370,177.190375361141,32,81,659.269105940999,2851,0,5018,885041,301531,44449,5657,987,75.017,2302.493575941,27041,33728,69285,129583,118,131407,219551,7869,1568.20747,291461,51,83.74,81.49,104.57,NA
2019-2020,Aug,31,UTTAR PRADESH,3179,MAHOBA,749746,160.168267060651,34,15,231.683841639,1458,1,6124,502897,112229,37106,450,171,30.48075,1067.646001639,14672,22516,46743,131733,161,102065,266024,7582,805.48141,193498,66,73.96,65.37,113.41,NA
2019-2020,May,31,UTTAR PRADESH,3112,SAHARANPUR,177600,126.274573911106,11,43,6.30723043,126,220,4693,179540,77445,57900,493,224,5.012,238.03260043,15071,17337,76232,118163,0,122167,178432,4819,226.71337,64465,9,48.87,89.35,105.18,NA
2019-2020,May,31,UTTAR PRADESH,3118,ALIGARH,387807,130.361725872712,11,39,10.42655,321,238,3436,227595,70833,44798,171,171,9.622,316.74532,19494,20921,103231,145614,0,198925,268316,3757,296.69677,53674,21,76.25,78,101.39,NA
2019-2020,May,31,UTTAR PRADESH,3126,PILIBHIT,470189,148.196379386875,16,70,12.02297,1834,107,6428,344693,61160,48916,641,504,30.9145,553.760016,21254,25036,135225,230036,0,289296,424812,8262,510.822546,81984,64,49.95,37.64,100.67,NA
2019-2020,May,31,UTTAR PRADESH,3129,SITAPUR,1489213,167.888811345934,20,126,10.30453,7867,39,29435,881232,275686,298129,969,843,60.3654,1550.15986,43457,55290,335659,670499,0,640318,1122283,37302,1479.48993,258928,73,73.98,25.13,110.54,NA
2019-2020,May,31,UTTAR PRADESH,3134,FARRUKHABAD,235081,181.877491729118,17,20,2.016,972,8,7240,322517,34095,14075,284,62,14.69748,603.29931,18113,20583,65060,89510,4,154072,197248,8212,586.58583,89782,61,89.89,53.41,100.39,NA
2019-2020,May,31,UTTAR PRADESH,3135,ETAWAH,269692,179.459787509262,20,6,0.672,1636,69,6988,159254,58549,42548,190,157,0,286.46889,7890,9115,65875,97848,0,147853,200029,8624,285.79689,50973,66,60.4,29.44,108.31,NA
2019-2020,May,31,UTTAR PRADESH,3138,JALAUN,698996,137.45135243167,20,112,2.464,1655,22,11968,635448,197724,104540,557,385,9.389,885.28487,31243,43451,131104,292611,1,213577,442106,13623,873.43187,236447,51,79.89,68,104.16,NA
2019-2020,May,31,UTTAR PRADESH,3150,SULTANPUR,607304,160.122890350466,27,42,1.68,3812,39,15255,895836,193437,60279,1512,420,3.514,1439.632496,33074,36452,144319,207549,2,313500,419999,19067,1434.438496,367420,74,71.38,37.57,100.11,NA
2019-2020,May,31,UTTAR PRADESH,3155,DEORIA,600571,169.744753641675,22,21,14.112,1414,408,7192,332402,94675,47097,10942,4589,11.02625,589.373206,14511,15197,126510,159127,0,246079,299261,8606,564.234956,125898,42,52.79,50.47,99.96,NA
2019-2020,May,31,UTTAR PRADESH,3158,JAUNPUR,809927,131.159939625145,24,48,10.64,3168,329,14813,1302529,470311,99613,4374,1517,42.112,1761.14825,52182,54854,191693,241959,3,426499,520859,17981,1708.39625,594421,55,72.6,67.07,102.18,NA
2019-2020,May,31,UTTAR PRADESH,3159,BALLIA,594259,128.880968053634,20,24,5.04,501,176,12765,402581,51223,34340,8343,4610,0,523.89029,19624,21271,148857,213799,0,301834,407265,13266,518.85029,169400,68,72.65,39.56,107.57,NA
2019-2020,May,31,UTTAR PRADESH,3165,BAGHPAT,14370,141.94299591002,12,2,0.112,28,164,570,3912,1202,2987,0,6,0.112,5.77681,323,364,5963,8830,0,32304,44738,598,5.55281,1194,5,9.44,47.51,115.21,NA
2019-2020,May,31,UTTAR PRADESH,3167,AMROHA,363299,120.141352946506,15,36,8.99794,405,203,3184,320057,87369,52037,53,35,1.948,395.46675,21149,26107,101566,175510,6,153241,248419,3589,384.52081,82620,7,71.65,70.96,101.14,NA
2019-2020,May,31,UTTAR PRADESH,3175,BALRAMPUR,648543,110.188033143555,19,32,2.8206,455,115,4261,525351,97739,30038,8058,2876,14.95,596.644534,27117,29614,105166,153126,7,187890,258620,4716,578.873934,160987,35,82.69,81.75,103.82,NA
2019-2020,May,31,UTTAR PRADESH,3176,SHRAVASTI,344418,175.092339094453,18,38,1.68,1090,15,4999,233693,77814,44401,862,986,14.5,425.35854,12782,15138,69053,129768,4,131050,219596,6089,409.17854,78370,53,72.43,59.82,107.79,NA
2019-2020,May,31,UTTAR PRADESH,3184,SAMBHAL,404964,97.5149874453864,12,60,0.896,601,242,2868,249709,85855,43749,28,16,0,244.3997,20239,22678,89352,130766,0,162824,222364,3469,243.5037,54795,18,73.15,64.68,103.68,NA
2019-2020,Sep,31,UTTAR PRADESH,3110,MORADABAD,1334665,175.854056390399,31,114,722.254688487001,3865,63,3267,1351152,323102,33523,498,34,126.9519,3225.262188487,43185,52537,88229,140596,201,163295,239950,7132,2376.0556,408341,38,80.63,73.27,102.34,NA
2019-2020,Sep,31,UTTAR PRADESH,3121,FIROZABAD,1238604,174.269623037278,37,63,301.178099509,1418,4,1987,1315329,589461,39810,1398,119,55.76188,2649.158869509,35488,39919,72063,95541,49,148475,191086,3405,2292.21889,439903,34,72.36,73.21,100.71,NA
2019-2020,Sep,31,UTTAR PRADESH,3124,BUDAUN,2659639,171.527548980576,34,289,442.20140128,6397,2,9676,2140032,409057,42311,1773,104,105.33328,4218.27911828,62539,68709,131800,184335,271,264497,350758,16073,3670.744437,418043,54,75.91,72.04,108.57,NA
2019-2020,Sep,31,UTTAR PRADESH,3130,HARDOI,5403158,166.28149852595,36,158,1413.923181608,9517,2,13983,4078221,1428342,138967,4118,370,203.02574,8398.275913608,112946,122662,251269,350367,173,578937,745261,23500,6781.326992,858730,63,71.97,74.94,109.65,NA
2019-2020,Sep,31,UTTAR PRADESH,3131,UNNAO,2691088,177.68846062415,35,112,852.128104873,5531,1,11486,2149579,701380,78532,5897,524,145.80787,4817.489809873,60915,67605,145387,212598,321,377859,494808,17017,3819.553835,563226,66,76.66,70.85,100.27,NA
2019-2020,Sep,31,UTTAR PRADESH,3133,RAE BARELI,2929372,173.135001597288,33,138,1504.24931572,10469,0,14555,2347730,749218,110486,5001,792,192.7697,5761.76138872,70162,83287,173832,317790,633,319526,526427,25024,4064.742373,872790,51,48.94,51.7,100.06,NA
2019-2020,Sep,31,UTTAR PRADESH,3143,FATEHPUR,2767123,169.764822341209,37,131,1423.416247718,10643,0,15418,2388877,903868,94294,236,20,158.49,5637.379042718,63333,71699,143658,211137,272,278055,383337,26061,4055.472795,919780,72,68.39,63.6,102.7,NA
2019-2020,Sep,31,UTTAR PRADESH,3152,MAHARAJGANJ,4223497,186.731706389043,26,404,1414.971509095,9437,1,7577,2507277,613589,101889,12638,2572,203.78848,6300.641115095,93670,115590,218915,395544,67,343770,577123,17014,4681.881126,996973,72,72.68,64.89,101.47,NA
2019-2020,Sep,31,UTTAR PRADESH,3153,BASTI,4535668,179.440419502618,30,106,2041.070864176,5369,13,16808,2865441,680109,95985,1327,170,168.62917,7351.459385176,94873,110502,247011,373463,145,382228,554414,22177,5141.759351,1266929,42,72.87,69.44,101.41,NA
2019-2020,Sep,31,UTTAR PRADESH,3154,GORAKHPUR,3048263,183.262858633121,28,75,982.488628898,5560,10,8625,1957467,490639,67225,5369,723,173.68066,4743.479269898,68132,74401,162461,232256,31,383573,506739,14185,3587.309981,769025,57,61.25,67.52,104.33,NA
2019-2020,Sep,31,UTTAR PRADESH,3158,JAUNPUR,3173857,173.7449246802,37,166,2718.137579815,9282,14,14947,3412051,1253670,100848,16979,1530,205.4404,8851.843419815,90596,95881,194257,244602,419,434875,529492,24229,5928.26544,1511863,51,71.59,71.96,102.97,NA
2019-2020,Sep,31,UTTAR PRADESH,3162,MIRZAPUR,2220366,175.388053722185,35,72,898.604359502,5221,1,16148,1871629,770149,114604,19164,2537,111.72258,4292.940615502,53111,70761,127426,237609,144,310596,518209,21369,3282.613676,825192,69,65.5,55.27,100.91,NA
2019-2020,Sep,31,UTTAR PRADESH,3165,BAGHPAT,56313,164.000280347631,25,3,25.1010807,91,2,646,39237,12762,3064,0,6,1.792,91.2418707,1556,1777,6191,9090,3,32612,45096,737,64.34879,11827,6,17.31,69.03,104.73,NA
2019-2020,Sep,31,UTTAR PRADESH,3171,CHANDAULI,1985705,178.313956432591,34,141,887.716686650001,4525,1,11814,1568466,481182,74622,5923,1030,93.16605,3777.67651655,45440,63117,98021,210151,73,239856,450410,16339,2796.7937799,542411,61,65.44,53.35,101.56,NA
2019-2020,Sep,31,UTTAR PRADESH,3180,KASHGANJ,1061383,173.472733765793,33,103,788.956223633,2360,1,2121,1106075,230240,23387,1309,64,81.15875,2788.853513633,32679,38882,58985,107920,242,132595,209185,4481,1918.73854,283221,19,68.17,90.1,100.99,NA
2019-2020,Sep,31,UTTAR PRADESH,3181,AMETHI,1990062,173.323302897433,32,55,1215.795264498,9014,3,17408,1419705,367804,55862,5683,792,112.26724,3788.742101898,43398,51465,113534,190061,76,239278,362818,26422,2460.6795974,483983,73,67.22,44.06,109.85,NA
2019-2020,Jan,31,UTTAR PRADESH,3110,MORADABAD,1858822,174.716610051755,38,125,779.806460520001,4821,63,3622,1952077,457479,33666,657,35,185.8099,4376.21912052,50807,62256,88712,141140,610,164402,241186,8443,3410.60276,571876,37,80.69,71.91,101.87,NA
2019-2020,Jan,31,UTTAR PRADESH,3111,RAMPUR,1606942,180.036582561684,43,62,1232.903209588,3464,1,5383,2302321,503320,27275,3109,153,157.4519,5535.375157588,52716,58235,84036,116128,533,167387,218945,8847,4145.020048,415911,29,50.34,57.58,125.53,NA
2019-2020,Jan,31,UTTAR PRADESH,3119,MATHURA,1278733,177.178492898886,40,31,815.178534758001,959,14,7686,1356266,446377,39175,3270,255,101.72285,3319.913043258,33437,45121,59984,102911,220,133197,220594,8645,2403.0116585,460505,22,59.42,67.05,105.85,NA
2019-2020,Jan,31,UTTAR PRADESH,3122,ETAH,1725779,180.811578762776,46,76,596.68086969,4590,4,4288,1819089,405015,30736,333,17,104.19048,3989.99488969,39223,45109,70984,110707,520,158156,230324,8878,3289.12354,499632,47,70.58,68.1,105.05,NA
2019-2020,Jan,31,UTTAR PRADESH,3128,KHERI,4930492,176.835161650944,40,464,1074.837845175,16567,0,19108,5645281,1873209,152305,57665,6171,306.65488,11364.334507175,138348,171163,246341,407859,1642,542991,783747,35675,9982.841782,1403971,71,81.43,65.69,100.49,NA
2019-2020,Jan,31,UTTAR PRADESH,3133,RAE BARELI,4079813,174.162698791104,43,170,1613.173362232,15441,0,13004,3936733,1275242,110573,8439,792,313.7554,8783.249199232,91149,110198,174436,318023,3105,325073,532630,28445,6856.320437,1422807,48,51.07,53.74,100.06,NA
2019-2020,Jan,31,UTTAR PRADESH,3145,PRAYAGRAJ,3863480,175.653438088834,42,163,2196.822397425,21831,0,14018,3880019,1743827,158539,1305,115,312.77407,9324.983239425,90963,112180,183219,301643,1293,386971,593114,35849,6815.386772,1474511,64,63.81,52.83,104.21,NA
2019-2020,Jan,31,UTTAR PRADESH,3151,SIDDHARTH NAGAR,8173664,179.112691850901,43,105,4266.902182871,6828,0,9766,7433116,1561067,77069,8347,345,469.31061,18049.866948871,169449,189897,257349,344550,835,379882,491759,16594,13313.654156,3657993,30,56.39,61.73,103.73,NA
2019-2020,Jan,31,UTTAR PRADESH,3153,BASTI,6316943,170.191469142519,46,158,2241.738977397,9689,11,18232,6652309,1543730,95989,3059,170,314.30151,13877.702906397,143632,169510,247964,374033,2350,384651,556630,27921,11321.662419,2924982,39,72.64,66.59,101.2,NA
2019-2020,Jan,31,UTTAR PRADESH,3157,AZAMGARH,5906896,176.055791528385,38,134,1798.02329119,14465,7,14114,5588214,2156037,124098,12115,488,336.6501,11973.04778119,146587,155159,249338,312842,475,511159,614736,28579,9838.37439,2303832,65,65.11,64.81,102.99,NA
2019-2020,Jan,31,UTTAR PRADESH,3176,SHRAVASTI,1879717,181.866660940434,48,108,687.233758645999,4215,0,6077,1897699,639216,44435,12234,985,116.59314,4255.108704646,39419,50106,69599,129742,1202,131947,219956,10292,3451.281806,608875,47,86.14,82.9,103.78,NA
2019-2020,Aug,31,UTTAR PRADESH,3125,BAREILLY,1555037,171.16513811968,22,138,363.527515597,4062,8,11132,1035515,263825,57998,108,55,91.47885,2227.447045597,46224,52976,131229,216666,36,269086,398713,15194,1772.44068,166112,51,76.66,81.75,103.26,NA
2019-2020,Aug,31,UTTAR PRADESH,3127,SHAHJAHANPUR,1956669,164.496810178992,24,126,633.192069757,4279,20,7982,1153513,344173,80773,476,87,78.28941,2608.973569757,46579,54171,152473,252818,52,320201,471683,12261,1897.49209,232567,68,79.2,59.16,111.69,NA
2019-2020,Aug,31,UTTAR PRADESH,3129,SITAPUR,4909179,167.019629289114,28,372,2617.844731087,21531,1,32025,3338073,1212419,298776,4118,848,275.49366,8468.575541087,115317,149355,340099,676349,75,646930,1131063,53556,5575.23715,956508,74,69.01,46.33,105.62,NA
2019-2020,Aug,31,UTTAR PRADESH,3131,UNNAO,2263803,173.66741100078,31,107,852.128104873,5118,1,10410,1791982,584295,78545,4870,524,145.80787,4110.024719873,56171,61999,145297,212542,151,377566,494534,15528,3112.088745,470372,66,75.46,70.36,100.3,NA
2019-2020,Aug,31,UTTAR PRADESH,3132,LUCKNOW,820256,165.790564852563,25,43,265.30849754,1845,35,4362,568343,364004,77948,1280,308,53.30655,1260.87411754,22123,25370,63855,115413,48,192961,296945,6207,942.25907,151619,54,61.21,65.23,103.92,NA
2019-2020,Aug,31,UTTAR PRADESH,3137,KANPUR NAGAR,736325,163.178028528568,29,45,229.641116591,2766,0,4618,614612,244362,44422,11101,2097,44.02962,1276.582481291,20959,24449,57318,106718,26,201676,309588,7384,1002.9117447,133779,49,52.73,62.66,109.29,NA
2019-2020,Aug,31,UTTAR PRADESH,3140,LALITPUR,2079218,178.730565011111,37,81,1998.19045348,2971,0,3124,1844477,429129,56654,127161,17277,113.37312,5408.20773708,49433,68502,114014,225426,1026,180158,338010,6095,3296.6441636,686837,56,66.82,68.27,100.1,NA
2019-2020,Aug,31,UTTAR PRADESH,3144,PRATAPGARH,2843126,169.735653432789,29,45,1222.465501289,9836,27,14644,2193814,1071300,130982,2343,376,172.04225,5118.192279289,73733,87498,205702,279368,74,396717,529394,24480,3723.684528,952454,82,50.22,40.54,121,NA
2019-2020,Aug,31,UTTAR PRADESH,3148,BARABANKI,2368599,175.128592499899,30,66,1765.661495936,5246,1,9053,1636618,672674,121822,901,146,186.82936,4818.676923936,53683,62917,177942,294272,125,456067,656563,14299,2866.186068,466382,55,55.3,60.26,100.01,NA
2019-2020,Aug,31,UTTAR PRADESH,3149,AYODHYA,1960932,170.353418754608,30,75,1535.754837266,5960,0,9386,1479647,510054,83849,2301,375,108.52,4164.904087266,49196,55495,126608,207681,74,236950,358383,15346,2520.62925,606799,53,70.96,70.8,108.13,NA
2019-2020,Aug,31,UTTAR PRADESH,3150,SULTANPUR,2001971,169.052550407314,35,68,1423.75254507,8703,6,16069,1869074,435207,60251,3801,443,147.11433,4730.58414107,52990,58473,144884,208069,43,317372,424330,24772,3159.717266,744129,75,71.31,51.95,100.18,NA
2019-2020,Aug,31,UTTAR PRADESH,3152,MAHARAJGANJ,3552898,187.607009904085,25,385,1414.971509095,8884,1,7233,2290873,567834,101897,12055,2572,203.78848,5916.598325095,89659,110315,218671,395278,38,342671,575722,16117,4297.838336,918885,71,73.9,68.17,101.28,NA
2019-2020,Feb,31,UTTAR PRADESH,3109,BIJNOR,2141452,181.193346289527,25,207,530.00637174,4841,0,7231,2288738,974386,106495,6776,575,199.72427,4876.77161174,88896,111351,142618,236542,730,214725,333667,12072,4147.04097,635825,15,66.65,77.04,104.79,NA
2019-2020,Feb,31,UTTAR PRADESH,3125,BAREILLY,2860320,177.844920940466,35,256,480.135142665,12617,0,9152,2742427,689635,56974,758,56,272.80094,5630.203212665,78145,93877,130269,214573,1237,264247,392091,21769,4877.26713,460406,49,69.87,74.08,102.39,NA
2019-2020,Feb,31,UTTAR PRADESH,3128,KHERI,5477838,179.124343076259,42,475,1090.362495175,18342,1,18686,6058618,1989422,152272,60038,6173,477.74751,12420.569697175,141753,175800,246366,407810,2319,545413,786756,37028,10852.459692,1515501,70,80.63,63.18,100.5,NA
2019-2020,Feb,31,UTTAR PRADESH,3129,SITAPUR,9029898,179.885892261715,46,574,2741.76308119,36462,1,27824,8875675,3231089,299878,11006,849,736.51669,19444.36693919,190402,253581,344949,681932,2846,669065,1157863,64286,15966.087168,2463361,73,67.12,47.9,103.94,NA
2019-2020,Feb,31,UTTAR PRADESH,3136,KANPUR DEHAT,2107354,178.85176248841,43,212,490.707338470001,5452,1,6722,1968325,723606,53520,12104,841,163.46515,4174.55644247,44815,52825,73777,128986,661,223611,339380,12174,3520.383954,481553,61,54.24,58.22,104.95,NA
2019-2020,Feb,31,UTTAR PRADESH,3150,SULTANPUR,3682407,176.506965142531,50,97,1574.743818902,16936,1,15201,3967758,920971,60182,9457,436,319.13619,8897.249238902,78772,87695,145507,208463,1493,326103,433902,32137,7003.36923,1570941,70,65.45,50.25,100.27,NA
2019-2020,Feb,31,UTTAR PRADESH,3157,AZAMGARH,6562634,176.030714729702,40,167,1856.14699119,17876,7,12518,6232482,2412187,124088,13887,487,458.06775,13285.29735119,154044,163388,249446,312909,659,512925,616682,30394,10971.08261,2567690,64,63.17,61.42,103.16,NA
2019-2020,Feb,31,UTTAR PRADESH,3167,AMROHA,2202873,175.906139532846,34,114,748.41337852,4227,0,3318,2099606,569769,51999,422,35,166.15028,4607.89951852,60756,79923,103009,176563,584,156461,251428,7545,3693.33586,508339,12,82.92,81.14,102.28,NA
2019-2020,Feb,31,UTTAR PRADESH,3172,KUSHI NAGAR,5090801,183.759362266489,46,288,2014.378786566,11482,1,21478,5433743,1576290,98299,7782,445,503.32462,12502.714890566,117842,140293,194141,307743,1704,417616,596103,32960,9985.011484,1857473,43,73.45,65.49,104.85,NA
2019-2020,Feb,31,UTTAR PRADESH,3176,SHRAVASTI,2088388,181.858112073713,50,114,691.265758645999,4280,0,6256,2068121,697405,44412,12811,984,167.84314,4620.154704646,40985,52197,69602,129686,1595,132059,220018,10536,3761.045806,659871,46,82.21,82.22,103.82,NA
2019-2020,Feb,31,UTTAR PRADESH,3177,CHITRAKOOT,2991023,181.40414017077,52,72,596.944529935,8378,0,12058,2774958,1217606,80981,159,6,216.00932,5846.842549935,52551,79232,81775,166599,3015,130245,251476,20436,5033.8887,1175670,64,57.28,51.22,103.34,NA
2019-2020,April,31,UTTAR PRADESH,3118,ALIGARH,177070,161.877324368537,9,26,0,217,538,3337,66631,18706,44640,47,171,0,107.86048,6787,7140,102910,145272,0,198473,267818,3554,107.86048,14515,23,67.66,66.22,103.58,NA
2019-2020,April,31,UTTAR PRADESH,3120,AGRA,178300,199.979581730849,13,15,0,361,471,2140,60583,16638,37377,227,873,0,121.15363,4501,4986,73645,109328,0,159307,216898,2501,121.15363,18538,43,44.98,46.4,99.98,NA
2019-2020,April,31,UTTAR PRADESH,3123,MAINPURI,181796,137.52453996871,19,11,0,518,273,6286,80538,12853,41254,75,149,0,110.759514,4048,5054,84733,128148,0,158915,225412,6804,110.759514,31107,66,78.52,6.85,124.03,NA
2019-2020,April,31,UTTAR PRADESH,3124,BUDAUN,309893,166.852110494748,15,51,0,1135,277,10947,177565,21853,41871,59,96,0,296.27095,11292,12320,128356,180674,0,259730,345738,12082,296.27095,46074,59,60.01,29.19,107.78,NA
2019-2020,April,31,UTTAR PRADESH,3128,KHERI,412490,150.048983491182,18,43,0,2448,234,17095,290996,52944,152527,1722,6118,0,436.63654,15613,20183,242902,404335,1,529616,767745,19543,436.63654,99588,78,88.84,11.51,100.85,NA
2019-2020,April,31,UTTAR PRADESH,3129,SITAPUR,679966,136.422459418212,16,98,0,2456,193,33047,540575,163133,297980,635,843,0,737.46571,32304,40711,334094,668512,0,637124,1118211,35503,737.46571,161691,74,70.83,22.16,115.25,NA
2019-2020,April,31,UTTAR PRADESH,3131,UNNAO,313557,128.98230365289,14,21,0,892,193,8651,234992,64781,77674,395,523,0,303.098095,15861,16834,142860,209851,0,372701,489129,9543,303.098095,68337,67,77.13,49.93,101.66,NA
2019-2020,April,31,UTTAR PRADESH,3142,BANDA,327272,138.215963282521,20,5,0,1231,12,14983,290216,62414,78821,168,170,0,401.12484,14195,18826,122664,271269,0,219549,458120,16214,401.12484,137166,79,79.9,44.85,100.79,NA
2019-2020,April,31,UTTAR PRADESH,3143,FATEHPUR,322417,119.450586163674,20,57,0,894,108,17949,398097,136634,93495,29,20,0,475.5292,19207,21233,141068,208258,0,273578,378406,18843,475.5292,165933,76,65.39,46.71,101.09,NA
2019-2020,April,31,UTTAR PRADESH,3145,PRAYAGRAJ,323223,116.019960920089,18,57,0,1834,159,21418,444218,163678,156100,291,110,0,515.38155,23856,28243,177399,294573,0,371951,574242,23252,515.38155,178784,71,71.25,40.57,104.93,NA
2019-2020,April,31,UTTAR PRADESH,3155,DEORIA,274217,132.907400122162,18,13,0,809,563,7658,193186,55441,46952,5792,4575,0,256.75849,10253,10721,125992,158571,0,245054,298115,8467,256.75849,76124,42,59.6,52.58,100.02,NA
2019-2020,April,31,UTTAR PRADESH,3158,JAUNPUR,369808,93.9713518577117,17,31,0,1161,576,16052,638366,222706,99046,2302,1517,0,599.88116,36224,37899,190562,240748,0,421836,515914,17213,599.88116,288405,56,75.95,58.05,103.47,NA
2019-2020,April,31,UTTAR PRADESH,3165,BAGHPAT,6561,410.864077669903,11,0,0,16,200,538,515,177,2986,0,6,0,2.11595,44,46,5909,8777,0,32223,44653,554,2.11595,222,4,15.38,46.15,104.9,NA
2019-2020,April,31,UTTAR PRADESH,3166,HATHRAS,57056,151.172927443599,13,5,0,369,315,1108,36923,10296,16551,43,49,0,55.81758,2644,3031,36053,56756,0,75003,108421,1477,55.81758,5899,16,33.08,39.14,103.13,NA
2019-2020,April,31,UTTAR PRADESH,3168,KANNAUJ,128947,108.115069198426,16,17,0,1010,245,11057,81577,20255,50926,22,60,0,88.19703,4975,5624,81189,125434,0,150794,213036,12067,88.19703,25574,59,86.68,33.84,147.51,NA
2019-2020,April,31,UTTAR PRADESH,3169,AURAIYA,100276,101.3080435576,15,7,0,214,112,8409,117821,34969,46996,400,426,0,119.36215,7824,8533,65097,97483,0,133360,186880,8623,119.36215,42098,78,71.73,27.65,110.44,NA
2019-2020,April,31,UTTAR PRADESH,3170,KAUSHAMBI,145564,100.677197222853,20,9,0,373,81,9527,123292,46274,81934,36,80,0,124.12693,6161,6886,73699,138936,0,209949,340906,9900,124.12693,51072,83,84.29,35.23,107.07,NA
2019-2020,April,31,UTTAR PRADESH,3175,BALRAMPUR,296121,87.5112814296328,15,15,0,165,403,4273,179011,31283,30035,3973,2876,0,156.65482,11508,12437,104921,152860,0,187369,258039,4438,156.65482,53339,37,77.43,73.98,110.72,NA
2019-2020,April,31,UTTAR PRADESH,3179,MAHOBA,103847,90.728218667495,18,4,0,262,94,6265,51512,9371,37065,84,171,0,46.73592,2825,3935,45925,130446,0,100837,264045,6527,46.73592,19719,64,61.93,19.73,111.29,NA
2019-2020,April,31,UTTAR PRADESH,3181,AMETHI,231876,89.3726512563657,19,12,0,675,200,20943,286302,77142,56007,1218,804,0,255.875688,14895,16853,111817,187099,0,232130,353732,21618,255.875688,104166,73,55.06,24.62,129.96,NA
2019-2020,July,31,UTTAR PRADESH,3115,MEERUT,152245,135.704101863199,36,7,0.896,195,32,892,240715,123483,12303,82,10,11.05518,338.6113088,6664,7774,20594,26547,7,55728,68493,1087,326.6601288,85573,16,45.35,85.2,107.95,NA
2019-2020,July,31,UTTAR PRADESH,3119,MATHURA,588577,136.96993185885,26,20,1.456,193,61,6845,611378,206620,39104,1566,255,7.6298,846.48983,23427,31269,59480,102231,9,132195,219237,7038,837.40403,213765,19,86.46,91.55,109.81,NA
2019-2020,July,31,UTTAR PRADESH,3120,AGRA,980962,154.737672090113,27,81,6.272,1124,5,2481,1106615,357081,38114,8542,876,9.70151,1728.3238,39730,47315,76192,112712,17,162589,221224,3605,1712.35029,339521,31,88.46,88.87,100.34,NA
2019-2020,July,31,UTTAR PRADESH,3127,SHAHJAHANPUR,1491062,159.486227225133,22,98,5.7216564,3233,42,8076,857634,257423,80676,387,87,15.55698,1389.0867464,37332,43259,151739,252020,17,318851,470225,11309,1367.80811,178443,69,81.5,57.11,115.11,NA
2019-2020,July,31,UTTAR PRADESH,3132,LUCKNOW,625069,164.265645693199,22,37,3.696,1646,36,4017,420579,270941,77881,813,308,6.75075,701.31356,18372,20831,63699,115241,7,192688,296628,5663,690.86681,113427,54,64.92,67.38,103.16,NA
2019-2020,July,31,UTTAR PRADESH,3139,JHANSI,1553843,171.687010658707,40,124,25.7356165,2966,5,7442,1448018,475014,76982,17426,1736,109.65796,2621.4523945,36032,51036,102502,210718,526,191423,377892,10408,2486.058818,549780,43,75.48,68.39,102.77,NA
2019-2020,July,31,UTTAR PRADESH,3148,BARABANKI,1804969,178.108130233845,29,52,230.282635458,4827,4,7582,1359063,560381,121765,795,146,61.48836,2712.372693458,46132,53792,177797,294097,68,455900,656358,12409,2420.601698,390373,53,64.32,66.94,100.01,NA
2019-2020,July,31,UTTAR PRADESH,3150,SULTANPUR,1525584,173.072787747565,33,60,71.850683792,6994,11,13501,1518588,352465,60293,2896,450,64.46633,2764.579599792,45416,50089,144803,208193,26,315117,421975,20495,2628.262586,607337,72,73.89,49.71,100.2,NA
2019-2020,July,31,UTTAR PRADESH,3153,BASTI,2907570,182.680779327251,27,83,22.124003028,3449,48,16916,2222404,524406,95929,1043,170,98.71591,4180.744860028,82136,95291,245315,371544,54,379784,551627,20365,4059.904947,995155,42,78.6,73.67,100.47,NA
2019-2020,July,31,UTTAR PRADESH,3155,DEORIA,1508672,167.813477628471,26,37,51.441869205,2718,48,7187,974207,291469,47182,31918,4598,19.28225,1705.574765205,37401,39008,127268,160000,8,247447,300802,9905,1634.850646,350786,42,72.05,72.49,100.13,NA
2019-2020,July,31,UTTAR PRADESH,3162,MIRZAPUR,1423356,159.958275273307,30,54,19.59626,3679,2,15707,1235790,511023,114187,11816,2501,13.78888,2010.13351,40843,53642,126342,236254,46,308212,515156,19386,1976.74837,554926,70,72.83,57.31,100.8,NA
2019-2020,July,31,UTTAR PRADESH,3173,SANT RAVIDAS NAGAR,598387,158.387457802026,25,22,7.74134,783,2,7489,432189,170732,44161,1874,389,2.456,694.73051,17204,21081,51016,100349,5,136200,240893,8272,684.53317,183072,55,85.31,71.24,102.39,NA
2019-2020,July,31,UTTAR PRADESH,3181,AMETHI,1275720,167.056172430245,28,47,56.1864423,6527,15,16666,968322,255785,55909,4479,803,33.8364,1707.6645123,33625,39319,113262,189912,28,237014,360872,23193,1617.64167,340980,72,69.1,41.54,112.54,NA
2019-2020,July,31,UTTAR PRADESH,3182,HAPUR,49048,165.329007672033,20,12,0,74,10,362,59567,30365,3630,0,5,0,98.48153,2896,3190,8207,9384,0,12902,14773,436,98.48153,21143,23,45.96,62.07,99.99,NA
2019-2020,June,31,UTTAR PRADESH,3116,GHAZIABAD,0,155.235294117647,6,0,0,1,161,7,68,29,22,0,0,0,0.10556,10,10,74,196,0,17616,25865,8,0.10556,34,12,0,100,100,NA
2019-2020,June,31,UTTAR PRADESH,3121,FIROZABAD,550757,125.570007596535,22,34,28.8097494,626,45,1541,560782,258679,39437,665,117,7.62974,740.6134894,25397,28163,71095,94437,3,146488,188724,2167,704.174,186987,38,70.6,68.1,101.19,NA
2019-2020,June,31,UTTAR PRADESH,3122,ETAH,550994,136.799359587501,20,23,63.2426631,1294,58,5138,315734,70661,30683,7,17,5.992,501.1567531,15700,17861,69972,109524,0,156626,228448,6432,431.92209,87813,54,73.96,45.97,103.43,NA
2019-2020,June,31,UTTAR PRADESH,3123,MAINPURI,693783,138.452601110253,19,39,12.9910432,2540,64,5129,340643,91336,41456,212,150,8.8339,493.4540372,17302,20322,85469,128949,6,159972,226597,7669,471.629094,112472,63,79.4,42.71,106.73,NA
2019-2020,June,31,UTTAR PRADESH,3126,PILIBHIT,819296,139.276993336153,19,133,283.884046991,2774,31,6196,799238,146429,48901,1609,500,36.76649,1433.805192991,42010,49646,136040,231012,11,290629,426445,8970,1113.154656,161488,60,60.69,56.75,100.35,NA
2019-2020,June,31,UTTAR PRADESH,3132,LUCKNOW,433577,139.418811653088,17,24,3.696,1271,70,3064,238735,152558,77838,446,307,6.75075,343.28825,13450,15057,63602,115132,1,192524,296447,4335,332.8415,66317,51,63.39,57.95,104.07,NA
2019-2020,June,31,UTTAR PRADESH,3135,ETAWAH,469934,147.171155242743,18,18,3.248,1967,19,7383,294674,117033,42544,425,157,0.672,437.59513,16282,17993,65978,97918,0,148043,200175,9350,433.67513,75146,62,55.23,44.21,109.88,NA
2019-2020,June,31,UTTAR PRADESH,3142,BANDA,1248958,159.350129219368,29,11,185.438755241,3902,0,12679,759948,180798,78824,462,170,52.75528,1449.172155241,26052,36241,122755,271376,42,219666,458252,16581,1210.97812,349442,78,79.85,51.14,100.69,NA
2019-2020,June,31,UTTAR PRADESH,3144,PRATAPGARH,1502841,156.941722511753,26,42,28.1606,6137,89,14825,1351805,705721,130927,1816,373,66.565,2216.271652,51603,62611,204522,279100,48,394520,529108,20962,2121.546052,579867,82,58.29,40.27,129.88,NA
2019-2020,June,31,UTTAR PRADESH,3149,AYODHYA,1036524,153.23131010669,25,50,35.7500703,3513,23,9131,861281,295019,83708,1393,375,28.25,1383.7522303,33650,37370,126129,207094,17,235978,357179,12644,1319.75216,369463,53,70.51,61.9,109.07,NA
2019-2020,June,31,UTTAR PRADESH,3150,SULTANPUR,1058217,168.183949322023,30,51,71.850683792,5171,20,14371,1206678,273437,60264,1988,420,64.46633,2165.755729792,38943,42924,144260,207507,8,313870,420477,19542,2029.438716,488194,73,73.08,43.48,100.2,NA
2019-2020,June,31,UTTAR PRADESH,3151,SIDDHARTH NAGAR,2609628,150.132737981052,28,80,12.1301141,2558,72,9921,3320611,704643,76920,3988,312,122.842,5120.2963261,116246,129525,255072,342331,73,374011,485845,12479,4985.32421199999,1635508,30,61.18,70.24,107.92,NA
2019-2020,June,31,UTTAR PRADESH,3156,MAU,1264259,137.639034533811,24,137,43.261748767,2777,39,6127,1075294,291813,63372,8791,1439,42.984,1566.270028767,43558,47660,154058,211232,6,248635,327894,8904,1480.02428,466101,55,61.06,52.72,100.66,NA
2019-2020,June,31,UTTAR PRADESH,3168,KANNAUJ,492095,155.137864203954,20,41,5.824,3403,30,9438,307520,89891,50760,154,60,23.54172,506.44568,15281,17082,81307,125304,0,149222,211019,12841,477.07996,82637,58,73.06,40.9,116.98,NA
2019-2020,June,31,UTTAR PRADESH,3172,KUSHI NAGAR,1462948,153.677352142402,27,214,43.505051,2277,15,20166,2164346,618034,98278,2915,441,86.78622,3456.400895,79110,92191,192984,306454,49,411814,589384,22443,3326.109624,761500,42,79.05,73.14,108.92,NA
2019-2020,June,31,UTTAR PRADESH,3174,SANT KABEER NAGAR,1317832,125.459561164683,28,33,11.088,3765,40,7599,1647315,543672,92201,2542,521,39.156,2116.95817,58031,67044,153188,261777,7,286026,447307,11364,2066.71417,740316,65,76.63,78.42,100.26,NA
2019-2020,June,31,UTTAR PRADESH,3177,CHITRAKOOT,859533,139.238125770176,25,30,6.6707457,3171,0,11856,619177,270339,81110,6,6,36.06806,904.8692557,24535,35164,81126,166333,42,129819,251780,15027,862.13045,267304,65,69.71,61.06,104.48,NA
2019-2020,June,31,UTTAR PRADESH,3178,AMBEDKAR NAGAR,919114,142.611418970327,26,18,58.499338592,2027,24,5141,788600,279192,92201,1723,511,28.34,1211.472988592,29920,34285,115839,203901,15,257507,405964,7168,1124.63365,335566,69,81.72,63.94,100,NA
2019-2020,Nov,31,UTTAR PRADESH,3119,MATHURA,1132292,175.669552746251,37,29,815.178534758001,678,16,7333,1186217,392663,39171,2772,255,101.72285,3000.723483258,31259,42238,59934,102845,129,132794,220038,8011,2083.8220985,407525,20,61.01,68.52,106.19,NA
2019-2020,Nov,31,UTTAR PRADESH,3120,AGRA,1887153,179.240639918194,37,96,239.748376325,2661,3,2192,1783728,564568,38293,12789,876,127.25369,3564.167547925,47041,56517,76845,113615,287,163623,222669,4853,3197.1654816,547920,35,80,83.01,100.46,NA
2019-2020,Nov,31,UTTAR PRADESH,3122,ETAH,1528142,178.70684689846,41,71,596.68086969,4071,5,4326,1497627,341034,30731,214,17,104.19048,3377.23333969,36381,41696,70846,110551,200,157795,229898,8397,2676.36199,405931,49,71.4,70.81,105.13,NA
2019-2020,Nov,31,UTTAR PRADESH,3127,SHAHJAHANPUR,2868472,172.639867087328,33,199,892.556316297001,5967,1,10380,2531888,760349,80788,980,89,215.71731,5479.321704297,74837,88586,153594,253656,428,322015,473235,16347,4371.048078,461890,69,78.48,63.6,108.08,NA
2019-2020,Nov,31,UTTAR PRADESH,3130,HARDOI,6663336,175.490896355521,42,168,1583.061449458,11354,2,13816,5329459,1877934,139037,5265,369,416.07744,11351.854259458,125276,136496,251881,350954,577,580162,746532,25170,9352.71537,1135065,62,70.67,71.38,109.65,NA
2019-2020,Nov,31,UTTAR PRADESH,3135,ETAWAH,1303328,176.398025838469,35,43,179.653703711,4431,0,7658,1233587,477115,42717,2930,157,122.59703,2478.273848711,34783,38534,67054,99074,362,149778,202040,12089,2176.023115,273755,59,47.69,67.71,105.69,NA
2019-2020,Nov,31,UTTAR PRADESH,3137,KANPUR NAGAR,1079451,179.754892254648,36,51,257.428901237,3502,0,4296,917673,359981,44441,16291,2095,78.18459,1985.175603637,25287,29884,57439,106811,144,201907,309837,7798,1649.5621124,193797,48,55.41,63.25,107.92,NA
2019-2020,Nov,31,UTTAR PRADESH,3139,JHANSI,2989250,182.270966719236,52,158,1444.442427499,4412,0,8466,2466590,789853,77032,26625,1723,312.72438,6253.044245499,47140,67647,102666,210828,2280,193059,380403,12878,4495.877438,924711,47,72.04,58.62,102.16,NA
2019-2020,Nov,31,UTTAR PRADESH,3144,PRATAPGARH,4168018,173.487446477725,36,53,1341.068629739,12845,12,12700,3295824,1560878,130965,3257,379,287.10545,7346.014977739,90526,106474,206459,279798,300,399156,531461,25545,5717.840898,1440098,81,53,43.89,115.94,NA
2019-2020,Nov,31,UTTAR PRADESH,3147,GONDA,4420132,177.505535932785,40,116,4785.34956958,10430,163,16169,3821524,725587,52450,9936,490,545.786,12114.55222658,94430,100238,192554,236930,415,341916,409528,26599,6783.416657,1430296,62,63.91,58.46,112.45,NA
2019-2020,Nov,31,UTTAR PRADESH,3153,BASTI,5593521,163.49442423315,37,136,2241.738977397,7419,11,17893,4509030,1062521,96011,1918,170,314.30151,9928.053124397,120510,141330,247405,373789,824,382877,555012,25312,7372.012637,1981807,41,72.95,67.09,101.14,NA
2019-2020,Nov,31,UTTAR PRADESH,3174,SANT KABEER NAGAR,3654910,176.209117902836,40,42,1396.004003117,7451,1,8580,3385296,1095027,92177,5737,516,282.79094,7643.995163117,83468,101181,155094,264392,586,291504,453991,16031,5965.20022,1479995,57,55.51,55.1,100.56,NA
2019-2020,Nov,31,UTTAR PRADESH,3178,AMBEDKAR NAGAR,2549095,169.779815318748,37,39,1397.862364782,4176,2,5309,2049802,719672,92077,5056,512,169.2578,5047.270214782,55299,64857,116536,204516,369,258538,406966,9485,3480.15005,816848,68,80.67,67.46,100.16,NA
2019-2020,Nov,31,UTTAR PRADESH,3179,MAHOBA,1099126,173.582611837915,42,21,268.38438872,1914,1,6322,816360,178057,37151,643,171,46.07941,1731.52280872,19218,30096,47159,132353,651,102637,266905,8236,1417.05901,303802,67,72.92,63.25,110.33,NA
2019-2020,Dec,31,UTTAR PRADESH,3111,RAMPUR,1446841,176.934122816686,41,60,1232.903209588,3267,1,4686,2159218,471797,27262,2672,153,157.4519,5210.748537588,51441,56781,83955,116052,419,166657,218116,7953,3820.393428,387776,24,50.85,58.49,127.33,NA
2019-2020,Dec,31,UTTAR PRADESH,3114,MUZAFFARNAGAR,524239,181.063160205562,40,15,69.188533,1485,0,1794,578513,165248,10877,893,75,33.27685,1149.939303,14183,14928,30008,36453,264,86391,105777,3279,1047.47392,158657,9,67.75,86.87,102.33,NA
2019-2020,Dec,31,UTTAR PRADESH,3126,PILIBHIT,2310470,175.668025490731,33,241,1707.757177868,5398,0,10535,2640960,501778,48685,5215,502,244.76664,6591.846103868,78872,96853,137435,232260,522,292605,428458,15933,4639.322286,504664,57,64.54,62.75,100.38,NA
2019-2020,Dec,31,UTTAR PRADESH,3132,LUCKNOW,1222715,174.812094963295,38,61,395.214778576,2894,34,4419,1187701,762301,78166,2763,309,102.2293,2573.689078576,31023,36521,64175,115749,541,193481,297539,7313,2076.245,306042,53,70.09,65.12,103.44,NA
2019-2020,Dec,31,UTTAR PRADESH,3136,KANPUR DEHAT,1707809,174.686623197455,39,195,475.195338470001,4380,1,7386,1636714,605367,53552,10403,843,122.91747,3457.23322647,40959,48208,73724,129080,353,222414,338096,11766,2859.120418,404660,61,54.59,57.4,105.66,NA
2019-2020,Dec,31,UTTAR PRADESH,3140,LALITPUR,3099386,180.732130866989,47,109,2015.91180348,3546,0,3528,3127328,724553,56859,220248,17349,159.43064,7827.42897708,65990,93142,114939,226544,3823,181434,339619,7074,5652.0865336,1139547,55,65.66,65.86,100.1,NA
2019-2020,Dec,31,UTTAR PRADESH,3149,AYODHYA,2923062,173.705475926257,41,135,1705.46667915,9157,0,9301,2793500,1012066,84228,4474,377,221.624,6779.55314915,67293,77444,127471,208680,879,239075,361025,18458,4852.46247,1105835,53,76.19,67.85,104.82,NA
2019-2020,Dec,31,UTTAR PRADESH,3156,MAU,3565292,172.508140246673,42,287,1966.352866066,6407,2,4855,3487769,962775,64345,28620,1461,229.306,8212.344304066,82470,91379,157493,214718,898,255274,334971,11262,6016.685438,1532321,51,71.6,67.86,100.76,NA
2019-2020,Dec,31,UTTAR PRADESH,3157,AZAMGARH,5318387,175.735612848844,35,131,1798.02329119,12348,8,14560,4880657,1878412,124044,10264,487,336.6501,10711.72588119,137911,145797,248872,312342,290,508089,611338,26908,8577.05249,2016186,66,65.34,65.73,103.18,NA
2019-2020,Dec,31,UTTAR PRADESH,3166,HATHRAS,614044,178.99196882087,30,30,298.423690705,1535,0,1515,634527,193919,16944,624,56,60.53314,1494.709200705,21021,24124,36878,57646,179,76269,109851,3050,1135.75237,83195,20,66.82,75.23,102.49,NA
2019-2020,Dec,31,UTTAR PRADESH,3169,AURAIYA,1079182,182.636470060644,33,43,262.989193023,5463,1,4725,1070347,445460,47003,5094,425,90.77005,2308.603221223,32115,36220,65449,97732,261,134141,187598,10188,1954.8439782,305028,73,58.07,56.75,104.49,NA
2019-2020,Oct,31,UTTAR PRADESH,3115,MEERUT,264787,175.341231174177,41,10,17.2014682,856,4,602,404232,198595,12461,82,10,13.87801,739.8648438,9809,11312,21100,27126,32,56821,69729,1458,708.7853656,141069,23,59.54,72.7,106.89,NA
2019-2020,Oct,31,UTTAR PRADESH,3117,BULANDSHAHR,136488,181.405622710989,18,16,31.86539598,762,30,2765,199868,47927,9290,0,0,6.32615,400.76333598,10999,12218,26383,36605,10,110538,143067,3527,362.57179,50368,11,84.39,89.37,103.5,NA
2019-2020,Oct,31,UTTAR PRADESH,3119,MATHURA,1023662,174.514748683034,36,28,166.763556955,648,19,7089,1086019,360893,39178,2468,255,52.52208,2114.548965455,30118,40641,59860,102774,83,132669,219910,7737,1895.2633285,374053,19,64.12,71.41,106.77,NA
2019-2020,Oct,31,UTTAR PRADESH,3135,ETAWAH,1178289,181.876617220664,32,36,162.412923711,4121,0,7411,1064326,420068,42703,2546,157,52.5482,2150.721248711,32515,35733,66875,98895,220,149537,201789,11532,1935.760125,231579,58,46.47,68.45,106.53,NA
2019-2020,Oct,31,UTTAR PRADESH,3137,KANPUR NAGAR,975891,179.459494113008,34,50,229.641116591,3242,0,4398,834297,328066,44442,14888,2096,44.02962,1770.895912191,24205,28539,57414,106807,87,201861,309809,7640,1497.2251756,177349,48,54.63,63.86,108.31,NA
2019-2020,Oct,31,UTTAR PRADESH,3139,JHANSI,2702467,183.905406224879,49,144,1301.588131999,4235,0,7910,2213023,711193,77029,24130,1723,181.29157,5552.748639999,44444,63627,102659,210827,1768,193037,380376,12145,4069.868938,833405,46,72.09,63.34,101.91,NA
2019-2020,Oct,31,UTTAR PRADESH,3143,FATEHPUR,3085109,173.771393951972,40,133,1423.416247718,11368,0,15495,2727203,1029939,94426,256,20,158.49,6321.004916718,67065,76050,143867,211414,444,278324,383678,26863,4739.098669,1048174,71,68.19,63.12,102.68,NA
2019-2020,Oct,31,UTTAR PRADESH,3150,SULTANPUR,2653318,178.044154527983,39,74,1423.75254507,10454,2,16852,2417478,554776,60284,5058,440,147.11433,5875.04514107,60570,67024,145053,208174,153,318891,426064,27306,4304.178266,961987,74,67.67,50.1,100.15,NA
2019-2020,Oct,31,UTTAR PRADESH,3153,BASTI,5056888,169.40322008058,33,116,2041.070864176,5932,12,17477,3509819,827455,96017,1530,170,168.62917,8155.446439176,105221,122933,247179,373610,352,382445,554606,23409,5945.746405,1549147,42,72.4,67.6,101.28,NA
2019-2020,Oct,31,UTTAR PRADESH,3154,GORAKHPUR,3398556,177.268426993748,30,79,982.488628898,5892,6,8904,2226234,550807,67275,6015,722,173.68066,5102.579281898,72034,78866,162776,232580,81,387798,511268,14796,3946.409993,870031,57,59.54,63.99,104.75,NA
2019-2020,Oct,31,UTTAR PRADESH,3158,JAUNPUR,3538583,171.527756544733,40,173,2718.137579815,10815,12,14912,3890686,1431771,101144,19495,1528,205.4404,9597.184389815,96705,102311,194961,245327,733,437685,532401,25727,6673.60641,1723796,51,70.36,70.28,102.66,NA
2019-2020,Oct,31,UTTAR PRADESH,3174,SANT KABEER NAGAR,3304264,182.375872667332,38,41,1317.124565117,6662,1,8449,2992979,969923,92153,5230,516,186.75198,6962.348115117,78401,93952,154783,263947,312,291154,453455,15111,5458.47157,1314720,58,57.83,58.55,100.61,NA
2019-2020,Oct,31,UTTAR PRADESH,3175,BALRAMPUR,2833495,171.268790592384,41,74,567.226938222,1647,0,5655,2307237,432500,30277,39087,2898,128.38676,4647.190604222,56256,63117,106845,154941,583,190017,260897,7302,3951.576906,698307,37,75.6,83.74,101.96,NA
2019-2020,Oct,31,UTTAR PRADESH,3178,AMBEDKAR NAGAR,2304540,174.757304036059,34,32,1357.310231382,3840,2,5184,1709192,599981,92109,4031,512,98.827,4443.075091382,49886,58223,116456,204449,181,258438,406882,9024,2986.93786,687303,69,79.22,66.76,100.16,NA
2019-2020,Oct,31,UTTAR PRADESH,3181,AMETHI,2218751,176.894130734732,34,56,1215.795264498,10123,1,17280,1608968,410111,55825,6660,714,112.26724,4174.232461898,46057,55253,113744,190125,119,239734,363383,27403,2846.1699574,545173,72,67.02,43.86,109.04,NA
2019-2020,May,31,UTTAR PRADESH,3111,RAMPUR,294437,92.6376402897331,12,25,0.38,473,183,4293,263829,55896,26778,316,151,1.7563,246.54126,21974,23358,82103,114163,0,164383,215846,4766,244.40496,46343,30,32.31,32.61,131.93,NA
2019-2020,May,31,UTTAR PRADESH,3115,MEERUT,60606,91.8944126100119,22,4,0.56,23,230,733,78287,41678,12184,26,10,10.41318,82.9145588,3501,4182,19835,25630,0,54312,66817,756,71.9413788,27871,12,38.49,88.68,103.89,NA
2019-2020,May,31,UTTAR PRADESH,3120,AGRA,390501,110.472777139941,14,40,2.576,595,244,2292,313560,105113,37760,1850,874,2.48551,351.45995,21263,24478,75221,111228,0,161295,219276,2887,346.39844,95979,38,74.67,73.7,99.96,NA
2019-2020,May,31,UTTAR PRADESH,3127,SHAHJAHANPUR,593561,152.71566946763,20,32,2.016,1380,231,9231,320247,85992,80549,228,85,6.99846,498.08181,15694,18364,150723,250923,0,317413,468697,10611,489.06735,86574,72,82.69,28.97,107.82,NA
2019-2020,May,31,UTTAR PRADESH,3136,KANPUR DEHAT,347546,131.586016717276,18,40,2.912,788,36,8882,186394,50273,53342,989,846,2.71755,250.89799,10191,11492,72713,128467,0,219726,335609,9670,245.26844,62675,65,52.72,16.79,111.93,NA
2019-2020,May,31,UTTAR PRADESH,3144,PRATAPGARH,862470,156.036488176919,24,34,4.1685,4111,271,15791,956096,515987,130973,1608,372,23.718,1519.745122,39660,49479,203041,277436,3,391520,525636,19902,1491.858622,398663,82,61.41,36.31,113.73,NA
2019-2020,May,31,UTTAR PRADESH,3145,PRAYAGRAJ,707899,153.345191694056,23,85,10.16673,4977,9,18731,772507,300847,156330,369,109,29.20615,1223.97522,33369,39905,177972,295256,2,373715,576498,23708,1184.60234,309260,71,74.82,44.99,104.06,NA
2019-2020,May,31,UTTAR PRADESH,3146,BAHRAICH,1017655,161.954898004068,25,121,7.056,7216,7,17208,1505011,215341,69400,5111,2904,89.404,2533.89903,58728,71162,220984,356518,5,461515,663271,24424,2437.43903,530267,86,67.09,41.21,101.02,NA
2019-2020,May,31,UTTAR PRADESH,3149,AYODHYA,594854,158.115484115366,22,37,15.8695,2449,51,9890,525319,161329,83640,832,375,19,865.48018,23691,26246,125860,206751,3,235555,356646,12339,830.61068,224205,53,68.86,53.64,105.21,NA
2019-2020,May,31,UTTAR PRADESH,3154,GORAKHPUR,777877,179.534474164516,16,26,4.816,1687,198,9422,397225,91277,66826,844,722,1.79569,719.767505,24305,26569,161029,230673,0,381247,504149,11109,713.155815,159910,59,71.33,55.9,109.44,NA
2019-2020,May,31,UTTAR PRADESH,3160,GHAZIPUR,732746,186.415308053978,27,1,0.97015,1319,453,6280,131016,18274,74224,1213,1490,1.4785,246.68253,4746,5522,162825,262906,0,354108,538808,7599,244.23388,54042,58,75.33,10.86,114.01,NA
2019-2020,May,31,UTTAR PRADESH,3162,MIRZAPUR,566609,161.049197968501,23,29,10.86026,1556,26,14860,467438,176672,114025,4253,2491,9.19688,772.86229,19481,25030,125371,234799,15,306781,513030,16416,752.80515,209118,71,79.64,44.8,100.19,NA
2019-2020,May,31,UTTAR PRADESH,3168,KANNAUJ,282410,158.2825630372,18,29,3.92,2313,112,10172,175214,46135,50709,61,60,21.91072,303.16393,9253,10457,80814,124736,0,148396,210103,12485,277.33321,51625,59,76.08,33.77,127.16,NA
2019-2020,May,31,UTTAR PRADESH,3169,AURAIYA,219618,159.365415380958,19,10,3.808,786,29,7956,201899,67095,47008,692,426,15.47,341.03518,10373,11390,65172,97544,0,133528,187051,8742,321.75718,71597,78,77.17,25.78,113.38,NA
2019-2020,May,31,UTTAR PRADESH,3177,CHITRAKOOT,493280,138.879914873084,20,18,4.8787457,2422,0,11138,277703,104049,81052,0,6,22.31956,412.8719957,13473,18552,80619,165681,2,129287,251113,13560,385.67369,113815,67,76.9,40.4,103.6,NA
2019-2020,May,31,UTTAR PRADESH,3178,AMBEDKAR NAGAR,527474,147.357032060203,22,8,8.6807954,1413,110,5508,451276,148274,92152,977,513,17.662,691.3297154,19625,22485,115394,203409,0,256720,405095,6921,664.98692,195726,70,77.74,55.9,100.02,NA
2019-2020,May,31,UTTAR PRADESH,3180,KASHGANJ,270851,106.790563272794,15,60,2.576,817,41,1886,279101,60534,23406,372,64,12.694,313.32353,17516,19944,58653,107655,1,131931,208524,2703,298.05353,75632,21,67.43,83.05,101.13,NA
2019-2020,May,31,UTTAR PRADESH,3183,SHAMLI,52015,114.418829161265,16,1,0,89,138,1220,50135,3773,2402,14,13,0,57.36388,3047,3181,17782,21203,0,38259,45103,1309,57.36388,12339,13,50.89,69.21,104.94,NA
2019-2020,Jan,31,UTTAR PRADESH,3115,MEERUT,330766,175.57839902063,45,13,20.3374682,1148,4,503,496646,240849,12512,110,10,24.42967,916.7702338,10870,12517,21194,27227,125,57185,70118,1651,872.0030956,175883,23,59.52,70.41,106.45,NA
2019-2020,Jan,31,UTTAR PRADESH,3124,BUDAUN,3704149,179.562271644984,44,364,502.3756109,8960,2,8862,3574916,687991,42520,3046,107,211.57674,7133.1527299,80130,88592,134112,186695,1496,268019,354380,17822,6419.200379,680044,51,75.34,72.43,106.46,NA
2019-2020,Jan,31,UTTAR PRADESH,3125,BAREILLY,2574517,177.082816976926,33,239,469.389221265,11470,0,9708,2543947,643229,56984,727,56,91.47885,5065.761081265,75471,89717,130165,214479,930,262972,390559,21178,4504.89301,415374,50,72.59,76.85,102.56,NA
2019-2020,Jan,31,UTTAR PRADESH,3129,SITAPUR,8127630,178.517527903814,43,531,2703.14183119,33120,1,30486,8021484,2931123,299962,9707,849,526.54203,17549.43879919,182607,242464,344629,681806,2072,666756,1155185,63606,14319.754938,2236409,74,67.7,48.7,104.2,NA
2019-2020,Jan,31,UTTAR PRADESH,3138,JALAUN,3814888,179.356291651832,46,284,1796.741490859,6729,0,10308,3438024,1104186,104596,2883,383,159.92356,8122.977403359,74711,111411,132033,293213,594,217440,447185,17037,6166.3123525,1238260,51,72.29,65.5,104.51,NA
2019-2020,Jan,31,UTTAR PRADESH,3141,HAMIRPUR,2562582,178.292548650059,50,78,1610.097240879,5572,0,8807,2608373,581019,49549,972,77,130.37829,6391.010230879,52156,76765,91277,181114,1743,170511,324574,14379,4650.5347,1022498,53,66.26,72.85,107.66,NA
2019-2020,Jan,31,UTTAR PRADESH,3142,BANDA,3911884,178.443337032978,48,24,1516.713174788,13739,0,10731,3312931,796412,78824,1753,170,214.6859,7643.103704788,67803,99989,123153,271855,3072,220621,459451,24470,5911.70463,1415860,80,83.04,64.78,100.61,NA
2019-2020,Jan,31,UTTAR PRADESH,3148,BARABANKI,3921449,171.752895973163,46,102,2083.011415108,7966,0,11091,4511903,1769380,122069,2203,146,320.85936,10153.194841108,97553,117382,178521,294887,2028,457784,658475,19057,7749.324066,1241735,54,57.1,60.57,100,NA
2019-2020,Jan,31,UTTAR PRADESH,3155,DEORIA,3277718,176.987013488002,45,64,1320.109521571,5205,1,7985,3147019,907865,47433,97214,4655,223.38884,7113.313303571,69916,73577,128919,161742,601,250107,303628,13190,5569.814942,1097299,42,79.68,80.59,100.02,NA
2019-2020,Jan,31,UTTAR PRADESH,3164,GAUTAM BUDDHA NAGAR,8525,184.089448842875,22,0,0,262,85,67,13136,4117,527,432,19,0.262,24.44399,578,655,1228,1625,0,16298,18805,329,24.18199,2570,41,20.71,83.75,99.58,NA
2019-2020,Jan,31,UTTAR PRADESH,3172,KUSHI NAGAR,4582128,181.864507519756,44,274,1966.299686566,10742,1,21069,5104022,1482128,98299,7392,445,353.56955,11602.273710566,115254,136937,194055,307665,1325,416582,594834,31811,9282.404474,1745742,43,75.79,68.44,105.07,NA
2019-2020,Jan,31,UTTAR PRADESH,3178,AMBEDKAR NAGAR,2878776,173.722792646436,42,45,1397.862364782,4947,2,4968,2763830,988053,91916,6655,512,169.2578,6368.522824782,64436,76053,116972,204789,841,261346,410126,9915,4801.40266,1095040,67,82.45,69.31,100.15,NA
2019-2020,Jan,31,UTTAR PRADESH,3180,KASHGANJ,1478216,178.585492048046,43,112,861.770333178,3028,0,3404,1658649,337841,23332,1615,64,126.22075,3950.097561178,38340,46558,59216,107896,1324,133132,209473,6432,2962.106478,428482,25,71.56,87.02,100.87,NA
2019-2020,Jan,31,UTTAR PRADESH,3181,AMETHI,2771611,169.275813851753,43,72,1397.224082711,14551,1,17139,2706531,672082,55610,10359,683,205.99699,6184.723450111,61605,76032,114507,192034,954,244419,370407,31690,4581.5023774,901564,71,62.72,41.66,106.28,NA
2019-2020,Jan,31,UTTAR PRADESH,3182,HAPUR,106561,176.787573831402,31,13,10.54143712,407,1,313,120037,59809,3701,7,5,2.22056,224.97249712,3843,4233,8416,9656,40,13280,15239,720,212.2105,43676,40,41.13,58.28,99.98,NA
2019-2020,Jan,31,UTTAR PRADESH,3184,SAMBHAL,2210157,177.528285425879,40,182,489.745791946,2846,114,4458,2299329,755774,45321,634,23,148.608,4720.313141946,56696,66384,93934,135748,1034,170007,230219,7304,4081.95935,528809,18,59.25,58.5,103.64,NA
2019-2020,Oct,31,UTTAR PRADESH,3124,BUDAUN,2965273,174.617460594454,37,305,442.20140128,6993,2,9510,2487023,476175,42382,2088,104,105.33328,4890.31108828,66187,72889,132301,184862,500,265118,351413,16503,4342.776407,484552,53,75.81,72.23,108.87,NA
2019-2020,Oct,31,UTTAR PRADESH,3125,BAREILLY,2060972,173.128224969152,26,170,363.527515597,7275,3,11666,1584395,408175,57733,294,56,91.47885,3198.041305597,58813,68224,130983,216107,184,267535,396599,18941,2743.03494,256179,54,74.49,79.22,102.82,NA
2019-2020,Oct,31,UTTAR PRADESH,3126,PILIBHIT,2054262,176.066415084876,28,195,1670.542449063,4732,0,8752,1834261,340331,48821,3626,501,129.38299,5029.443025063,64376,78258,137247,232225,202,292408,428395,13484,3229.517586,362654,60,61.85,61.29,100.53,NA
2019-2020,Oct,31,UTTAR PRADESH,3129,SITAPUR,6506393,178.26354592716,35,429,2617.844731087,26673,1,30523,4940987,1803128,299158,6103,847,275.49366,11701.317021087,141086,184984,341837,678352,317,651087,1136118,57196,8807.97863,1395036,74,67.42,45.94,105.1,NA
2019-2020,Oct,31,UTTAR PRADESH,3130,HARDOI,6024066,173.185601233019,39,164,1413.923181608,10183,2,14189,4688332,1642966,139104,4702,370,203.02574,9736.464883608,119223,129740,251822,350948,325,580049,746458,24372,8119.515962,993780,63,71.66,73.47,110.03,NA
2019-2020,Oct,31,UTTAR PRADESH,3138,JALAUN,3053924,178.490667845673,38,253,1774.085230859,5548,0,10642,2516809,822866,104584,1741,386,89.97156,6356.325983359,65241,94273,131861,293157,183,216031,445126,16190,4492.2691925,917499,51,74.67,67.24,106.01,NA
2019-2020,Oct,31,UTTAR PRADESH,3141,HAMIRPUR,2051418,176.487543162392,42,59,1055.351101471,4135,0,9177,1779906,407240,49529,701,76,70.59782,4267.261291471,42064,61494,90234,179878,806,169298,323093,13312,3141.31237,704341,51,64.08,75.52,109.18,NA
2019-2020,Oct,31,UTTAR PRADESH,3160,GHAZIPUR,3201377,176.967261659785,28,68,563.145457631,3227,2,9663,2109044,512541,74839,12692,1543,93.94172,4389.404591631,72935,84664,164297,264609,183,357513,542789,12890,3732.317414,766908,55,61.17,63.84,117.2,NA
2019-2020,Oct,31,UTTAR PRADESH,3164,GAUTAM BUDDHA NAGAR,6824,183.276807787392,22,0,0,257,85,72,12944,4077,533,432,19,0.262,23.98535,578,655,1234,1637,0,16280,18793,329,23.72335,2530,41,19.62,83.43,99.58,NA
2019-2020,Oct,31,UTTAR PRADESH,3167,AMROHA,1587258,178.654147257314,27,91,729.04627852,3210,2,2585,1437022,392399,52028,298,35,80.06699,3376.41266852,51931,66769,102746,176435,182,154731,249566,5795,2567.2994,356049,10,83.31,84.75,100.67,NA
2019-2020,Oct,31,UTTAR PRADESH,3172,KUSHI NAGAR,3668121,186.05655697228,31,234,1849.80304545,8923,4,17011,2883648,815986,98306,3945,441,222.60367,7437.62289945,90336,106219,193390,306905,144,412628,590319,25934,5365.216184,1024233,45,74.6,68.69,108.07,NA
2019-2020,Oct,31,UTTAR PRADESH,3177,CHITRAKOOT,2155149,181.379542710516,41,64,577.232529935,5072,0,13523,1692932,724479,81194,97,6,80.7502,3728.615049935,41225,61021,81716,167056,619,130597,252748,18595,3070.63232,718508,65,64.44,54.64,105.46,NA
2019-2020,Oct,31,UTTAR PRADESH,3180,KASHGANJ,1183353,174.046217254849,36,106,788.956223633,2471,1,2451,1263355,260261,23381,1384,64,81.15875,3068.936561633,34252,41015,59120,108074,392,132785,209413,4922,2198.821588,324388,20,68.48,88.52,101.13,NA
2019-2020,Oct,31,UTTAR PRADESH,3182,HAPUR,85305,186.587532975812,23,12,5.60988712,338,1,307,80741,38829,3686,7,5,0.672,156.93452712,3487,3821,8352,9580,2,13140,15082,645,150.65264,28219,44,47.73,69.4,99.99,NA
2019-2020,Oct,31,UTTAR PRADESH,3184,SAMBHAL,1769292,174.763530074546,33,154,475.108471234,2266,114,3838,1634821,547655,44676,328,21,79.842,3412.021361234,49006,56961,92393,134108,329,166822,226688,6104,2857.07089,372658,18,71.4,71.68,105.03,NA
2019-2020,Feb,31,UTTAR PRADESH,3115,MEERUT,367485,177.290966024127,46,14,20.7854682,1200,4,528,532937,255395,12551,152,10,36.42967,1002.0642938,11360,13050,21241,27277,222,57247,70185,1728,944.8491556,189707,23,58.94,68.38,106.02,NA
2019-2020,Feb,31,UTTAR PRADESH,3120,AGRA,2367815,177.698738853573,42,101,250.612376325,2999,1,2351,2187248,687717,38389,15923,877,149.78359,4287.108077925,50991,61376,77092,113946,628,165020,224615,5350,3886.7121116,665380,33,74.3,76.5,100.77,NA
2019-2020,Feb,31,UTTAR PRADESH,3126,PILIBHIT,2851007,179.903131674871,36,270,1717.686077868,7394,0,11310,3099779,592557,48601,6390,502,315.63664,7609.922213868,86073,107160,137445,232045,907,294261,430343,18704,5576.599496,604563,57,61.72,59.07,100.37,NA
2019-2020,Feb,31,UTTAR PRADESH,3137,KANPUR NAGAR,1354390,180.983826119734,41,60,267.479601237,4239,0,3888,1236276,483931,44428,22868,2094,106.07526,2611.014467437,29471,34992,57549,106880,371,202328,310270,8127,2237.4596062,256262,48,58.25,63.96,106.76,NA
2019-2020,Feb,31,UTTAR PRADESH,3138,JALAUN,4238388,177.990787266965,47,290,1809.089490859,7171,0,10278,3743114,1196603,104585,3484,383,225.18382,8696.671387759,78092,117930,132039,293172,765,218366,448607,17449,6662.3980769,1341791,50,68.97,62.64,104.21,NA
2019-2020,Feb,31,UTTAR PRADESH,3142,BANDA,4346152,179.356508263832,51,25,1528.137174788,14986,0,9845,3602082,851560,78816,1836,170,293.84929,8282.554964788,70618,104427,123177,271863,3689,220962,459883,24831,6460.5685,1537490,80,79.47,61.07,100.58,NA
2019-2020,Feb,31,UTTAR PRADESH,3171,CHANDAULI,3072553,178.618765155793,46,182,969.204538464,8037,1,13264,2881489,887943,74715,11996,1030,240.792,6356.876608364,61976,86691,98959,211193,965,244025,456198,21301,5146.8800699,958567,58,62.18,45.17,101.3,NA
2019-2020,Feb,31,UTTAR PRADESH,3180,KASHGANJ,1642317,180.011619264751,44,114,865.306333178,3140,0,3659,1741315,353049,23320,1648,64,172.72075,4172.596411178,39021,47451,59230,107863,1691,133360,209699,6799,3134.569328,449628,25,71.34,85.28,100.83,NA
2019-2020,Feb,31,UTTAR PRADESH,3182,HAPUR,118391,181.939777866705,33,13,10.54143712,467,1,266,132443,65528,3701,7,5,2.22056,253.72849712,3937,4346,8421,9661,74,13314,15275,733,240.9665,48079,39,37.9,53.88,99.96,NA
2019-2020,Feb,31,UTTAR PRADESH,3183,SHAMLI,315393,198.415101877747,34,8,103.241030699,701,3,1035,305366,28904,2446,101,13,21.45304,730.586330699,8788,9452,18605,22146,125,39863,46920,1736,605.89226,86266,14,56.96,74.57,107.39,NA
2019-2020,Feb,31,UTTAR PRADESH,3184,SAMBHAL,2455512,178.431968434427,42,188,494.434861946,2916,114,4757,2460402,805309,45416,706,23,168.748,5053.326581946,58278,68431,94161,136023,1281,171072,231417,7673,4390.14372,571366,19,56.46,55.65,103.42,NA
2019-2020,Nov,31,UTTAR PRADESH,3112,SAHARANPUR,858277,184.095477125152,23,94,241.37279643,1173,0,5094,863809,366782,58109,2224,236,65.80521,1897.41130643,37363,44024,76777,118788,103,123125,179570,6267,1590.2333,285979,12,60.9,93.58,105.95,NA
2019-2020,Nov,31,UTTAR PRADESH,3123,MAINPURI,1924156,172.323439481167,36,98,253.039809316,4963,8,4789,1551327,465388,42624,1506,152,118.70734,3045.047193316,42333,50353,88494,132372,306,163795,231000,9752,2673.300044,432343,60,69.95,69.11,103.43,NA
2019-2020,Nov,31,UTTAR PRADESH,3124,BUDAUN,3279946,176.097944506175,40,314,502.3756109,7652,2,9294,2816890,544393,42450,2266,104,211.57674,5674.4377399,69671,76871,132800,185388,816,265552,351867,16946,4960.485389,544227,53,75.65,71.99,108.25,NA
2019-2020,Nov,31,UTTAR PRADESH,3134,FARRUKHABAD,1136066,182.41439543245,35,45,217.732028131,4552,0,7155,1270528,149113,14190,952,63,82.33723,2617.695228131,35528,39892,66784,91030,16,157228,200355,11707,2317.62597,297573,57,90.11,77.09,101.75,NA
2019-2020,Nov,31,UTTAR PRADESH,3136,KANPUR DEHAT,1679566,174.986541141539,37,185,475.19533847,4074,1,7481,1384902,509750,53660,9164,845,122.91747,3021.50491647,37257,43773,73676,129306,162,221085,336826,11555,2423.392108,347702,62,54.23,55.67,105.88,NA
2019-2020,Nov,31,UTTAR PRADESH,3140,LALITPUR,3048129,178.585247980942,44,103,2015.91180348,3338,0,3575,2713394,628976,56807,192271,17335,159.43064,7021.06384708,61418,86241,114686,226282,2892,181070,339183,6913,4845.7214036,987028,56,64.48,65.08,100.15,NA
2019-2020,Nov,31,UTTAR PRADESH,3145,PRAYAGRAJ,3421031,174.786678753248,38,146,2196.822397425,16480,0,17066,3111991,1374960,158161,996,114,312.77407,7948.942179425,80822,99293,182174,300395,626,381762,586493,33546,5439.345712,1183640,65,62.81,53.98,104.76,NA
2019-2020,Nov,31,UTTAR PRADESH,3148,BARABANKI,3472361,169.870310922873,38,82,2083.011415108,6778,0,10916,2981093,1192007,121943,1422,146,320.85936,7467.862723108,78018,92715,178225,294585,917,456514,657108,17694,5063.991948,830360,56,51.61,56.75,100.01,NA
2019-2020,Nov,31,UTTAR PRADESH,3152,MAHARAJGANJ,5208542,163.244708297527,34,545,1669.065626605,10121,0,8707,4362613,1091904,102009,20521,2574,343.99864,9134.799132605,125778,157166,220253,397140,415,346029,579859,18828,7121.734866,1713609,69,74.23,66.82,101.84,NA
2019-2020,Nov,31,UTTAR PRADESH,3157,AZAMGARH,5230433,175.370913919969,32,116,1798.02329119,11151,13,14084,4210117,1589611,124058,7858,488,336.6501,9517.99405119,128798,136001,248789,312286,178,507868,611133,25235,7383.32066,1746228,67,64.15,66,103.39,NA
2019-2020,Nov,31,UTTAR PRADESH,3160,GHAZIPUR,3541105,159.080055104922,32,83,693.358110367999,3457,2,11555,2630618,642983,74871,16185,1541,186.2059,5064.352574368,82168,95946,164617,264933,383,358243,543589,15012,4184.788564,958337,55,62.34,61.86,114.69,NA
2019-2020,Nov,31,UTTAR PRADESH,3168,KANNAUJ,1364789,176.660355123631,33,120,216.02309347,6854,0,11182,1340153,434234,50927,657,59,123.64244,2707.18458247,40349,45861,82775,126925,132,150929,212888,18036,2367.519049,287260,59,72.96,60.55,105.36,NA
2019-2020,Nov,31,UTTAR PRADESH,3171,CHANDAULI,2448831,178.276459667563,38,150,954.420538464,5587,1,13302,1951345,594966,74681,7510,1030,174.592,4607.801320364,50913,70955,98397,210601,204,242007,453402,18889,3478.7887819,664860,61,64.64,47.51,101.46,NA
2019-2020,Nov,31,UTTAR PRADESH,3183,SHAMLI,251369,192.46003260247,32,7,103.129030699,582,1,1142,272372,24557,2450,101,13,21.21304,648.549310699,8393,9014,18588,22129,102,39650,46667,1724,524.20724,76585,14,54.37,74.95,105.6,NA
2019-2020,Dec,31,UTTAR PRADESH,3109,BIJNOR,1735441,172.026815140667,23,198,510.51837174,4174,0,6831,1999542,856606,106455,6141,580,154.08437,4104.35116174,84241,104868,142452,236420,409,213925,332672,11005,3439.74842,556456,14,63.6,78.06,105.14,NA
2019-2020,Dec,31,UTTAR PRADESH,3112,SAHARANPUR,872710,181.717225813776,24,96,241.37279643,1243,0,5182,960123,410851,58145,2626,236,65.80521,2051.88688643,39100,46281,76859,118877,134,123286,179754,6425,1744.70888,318310,13,63.15,93.47,106.36,NA
2019-2020,Dec,31,UTTAR PRADESH,3127,SHAHJAHANPUR,2916709,176.562257445659,35,211,892.556316297001,6717,0,10021,2825707,841587,80769,1009,89,215.71731,6097.405694297,78761,93568,153857,253757,600,322791,473861,16738,4989.132068,512782,68,77.71,63.27,108.28,NA
2019-2020,Dec,31,UTTAR PRADESH,3141,HAMIRPUR,2307269,178.05792256,47,78,1610.097240879,4850,0,9311,2343750,525068,49545,841,76,130.37829,5913.708090879,48858,71751,91003,180807,1407,170136,324116,14161,4173.23256,922487,53,65.54,72.89,108.3,NA
2019-2020,Dec,31,UTTAR PRADESH,3146,BAHRAICH,5000672,177.886849272957,43,191,2377.069424965,22079,0,13183,5276233,800898,69121,30041,3011,445.13792,12207.931988965,120115,149916,223156,358169,1320,469084,670802,35262,9385.724644,1792839,87,65.94,50.11,101.18,NA
2019-2020,Dec,31,UTTAR PRADESH,3150,SULTANPUR,2984239,176.599803120277,45,86,1552.903818902,13093,1,16975,3228367,747325,60194,7373,439,229.08819,7483.281774902,70417,78007,145156,208169,580,319525,426676,30068,5701.289766,1284808,72,68.54,49.87,100.19,NA
2019-2020,Dec,31,UTTAR PRADESH,3158,JAUNPUR,3979914,172.13178820964,45,183,3262.564731838,12997,4,17134,5133397,1921179,101475,26952,1529,404.05105,12502.823833838,112646,119067,196007,246383,1669,445801,540753,30131,8836.208052,2282257,51,71.17,69.89,102.05,NA
2019-2020,Dec,31,UTTAR PRADESH,3159,BALLIA,2920136,169.637268706377,36,94,778.15668243,6693,2,12291,2639394,352344,34713,57392,4687,167.90795,5423.46052443,72322,80441,151817,216977,163,310677,417130,18984,4477.395892,1021350,64,78.94,65.2,103.59,NA
2019-2020,Dec,31,UTTAR PRADESH,3164,GAUTAM BUDDHA NAGAR,7675,184.089448842875,22,0,0,262,85,67,13136,4117,533,432,19,0.262,24.44399,578,655,1234,1637,0,16280,18793,329,24.18199,2570,41,20.71,83.75,99.58,NA
2019-2020,Dec,31,UTTAR PRADESH,3167,AMROHA,1785219,177.192765385751,30,98,742.95687852,3730,1,2767,1682937,462816,52012,334,35,143.22397,3868.22345852,55125,71409,102877,176470,315,154917,249628,6497,2982.04261,414860,11,84.36,84.21,101.36,NA
2019-2020,Dec,31,UTTAR PRADESH,3170,KAUSHAMBI,1566579,173.392349719849,40,71,665.788861126,3776,5,10588,1419948,708255,81832,503,74,111.25891,3239.128973126,35199,43078,75908,141192,327,221088,354857,14364,2462.081202,588009,75,74.57,60.45,106.37,NA
2019-2020,Dec,31,UTTAR PRADESH,3174,SANT KABEER NAGAR,3716370,174.510334073214,43,44,1396.004003117,8258,0,8737,3922703,1265515,91971,6758,516,282.79094,8524.317053117,89426,109590,155185,264030,1028,292039,454126,16995,6845.52211,1703802,56,56.8,55.86,100.5,NA
2019-2020,Dec,31,UTTAR PRADESH,3177,CHITRAKOOT,2423938,175.872030662943,46,70,589.552529935,6405,0,13288,2245577,975736,81185,125,6,143.94407,4682.838469935,47939,71686,81940,167144,1552,130677,252530,19693,3949.34187,951714,64,62.98,53.09,104.08,NA
2019-2020,Dec,31,UTTAR PRADESH,3184,SAMBHAL,1989957,175.212519014914,38,175,489.745791946,2758,114,4183,2100325,696661,45085,546,22,148.608,4318.386131946,54543,63751,93466,135214,756,168883,228910,6941,3680.03234,480158,18,63.09,62.46,104,NA
2019-2020,March,31,UTTAR PRADESH,3114,MUZAFFARNAGAR,683000,183.952281598736,43,16,138.516937668,1951,0,1981,668128,192217,10920,976,76,48.78156,1416.335197668,15350,16167,30211,36650,418,87034,106480,3932,1229.0367,184499,11,64.53,76.09,102.31,NA
2019-2020,March,31,UTTAR PRADESH,3119,MATHURA,1500000,184.385979115537,42,31,1111.933081964,1233,12,7760,1479090,484954,39168,3476,255,186.45888,4025.626540464,34490,46697,60002,102923,638,133389,220813,8993,2727.2345785,501996,22,52.52,59.25,105.88,NA
2019-2020,March,31,UTTAR PRADESH,3123,MAINPURI,2549020,184.260880515834,45,119,440.301999418,6479,8,4343,2438616,741790,42919,2622,153,250.80647,5184.523783418,53145,63405,89489,133281,1088,167186,234747,10822,4493.415314,649188,57,66.1,61.04,103.36,NA
2019-2020,March,31,UTTAR PRADESH,3125,BAREILLY,3020000,184.482437121789,35,259,936.807572574,13295,0,8709,2812580,704845,56782,780,56,330.85455,6456.378252574,78996,95053,129990,213659,1384,264268,391377,22004,5188.71613,476413,49,66.25,70.42,102.33,NA
2019-2020,March,31,UTTAR PRADESH,3137,KANPUR NAGAR,1430000,183.914596767033,42,61,366.123209445,4366,0,3842,1272701,497417,44325,23439,2094,142.15197,2848.958091645,29826,35440,57502,106641,403,202284,310006,8208,2340.6829122,262944,48,58.3,63.22,106.59,NA
2019-2020,March,31,UTTAR PRADESH,3142,BANDA,4588780,185.374181372172,52,26,2394.186106696,15879,0,9261,3756133,880841,78685,1864,170,379.25609,9736.342996696,71863,106748,123144,271575,6108,220975,459587,25140,6962.9008,1599365,80,72.94,55.86,100.55,NA
2019-2020,March,31,UTTAR PRADESH,3147,GONDA,5855556,185.211566325123,50,193,5517.686493484,14474,161,15902,6182318,1243193,52813,14214,492,874.6505,17842.704996484,122010,130312,195211,239714,2038,350939,419306,30376,11450.368003,2278884,59,63.34,56.58,107.69,NA
2019-2020,March,31,UTTAR PRADESH,3148,BARABANKI,4600387,184.943275535084,50,105,3751.402785483,9496,0,10250,5183721,2015819,121896,2542,146,689.1716,14027.517797483,103280,125277,178370,294421,3473,458189,658422,19746,9586.943412,1425396,53,53.81,56.16,99.99,NA
2019-2020,March,31,UTTAR PRADESH,3149,AYODHYA,3808279,185.692820997345,48,150,1906.018196275,10901,0,9219,3690638,1387751,84359,6289,376,460.5328,9219.800811275,76182,88425,127889,209102,2225,240784,363048,20120,6853.249815,1464622,52,75.36,64.24,104.1,NA
2019-2020,March,31,UTTAR PRADESH,3163,SONBHADRA,4100000,184.387479352648,42,211,2315.102017175,12953,1,11564,3978113,1090440,123122,1184221,123450,372.40432,10022.648623675,93814,135972,158682,387864,2051,349626,768017,24517,7335.1422865,1846115,72,78.44,59.97,100.33,NA
2019-2020,March,31,UTTAR PRADESH,3166,HATHRAS,800000,185.086759985794,33,30,356.995468936,1941,0,1343,746185,228580,16951,845,56,90.65814,1828.743248936,22333,25784,36952,57679,583,76418,110003,3284,1381.08964,96216,20,67.74,70.49,102.15,NA
2019-2020,March,31,UTTAR PRADESH,3171,CHANDAULI,3244081,183.827647680478,47,184,1401.570986673,9800,1,11813,3017562,927896,74613,12769,1026,402.71084,7351.395068573,63155,88585,98883,210882,1310,244268,456270,21613,5547.1132419,1005677,58,61.27,43.44,101.24,NA
2019-2020,March,31,UTTAR PRADESH,3176,SHRAVASTI,2204975,187.671242553125,51,122,861.168106147999,4395,0,6563,2168527,730874,44401,13126,984,223.74614,5154.615812148,42039,53700,69587,129643,1932,132157,220121,10958,4069.701566,690775,46,74.86,79.44,103.96,NA
2019-2020,March,31,UTTAR PRADESH,3180,KASHGANJ,1734000,183.212192283741,45,117,1437.066830879,3440,0,3725,1796907,363044,23307,1672,64,219.62075,4948.840288879,39432,48041,59186,107737,2158,133636,209960,7165,3292.152708,464552,25,69.5,81.78,100.8,NA
2019-2020,April,31,UTTAR PRADESH,3112,SAHARANPUR,81091,190.536898529045,9,6,0.14723043,99,517,4345,32088,12702,57772,70,222,0,61.28671043,3245,3763,75990,117852,0,121771,177915,4444,61.13948,11796,9,21.72,78.48,105.22,NA
2019-2020,April,31,UTTAR PRADESH,3121,FIROZABAD,144318,147.637115981015,12,12,0,334,206,1489,58363,25220,39069,36,117,0,86.16545,4605,5524,70050,93198,0,144288,186191,1823,86.16545,20321,44,52.08,33.19,100.21,NA
2019-2020,April,31,UTTAR PRADESH,3125,BAREILLY,215387,169.907832037325,16,13,0.302,339,724,6855,80375,16391,58055,0,53,0,136.86542,4795,5543,130422,215828,0,267765,397340,7194,136.56342,19288,37,54.73,50.71,100.54,NA
2019-2020,April,31,UTTAR PRADESH,3127,SHAHJAHANPUR,271016,118.789968032166,19,17,0,366,393,10046,182058,46458,80491,68,85,0,216.26664,9449,11154,150169,250328,0,315933,467102,10412,216.26664,52111,73,81.23,23.17,106.54,NA
2019-2020,April,31,UTTAR PRADESH,3130,HARDOI,629559,196.381159294501,17,17,0,1103,346,15311,218909,46518,138652,153,370,0,429.896032,12313,13461,248802,347840,0,574552,740670,16414,429.896032,57040,68,60.59,18.22,108.09,NA
2019-2020,April,31,UTTAR PRADESH,3132,LUCKNOW,113613,129.681269057983,18,2,0,503,270,2838,42961,21669,77807,90,306,0,55.71237,2362,2717,63436,114959,0,192115,295980,3341,55.71237,14910,51,63.17,27.06,114.45,NA
2019-2020,April,31,UTTAR PRADESH,3133,RAE BARELI,341321,132.441532288273,16,29,0,1880,41,16586,333697,69919,110198,589,787,0,441.95342,20323,23061,172657,316679,0,315919,522454,18466,441.95342,133605,51,32.92,24,100.04,NA
2019-2020,April,31,UTTAR PRADESH,3135,ETAWAH,123140,148.220315638451,20,5,0,663,125,7773,104550,38150,42503,70,157,0,154.96434,5023,6019,65704,97729,0,147624,199868,8436,154.96434,36882,67,60.53,22.15,104.67,NA
2019-2020,April,31,UTTAR PRADESH,3136,KANPUR DEHAT,158687,126.581923925396,15,10,0,348,202,9183,74795,18312,53307,295,845,0,94.67695,4958,5515,72550,128308,0,219233,335099,9531,94.67695,26643,65,43.18,11,111.41,NA
2019-2020,April,31,UTTAR PRADESH,3144,PRATAPGARH,393799,98.9027071745023,20,20,0,1387,549,17996,551202,301418,135682,715,371,0,545.1537,27299,33693,202920,281942,0,389087,527208,19383,545.1537,226695,82,58.93,20.97,108.62,NA
2019-2020,April,31,UTTAR PRADESH,3148,BARABANKI,328073,134.563590897352,18,21,0.003,1380,265,9759,402696,157685,121660,238,146,0,541.885198,22182,25066,177208,293471,0,454921,655266,11139,541.882198,116713,53,63.91,60.49,100,NA
2019-2020,April,31,UTTAR PRADESH,3151,SIDDHARTH NAGAR,683817,99.079414178514,18,35,1.8261141,591,319,10901,1086884,240192,76892,1729,312,0,1078.7044141,58883,65527,253603,340876,0,371312,483135,11492,1076.8783,532109,32,51.21,57.63,102.02,NA
2019-2020,April,31,UTTAR PRADESH,3153,BASTI,528482,122.332729769015,17,21,0,448,258,17902,359807,79300,95882,210,166,0,440.161725,20717,23694,243881,370097,0,377138,548769,18350,440.161725,157717,44,67.92,42.58,100.17,NA
2019-2020,April,31,UTTAR PRADESH,3162,MIRZAPUR,258710,130.721624927059,18,18,0,792,89,15319,250202,92121,113837,2632,2490,0,327.06812,13219,16752,124959,234270,0,304778,510470,16111,327.06812,113086,72,75.47,37.58,100.21,NA
2019-2020,April,31,UTTAR PRADESH,3167,AMROHA,165880,218.905334254024,14,4,0,300,391,2774,46342,11945,52007,10,35,0,101.44511,3310,4308,101365,175263,0,152850,247928,3074,101.44511,13126,7,32.23,32.24,100.52,NA
2019-2020,April,31,UTTAR PRADESH,3178,AMBEDKAR NAGAR,240841,130.671430065988,18,6,3.0374954,628,219,6197,258079,84609,92164,491,513,0,340.2730154,13594,15553,114911,202963,0,253977,402028,6825,337.23552,115521,70,73.15,50.5,100.2,NA
2019-2020,April,31,UTTAR PRADESH,3184,SAMBHAL,184904,156.210830795998,13,4,0,371,552,2639,22990,8114,43232,28,16,0,35.91287,1717,1894,87947,129147,0,160777,220110,3010,35.91287,5935,21,48.76,26.9,144.61,NA
2019-2020,July,31,UTTAR PRADESH,3109,BIJNOR,887182,161.477158754245,14,149,38.61630821,1298,34,6071,830340,354778,106085,3248,581,16.0591,1395.48484821,56816,68230,141292,235350,24,211944,330458,7369,1340.80944,230325,10,57.11,75.03,104.22,NA
2019-2020,July,31,UTTAR PRADESH,3114,MUZAFFARNAGAR,267999,152.178856049721,26,9,1.232,385,5,1624,239416,70653,10590,508,75,5.85269,371.42522,9017,9474,28800,35231,12,84187,103655,2009,364.34053,63051,3,61.49,79.1,102.99,NA
2019-2020,July,31,UTTAR PRADESH,3116,GHAZIABAD,0,157.181818181818,5,0,0,3,161,9,88,44,25,0,0,0,0.13832,15,15,77,199,0,17623,25872,12,0.13832,42,41,23.68,82.89,100,NA
2019-2020,July,31,UTTAR PRADESH,3124,BUDAUN,1704950,155.014676829137,25,169,27.1758152,4514,33,9483,1065489,183739,42149,1049,104,32.58982,1711.4299652,41303,44851,130458,182961,13,263084,349356,13997,1651.66433,219227,55,73.66,61.38,107.73,NA
2019-2020,July,31,UTTAR PRADESH,3125,BAREILLY,1185002,164.746901497268,21,128,9.99492,2360,13,9094,853154,212276,58013,75,55,15.5532,1431.0929,40446,46178,131162,216651,22,269087,398845,11454,1405.54478,139100,41,78.49,81.97,103.75,NA
2019-2020,July,31,UTTAR PRADESH,3131,UNNAO,1725110,170.034837527728,28,90,14.08302,4172,3,9472,1390268,452529,78507,3586,524,47.82787,2425.850825,48748,53484,144888,212128,38,376831,493762,13644,2363.939935,372084,66,78.07,72.36,100.34,NA
2019-2020,July,31,UTTAR PRADESH,3141,HAMIRPUR,1179508,156.182714647168,34,39,6.384,2088,0,9928,1005464,229888,49366,469,75,27.03786,1603.78283,29527,42637,88784,177950,160,167459,320649,12016,1570.36097,402623,50,60.41,75.93,114.06,NA
2019-2020,July,31,UTTAR PRADESH,3143,FATEHPUR,1773852,157.280346132282,32,113,12.208,7631,7,13647,1532131,575028,94145,147,20,44.772,2466.72094,46805,52699,143112,210556,100,277095,382323,21278,2409.74094,607990,72,72.98,59.06,102.86,NA
2019-2020,July,31,UTTAR PRADESH,3146,BAHRAICH,2556413,176.666962570096,33,157,473.394767272,13289,0,15446,2997149,466652,69315,13326,3011,93.132,5861.498869272,88420,108902,222713,358352,195,464266,666249,28735,5294.972102,1071705,87,67.9,56.71,101.25,NA
2019-2020,July,31,UTTAR PRADESH,3156,MAU,1822627,165.029509658465,27,171,43.261748767,4158,16,5147,1498323,416430,63442,12037,1441,42.984,2558.920848767,54274,59520,154374,211565,42,249143,328438,9305,2472.6751,653808,53,66.39,60.55,100.72,NA
2019-2020,July,31,UTTAR PRADESH,3164,GAUTAM BUDDHA NAGAR,3924,160.827961321515,17,0,0,7,90,142,7446,2221,486,302,19,0.262,12.23725,427,484,1151,1545,0,16186,18690,149,11.97525,1452,5,14.8,79.11,99.34,NA
2019-2020,July,31,UTTAR PRADESH,3167,AMROHA,912629,165.922539043054,23,74,22.70684,2176,11,2543,1036548,278785,52190,156,35,8.73003,1751.30363,44264,56054,102341,176441,76,154250,249618,4719,1719.86676,263257,8,85.49,85.36,100.49,NA
2019-2020,July,31,UTTAR PRADESH,3169,AURAIYA,551693,165.555204369636,23,28,11.424,2439,10,6616,437565,173855,47063,1973,427,19.326,755.16163,18914,20918,65296,97680,6,133767,187328,9055,724.41163,141734,77,70.76,48.17,110.09,NA
2019-2020,July,31,UTTAR PRADESH,3172,KUSHI NAGAR,2109067,189.691801783598,29,220,43.505051,3705,7,19051,2390337,681060,98276,3245,441,86.78622,4664.564595,82116,95958,193052,306512,64,411954,589519,22756,4534.273324,842928,42,78.91,74.43,108.88,NA
2019-2020,July,31,UTTAR PRADESH,3175,BALRAMPUR,1629181,165.002694181831,31,62,13.2944109,1086,0,4459,1468572,278936,30157,25211,2888,29.83973,2466.3175069,47106,52514,106022,154028,82,188946,259721,5545,2423.183366,458121,33,84.5,89.69,101.66,NA
2019-2020,July,31,UTTAR PRADESH,3177,CHITRAKOOT,1239151,145.37924868535,30,45,6.6707457,3587,0,13100,992660,441310,81163,27,6,36.06806,1485.8604557,32154,46992,81295,166581,124,130048,252110,16687,1443.12165,430963,65,66.54,63.94,107.57,NA
2019-2020,July,31,UTTAR PRADESH,3184,SAMBHAL,1017293,159.41710510721,24,120,9.595937386,1063,126,3477,970295,334193,44353,178,16,2.24,1558.652137386,40088,46303,91106,132708,39,165103,224852,4540,1546.8162,219784,16,84.01,82.94,102.84,NA
2019-2020,June,31,UTTAR PRADESH,3112,SAHARANPUR,309465,154.785037738101,15,69,41.27102653,393,50,4765,410593,179800,57978,1034,224,7.802,684.60955653,26476,30642,76378,118326,7,122429,178740,5158,635.53653,146340,8,66.3,94.4,107.56,NA
2019-2020,June,31,UTTAR PRADESH,3117,BULANDSHAHR,54435,141.907786987942,13,8,3.96,200,183,2110,99769,24358,9207,0,0,0.27815,145.81813,7423,8148,26031,36235,0,109951,142460,2310,141.57998,23906,10,90.21,91.45,101.42,NA
2019-2020,June,31,UTTAR PRADESH,3131,UNNAO,1196618,164.083960259665,24,75,14.08302,3371,4,7864,971406,311965,78445,2245,524,47.82787,1655.832325,39998,43499,144514,211749,8,376057,492954,11235,1593.921435,265968,64,78.18,68.92,100.46,NA
2019-2020,June,31,UTTAR PRADESH,3138,JALAUN,1217989,148.412318848497,25,163,45.309764623,1969,5,12129,1098252,358427,104579,787,385,21.26274,1696.513764623,43384,61251,131260,292803,11,213867,442494,14098,1629.94126,410335,51,82.87,75.77,105.35,NA
2019-2020,June,31,UTTAR PRADESH,3154,GORAKHPUR,1355439,149.25263702201,20,58,18.9204286,2908,74,8962,1056874,262844,66939,2778,722,34.80539,1631.1381336,52365,56748,161540,231256,2,381905,504883,11870,1577.412315,424692,56,70.43,68.41,104.28,NA
2019-2020,June,31,UTTAR PRADESH,3159,BALLIA,1035486,123.215236080577,23,58,45.055909755,1402,48,12481,915196,123380,34421,19977,4609,20.1116,1192.828421755,39017,43134,149434,214432,2,303670,409333,13883,1127.660912,363400,66,73.18,63.6,105.86,NA
2019-2020,June,31,UTTAR PRADESH,3160,GHAZIPUR,1276798,62.4130995692494,15,36,4.89015,1623,233,7502,741032,180805,74490,4722,1515,6.4485,473.83969,47608,54220,163387,263589,1,355083,539953,9125,462.50104,277709,51,61.2,57.5,111.55,NA
2019-2020,June,31,UTTAR PRADESH,3163,SONBHADRA,1115923,149.531434761568,24,93,109.5891385,3864,2,12291,1161294,312469,122979,363941,123543,42.83653,1888.9252485,48131,66465,157719,387244,47,346671,764386,16155,1736.49958,549567,69,86.34,68.16,100.41,NA
2019-2020,June,31,UTTAR PRADESH,3173,SANT RAVIDAS NAGAR,415069,134.918296043923,22,15,7.74134,563,19,7444,276486,107296,44199,1061,390,2.456,383.22754,12564,15211,50917,100275,1,136016,240702,8007,373.0302,116608,56,89.26,65.06,103.28,NA
2019-2020,June,31,UTTAR PRADESH,3182,HAPUR,34022,142.228871470204,16,12,0,27,33,304,39804,21638,3598,0,4,0,56.61278,2472,2711,8068,9240,0,12700,14564,331,56.61278,14036,7,38.65,66.76,99.99,NA
2019-2020,Aug,31,UTTAR PRADESH,3114,MUZAFFARNAGAR,351685,163.040876052486,30,11,64.820533,617,0,1701,333496,97420,10686,604,75,15.40158,623.956913,11053,11613,29262,35699,25,84898,104378,2318,543.7348,88207,4,57.08,84.15,102.95,NA
2019-2020,Aug,31,UTTAR PRADESH,3118,ALIGARH,1278401,168.626238040256,24,74,448.443615266,1591,29,3042,1034094,329157,45028,1105,171,72.02022,2264.217645266,42421,46622,103818,146274,14,199785,269259,4633,1743.75381,259356,20,74.77,87.71,103.73,NA
2019-2020,Aug,31,UTTAR PRADESH,3151,SIDDHARTH NAGAR,4936984,188.91409865641,29,83,4102.76654123,4922,14,7960,3562992,754252,76937,4242,312,290.65075,11124.41151323,121023,134860,255242,342459,82,374666,486472,12882,6730.99422199999,1750589,31,58.94,67.11,107.64,NA
2019-2020,Aug,31,UTTAR PRADESH,3166,HATHRAS,411930,167.153287153117,21,24,288.460198705,680,0,1465,352965,101125,16742,442,54,24.87514,903.327938705,16365,18388,36513,57196,11,75709,109151,2145,589.9926,44362,15,52.49,69.16,104.48,NA
2019-2020,Aug,31,UTTAR PRADESH,3173,SANT RAVIDAS NAGAR,785242,165.267217841481,28,25,340.572221107,1185,1,7518,588561,235612,44235,2550,391,42.166,1355.436611107,20940,25748,51123,100442,28,136230,240890,8703,972.69839,245201,55,77.53,71.26,102.24,NA
2019-2020,Aug,31,UTTAR PRADESH,3175,BALRAMPUR,2137918,168.102712811969,34,69,567.226938222,1494,0,4696,1747928,330996,30199,31013,2888,128.38676,3633.928084222,50268,56174,106292,154335,201,189283,260105,6190,2938.314386,540785,35,78.21,88.27,101.51,NA
2019-2020,Aug,31,UTTAR PRADESH,3177,CHITRAKOOT,1626095,168.26324508538,34,52,577.232529935,4188,0,13286,1267036,554939,81141,27,6,80.7502,2789.938619935,36376,53413,81429,166681,266,130227,252242,17474,2131.95589,545208,65,62.24,57.61,107.18,NA
2019-2020,Aug,31,UTTAR PRADESH,3182,HAPUR,64364,175.960918543019,22,12,5.60988712,147,1,328,73769,36645,3667,7,5,0.672,136.08649712,3301,3630,8321,9528,1,13041,14947,475,129.80461,26022,27,46.9,67.46,99.99,NA
2019-2020,Aug,31,UTTAR PRADESH,3184,SAMBHAL,1334959,163.604475231545,27,130,475.108471234,1510,116,3519,1206999,408650,44481,241,18,79.842,2529.654851234,43962,50816,91585,133224,84,165779,225593,5029,1974.70438,273789,16,77.07,79.22,103.7,NA
2019-2020,Sep,31,UTTAR PRADESH,3114,MUZAFFARNAGAR,418065,172.447050850102,33,12,64.820533,903,0,1771,410186,118164,10756,721,75,15.40158,787.575773,12152,12767,29502,35941,70,85384,104888,2674,707.35366,109237,5,61.16,86.72,102.84,NA
2019-2020,Sep,31,UTTAR PRADESH,3120,AGRA,1530252,176.253136092738,34,90,224.016381225,2242,3,2250,1527745,488776,38241,11217,876,89.70922,3006.424075225,44875,53819,76653,113354,98,163337,222266,4492,2692.698474,471949,36,86.87,90.16,100.33,NA
2019-2020,Sep,31,UTTAR PRADESH,3126,PILIBHIT,1842526,174.900491625802,26,184,1669.850894363,3974,0,8847,1594302,293164,48863,3184,501,129.38299,4587.675920363,60590,73289,137071,232158,151,292219,428286,12821,2788.442036,317117,60,62.1,63.95,100.49,NA
2019-2020,Sep,31,UTTAR PRADESH,3136,KANPUR DEHAT,1361925,169.978539238057,30,163,455.653138470001,3435,1,7699,999629,365006,53632,6900,847,47.02205,2201.82996047,32562,37946,73484,129251,37,220824,336735,11134,1699.154772,256831,63,51.78,50.39,106.83,NA
2019-2020,Sep,31,UTTAR PRADESH,3140,LALITPUR,2471664,180.511896077164,39,83,1998.19045348,3053,0,3170,2083238,481310,56700,148362,17314,113.37312,5872.05598708,52372,72719,114303,225809,1509,180562,338546,6223,3760.4924136,769734,56,66.09,67.66,100.16,NA
2019-2020,Sep,31,UTTAR PRADESH,3142,BANDA,2808797,178.238253592339,37,21,1447.268666826,8260,0,12257,1965154,497316,78821,1172,170,138.09999,5088.024826826,52222,76249,122892,271516,755,219875,458473,20517,3502.65617,857627,79,82.6,68.63,100.63,NA
2019-2020,Sep,31,UTTAR PRADESH,3144,PRATAPGARH,3379757,180.282820278354,31,46,1222.465501289,10744,19,14044,2502136,1199682,130996,2470,376,172.04225,5905.429099289,78880,93309,205778,279306,103,397078,529648,24788,4510.921348,1086680,82,52,41.59,118.78,NA
2019-2020,Sep,31,UTTAR PRADESH,3166,HATHRAS,489681,167.632532298224,24,25,288.460198705,841,0,1601,442594,132953,16853,485,54,24.87514,1055.266868705,18243,20672,36685,57429,27,75977,109510,2442,741.93153,56704,15,56.98,71,103.63,NA
2019-2020,Sep,31,UTTAR PRADESH,3184,SAMBHAL,1586928,162.734425348526,30,152,475.108471234,1898,115,3859,1436549,482711,44567,269,19,79.842,2892.710231234,46880,54346,91952,133620,198,166168,225953,5757,2337.75976,326812,18,74.72,75.82,105.11,NA
2019-2020,June,31,UTTAR PRADESH,3114,MUZAFFARNAGAR,185896,154.249727393617,20,5,1.232,295,29,1340,150400,43713,10479,354,75,5.85269,239.07628,7363,7705,28508,34924,0,83744,103192,1635,231.99159,39412,2,55.22,72.06,102.42,NA
2019-2020,June,31,UTTAR PRADESH,3127,SHAHJAHANPUR,1034270,141.313418844377,20,78,5.7216564,1962,127,9020,571778,167019,80600,326,85,15.55698,829.2776764,28475,32955,151144,251379,8,318075,469423,10982,807.99904,128115,70,82.17,46.54,110.56,NA
2019-2020,June,31,UTTAR PRADESH,3128,KHERI,1574171,132.970357399821,19,208,34.59337765,6679,68,14213,1362060,428413,152751,9518,6151,32.51737,1878.24679765,68858,82836,244787,406695,2,534118,773340,20892,1811.13605,371698,73,84.95,60.42,100.27,NA
2019-2020,June,31,UTTAR PRADESH,3133,RAE BARELI,1302573,148.403630706153,24,100,139.6031034,6789,0,12958,1093644,328321,110342,2510,790,70.346,1832.9565064,45107,51919,173299,317301,21,317946,524693,19747,1623.007403,435355,50,46.51,41.32,100.07,NA
2019-2020,June,31,UTTAR PRADESH,3140,LALITPUR,1099048,157.191330033282,30,56,178.896411779,2314,1,3076,1171497,265707,56543,80800,17241,47.73265,2068.120777379,38060,51874,113461,224694,240,179445,337048,5390,1841.4917156,441871,54,67.52,66.03,100.04,NA
2019-2020,June,31,UTTAR PRADESH,3141,HAMIRPUR,818162,162.380168135853,30,35,6.384,1497,0,9468,720013,163922,49276,301,75,27.03786,1202.58018,23492,33553,88291,177317,33,166842,319870,10965,1169.15832,288070,48,56.77,74.08,104.23,NA
2019-2020,June,31,UTTAR PRADESH,3145,PRAYAGRAJ,1233504,149.698528074694,26,103,34.25325,7112,3,17447,1209844,505916,156660,466,109,59.106,1904.47791,45265,54736,178717,296199,20,374812,577889,24559,1811.11866,481377,69,73.11,49.56,105.17,NA
2019-2020,June,31,UTTAR PRADESH,3158,JAUNPUR,1411285,142.666293845558,30,82,246.872652812,4281,167,14617,2004536,726560,99856,7987,1517,51.108,3157.777872812,66511,70116,192301,242591,34,428201,522666,18898,2859.79722,905601,53,73.5,72.19,102.31,NA
2019-2020,June,31,UTTAR PRADESH,3166,HATHRAS,217741,151.289045884842,15,19,2.7545,479,0,1223,178207,50113,16586,256,49,6.639,279.00117,11153,12286,36189,56788,3,75221,108551,1702,269.60767,22700,14,49.28,60.57,104.71,NA
2019-2020,June,31,UTTAR PRADESH,3170,KAUSHAMBI,555512,136.655929553831,25,35,4.144,1641,17,9388,418362,195275,82057,249,80,13.67695,589.53743,16481,19147,74719,140160,8,214804,347255,11029,571.71648,181136,80,85.42,48.65,110.56,NA
2019-2020,June,31,UTTAR PRADESH,3175,BALRAMPUR,1130077,134.517974374662,26,58,13.2944109,672,2,4412,1116317,214519,30100,19975,2889,29.83973,1544.7811569,42592,47248,105731,153722,39,188599,259362,5084,1501.647016,352094,33,85.89,88.99,101.84,NA
2019-2020,June,31,UTTAR PRADESH,3181,AMETHI,884900,149.524528106492,26,40,56.1864423,4787,34,17483,714568,190832,56091,3033,803,33.8364,1158.4772723,27429,31700,113002,189843,16,236435,360613,22270,1068.45443,255425,72,66.86,31.13,115.29,NA
2019-2020,June,31,UTTAR PRADESH,3184,SAMBHAL,705643,130.747105023054,19,95,9.595937386,762,174,3237,654323,227490,44187,99,16,2.24,867.344317386,33734,38593,90603,132152,6,164420,224101,3999,855.50838,145409,17,86.36,83.65,103.37,NA
2019-2020,July,31,UTTAR PRADESH,3118,ALIGARH,974194,156.485883561841,21,71,23.6726244,667,43,3669,834984,268200,44969,864,171,28.94475,1359.2494644,38591,42365,103672,146102,9,199598,269041,4336,1306.63209,209742,19,80.59,88.21,104.17,NA
2019-2020,July,31,UTTAR PRADESH,3128,KHERI,2269413,164.272905927194,24,271,34.59337765,8597,29,13340,2161613,735780,152833,15227,6147,32.51737,3618.05523765,86511,104343,245163,407120,23,534667,773982,21937,3550.94449,563004,72,82.94,73.34,100.22,NA
2019-2020,July,31,UTTAR PRADESH,3129,SITAPUR,3740995,158.487060692886,25,287,123.169884049,17983,2,29747,2494724,907419,298564,3104,848,80.12366,4157.108284049,96128,124209,339363,675373,22,645539,1129250,47730,3953.81474,725472,73,71.62,46.78,106.15,NA
2019-2020,July,31,UTTAR PRADESH,3134,FARRUKHABAD,590539,176.734224821814,26,35,6.048,2012,0,7133,714984,84804,14126,581,62,22.10268,1291.77211,26838,30134,66061,90454,5,155600,198747,9145,1263.62143,171780,57,92.54,71.41,101.12,NA
2019-2020,July,31,UTTAR PRADESH,3137,KANPUR NAGAR,561110,164.652345597911,26,39,8.22706,2349,4,4823,479511,192042,44400,8384,2101,10.148,807.9011689,18327,21255,57223,106606,12,201538,309433,7172,789.5261089,107848,49,54.96,61.37,109.12,NA
2019-2020,July,31,UTTAR PRADESH,3142,BANDA,1800567,155.287467610627,32,14,185.438755241,6212,0,11771,1153156,288079,78829,653,170,52.75528,2028.900785241,35469,50512,122816,271443,137,219769,458366,17983,1790.70675,517984,79,82.79,60.52,100.56,NA
2019-2020,July,31,UTTAR PRADESH,3144,PRATAPGARH,2166579,156.5407393859,27,44,28.1606,8468,55,13329,1711285,874225,130839,2040,373,66.565,2773.583792,61380,73988,205204,278977,49,395853,529474,21797,2678.858192,738945,82,57.21,44,126.33,NA
2019-2020,July,31,UTTAR PRADESH,3145,PRAYAGRAJ,1778287,164.4578840842,30,109,34.25325,9110,1,16743,1601283,695425,156944,552,109,59.106,2726.79539,52881,64358,179504,297172,63,376079,579490,25853,2633.43614,630785,68,71.19,53.92,106.41,NA
2019-2020,July,31,UTTAR PRADESH,3154,GORAKHPUR,1954075,176.899971765933,24,67,18.9204286,4345,33,8681,1480481,375884,67034,3812,722,34.80539,2672.6962896,60699,65911,161835,231579,5,382442,505476,13026,2618.970471,591340,57,66.52,69.88,103.67,NA
2019-2020,July,31,UTTAR PRADESH,3158,JAUNPUR,2034587,160.461821924834,33,105,246.872652812,5944,42,14771,2567691,935912,100169,10907,1517,51.108,4418.144412812,76101,80338,193006,243320,103,429856,524365,20715,4120.16376,1146943,52,73.15,73.01,102.94,NA
2019-2020,July,31,UTTAR PRADESH,3159,BALLIA,1492814,168.303211722362,25,64,45.055909755,2528,28,12070,1190545,160365,34506,26129,4630,20.1116,2068.892981755,46273,51285,150241,215276,12,305405,411185,14598,2003.725472,463544,65,74.59,71.75,105.67,NA
2019-2020,July,31,UTTAR PRADESH,3168,KANNAUJ,709431,156.505482614619,22,68,5.824,4154,5,9348,518913,164746,50778,345,59,23.54172,841.493015,23162,25823,81825,125885,0,149822,211692,13502,812.127295,118205,57,73.75,53.27,111.07,NA
2019-2020,July,31,UTTAR PRADESH,3171,CHANDAULI,1272928,166.974890895349,31,124,15.568,3020,4,10564,1230470,378868,74448,4221,1030,12.1744,2082.31834,39676,54962,97783,210269,23,239372,450162,13584,2054.57594,432611,59,66.19,57.73,101.61,NA
2019-2020,July,31,UTTAR PRADESH,3176,SHRAVASTI,865198,180.852831110711,29,67,54.3456373,2083,1,4851,699849,241900,44405,4441,987,20.3,1340.3423673,23789,29530,69144,129620,43,131181,219492,6934,1265.69673,231388,51,82.39,80.97,104.22,NA
2019-2020,July,31,UTTAR PRADESH,3178,AMBEDKAR NAGAR,1325046,176.3379441749,28,23,58.499338592,2676,13,4825,1018180,369474,92166,2238,511,28.34,1882.277018592,36143,41659,116014,204062,29,257831,406305,7501,1795.43768,426251,69,83.34,70.08,100.06,NA
2019-2020,Aug,31,UTTAR PRADESH,3110,MORADABAD,1122749,171.474978458849,30,113,722.254688487001,3503,64,3406,1271984,302868,33525,462,34,126.9519,3030.340878487,42125,51225,88117,140466,154,163120,239739,6909,2181.13429,386544,39,82.6,76.73,102.42,NA
2019-2020,Aug,31,UTTAR PRADESH,3111,RAMPUR,970611,171.814888135371,28,49,1178.388072388,2437,7,3368,1097666,235277,26984,1164,151,85.7219,3150.063582388,38653,41979,83096,115181,11,165539,216991,5805,1885.95361,189754,25,50.36,56.63,153.41,NA
2019-2020,Aug,31,UTTAR PRADESH,3112,SAHARANPUR,585456,182.569326365678,19,83,227.82079643,1092,2,4516,647755,281114,58021,1580,232,42.862,1453.28473643,33019,38678,76574,118548,38,122708,179056,5608,1182.60194,222074,9,60.57,94.71,106.04,NA
2019-2020,Aug,31,UTTAR PRADESH,3120,AGRA,1287282,168.759548910461,31,86,224.016381225,1795,5,2162,1351306,436568,38214,9949,876,89.70922,2594.183511225,42651,50978,76546,113184,45,163185,221998,3957,2280.45791,418489,32,87.79,90.13,100.34,NA
2019-2020,Aug,31,UTTAR PRADESH,3122,ETAH,1042390,166.139474627778,31,58,303.88462967,3024,21,4348,850635,202455,30717,7,17,5.992,1723.11714967,27214,31171,70492,110128,22,157253,229200,7372,1413.24052,230121,52,76.67,72.84,104.81,NA
2019-2020,Aug,31,UTTAR PRADESH,3123,MAINPURI,1312523,164.739454403615,28,88,235.567809316,4062,8,4934,988313,291242,42231,983,150,66.87444,1930.583693316,35074,41504,87145,130919,47,162087,229149,8996,1628.141444,283366,61,71.14,69.54,103.85,NA
2019-2020,Aug,31,UTTAR PRADESH,3124,BUDAUN,2237347,153.623772356161,29,252,442.20140128,5359,10,9765,1664530,312043,42255,1542,104,105.33328,3104.64845928,55932,61128,131297,183831,126,264050,350355,15124,2557.113778,327990,54,74.61,69,108.63,NA
2019-2020,Aug,31,UTTAR PRADESH,3130,HARDOI,4545255,160.876138564078,31,150,1413.923181608,8724,2,13442,3219911,1124494,138965,3255,370,203.02574,6797.017403608,101535,109733,251002,350107,29,578574,744953,22166,5180.068482,680008,64,73.28,75.83,108.09,NA
2019-2020,Aug,31,UTTAR PRADESH,3138,JALAUN,2304235,169.682610936921,33,227,1774.085230859,4727,2,10869,1883638,623594,104615,1250,386,89.97156,5060.262929859,57019,81702,131619,292953,69,215076,443825,15596,3196.206139,694993,52,77.58,70.54,104.98,NA
2019-2020,Aug,31,UTTAR PRADESH,3141,HAMIRPUR,1547828,171.829511962176,36,46,1055.351101471,2881,0,9616,1266910,290085,49434,569,76,70.59782,3302.874191471,34345,49715,89384,178767,368,168235,321687,12497,2176.92527,504590,50,61.93,75.49,112.46,NA
2019-2020,Aug,31,UTTAR PRADESH,3142,BANDA,2362822,168.416994638972,34,20,1447.268666826,7373,0,12203,1600999,406902,78831,910,170,138.09999,4281.723056826,46878,67959,122852,271489,419,219814,458422,19576,2696.3544,706168,79,80.57,66.03,100.68,NA
2019-2020,Aug,31,UTTAR PRADESH,3143,FATEHPUR,2327765,161.496817997578,35,126,1423.416247718,9298,2,14757,1995913,759627,94181,218,20,158.49,4805.242232718,56817,64206,143390,210811,174,277568,382786,24055,3223.335985,773879,72,69.29,63.74,102.92,NA
2019-2020,Aug,31,UTTAR PRADESH,3145,PRAYAGRAJ,2333585,164.222627719001,31,120,2151.102464025,11667,0,17134,2002482,872478,157428,671,109,189.87482,5629.505844025,62929,76537,180498,298341,161,377931,581748,28801,3288.52856,772620,67,63.32,53.07,106.25,NA
2019-2020,Aug,31,UTTAR PRADESH,3156,MAU,2391770,169.578572002063,30,195,1956.048866066,4764,8,5040,1818434,504153,63574,14506,1449,152.574,5192.297276066,60037,65854,154727,211935,133,249734,329101,9804,3083.67441,794503,53,65.53,61.5,100.68,NA
2019-2020,Aug,31,UTTAR PRADESH,3163,SONBHADRA,2111142,174.412645320204,30,132,1399.925815723,5942,2,14450,2005141,551669,123183,617979,123595,107.43138,5004.576656223,65947,92989,158170,387868,248,347568,765729,20392,3497.2194605,944380,73,85.86,73.78,100.41,NA
2019-2020,Sep,31,UTTAR PRADESH,3127,SHAHJAHANPUR,2325984,166.841245564526,27,162,633.192069757,4869,4,9910,1773204,535605,80761,764,89,78.28941,3669.917119757,64112,75014,152858,253063,163,320844,472197,14779,2958.43564,331835,70,79.26,64.38,108.2,NA
2019-2020,Sep,31,UTTAR PRADESH,3129,SITAPUR,5835770,174.653568544473,32,409,2617.844731087,24547,1,30984,4192942,1532507,298892,5225,848,275.49366,10216.461221087,130823,170710,340669,676955,165,647747,1131965,55531,7323.12283,1191604,74,68.27,46.33,105.23,NA
2019-2020,Sep,31,UTTAR PRADESH,3135,ETAWAH,1056841,173.935303668767,30,35,162.412923711,3711,0,7225,931212,372627,42684,2004,157,52.5482,1834.667543711,30688,33720,66732,98727,116,149205,201407,10936,1619.70642,202007,58,46.32,68.58,107.48,NA
2019-2020,Sep,31,UTTAR PRADESH,3139,JHANSI,2423920,182.098336117839,47,140,1301.588131999,4067,0,7646,2023100,655811,77042,22500,1734,181.29157,5166.911139999,42564,60868,102648,210872,1393,191721,378287,11713,3684.031438,762971,46,72.02,63.4,102.1,NA
2019-2020,Sep,31,UTTAR PRADESH,3141,HAMIRPUR,1839975,177.388561753509,39,49,1055.351101471,3599,0,9192,1545062,354496,49453,596,76,70.59782,3866.712181471,39049,56852,89777,179264,525,168744,322349,12791,2740.76326,613320,50,63.5,76.16,110.24,NA
2019-2020,Sep,31,UTTAR PRADESH,3155,DEORIA,2353455,173.125612408487,32,51,1235.129087406,3361,2,8379,1657962,490393,47311,54978,4615,105.19924,4210.685193406,51345,53710,127960,160721,90,248491,301898,11740,2870.356866,577452,45,75.37,76.76,100.1,NA
2019-2020,Sep,31,UTTAR PRADESH,3160,GHAZIPUR,2871407,172.006363307691,27,66,563.145457631,3062,2,9288,1952758,480562,74815,11999,1543,93.94172,4015.955197631,70923,82230,164116,264415,113,356260,541340,12350,3358.86802,710357,54,60.45,65.87,117.79,NA
2019-2020,Sep,31,UTTAR PRADESH,3161,VARANASI,818379,177.838699092191,26,63,162.039766214,3864,1,7881,746963,258621,54083,3293,514,48.16306,1538.592108114,28474,35753,70479,133157,52,159369,257066,11745,1328.3892819,363471,62,46.7,42.28,104.95,NA
2019-2020,Sep,31,UTTAR PRADESH,3163,SONBHADRA,2509614,177.198586949031,32,147,1399.925815723,6719,2,14332,2292734,629916,123216,699389,123619,107.43138,5570.049446223,70808,100356,158248,387951,388,347857,766108,21051,4062.6922505,1073200,73,84.93,71.33,100.4,NA
2019-2020,Sep,31,UTTAR PRADESH,3169,AURAIYA,860614,175.356394029294,26,36,238.336512197,4176,1,5453,728758,303935,47066,3250,427,49.9948,1566.255062197,27165,30375,65451,97822,49,134075,187645,9629,1277.92375,215749,75,56.9,53.79,106.51,NA
2019-2020,Oct,31,UTTAR PRADESH,3109,BIJNOR,1542999,173.102195386843,20,179,483.34717174,3288,0,6296,1546880,657994,106383,4794,581,79.48267,3240.51308174,76929,94760,142052,236125,159,213156,331880,9584,2677.68324,427278,11,57.51,78.72,104.7,NA
2019-2020,Oct,31,UTTAR PRADESH,3118,ALIGARH,1694332,175.876002391743,29,87,448.443615266,1711,16,3309,1471730,469843,45182,1871,175,72.02022,3108.883725266,50439,55757,104364,146897,34,200550,270141,5020,2588.41989,366020,19,73.41,87.9,102.86,NA
2019-2020,Oct,31,UTTAR PRADESH,3121,FIROZABAD,1380940,177.535796934879,39,66,301.178099509,1643,3,2035,1483465,658258,39770,1781,119,55.76188,2990.621389509,37179,42082,72304,95690,81,152655,195353,3678,2633.68141,497925,34,71.66,70.44,100.71,NA
2019-2020,Oct,31,UTTAR PRADESH,3131,UNNAO,3000337,177.99919344394,37,119,852.128104873,6070,1,12708,2493937,804472,78587,6797,524,145.80787,5437.123719873,66029,73617,145721,212949,521,378456,495458,18778,4439.187745,663173,67,76.8,68.86,100.25,NA
2019-2020,Oct,31,UTTAR PRADESH,3133,RAE BARELI,3266003,174.235689710111,36,140,1504.24931572,11896,0,14103,2698960,857186,110500,5580,792,192.7697,6399.57058672,74716,89148,173944,317867,970,320132,527109,25999,4702.551571,991722,50,49.14,51.34,100.06,NA
2019-2020,Oct,31,UTTAR PRADESH,3142,BANDA,3131572,179.10090072812,40,22,1447.268666826,9162,0,11911,2242075,560426,78827,1349,170,138.09999,5600.945176826,55244,81047,122939,271566,1086,219937,458543,21073,4015.57652,971276,79,83.4,69.01,100.6,NA
2019-2020,Oct,31,UTTAR PRADESH,3151,SIDDHARTH NAGAR,6543245,184.300322987598,30,86,4102.76654123,5628,5,8176,3954641,839391,77061,4912,344,290.65075,11681.83342723,127962,142771,256308,343543,111,376392,488225,13804,7288.41613599999,1936495,32,49.85,56.7,106.92,NA
2019-2020,Oct,31,UTTAR PRADESH,3159,BALLIA,2596324,175.797144640367,31,72,748.58868243,5000,3,12472,1816934,231550,34616,38649,4671,100.0082,4042.71497443,57712,63924,151118,216222,55,308300,414436,17472,3194.118092,717846,67,76.46,64.01,104.26,NA
2019-2020,Oct,31,UTTAR PRADESH,3161,VARANASI,912424,178.894778184562,27,67,162.039766214,4139,1,8600,829541,291776,54151,3502,522,48.16306,1694.208358114,30047,37840,70584,133298,78,159643,257421,12739,1484.0055319,404634,63,46.55,39.23,104.59,NA
2019-2020,Oct,31,UTTAR PRADESH,3168,KANNAUJ,1233853,179.919082163952,30,113,168.05610447,6598,1,10575,1171560,389028,50923,637,59,57.12876,2333.04486347,37907,42911,82716,126861,77,150858,212813,17173,2107.859999,246280,58,74.51,62.88,105.93,NA
2019-2020,Oct,31,UTTAR PRADESH,3169,AURAIYA,959512,183.584458566098,28,38,238.336512197,4844,1,5043,843307,350702,47046,4006,427,49.9948,1836.511902197,29172,32743,65460,97811,80,134120,187667,9887,1548.18059,245731,75,57.22,54.99,105.73,NA
2019-2020,Oct,31,UTTAR PRADESH,3171,CHANDAULI,2213894,180.342044594783,36,145,887.716686650001,5005,1,12514,1728543,527574,74673,6671,1030,93.16605,4098.17252455,47661,66279,98242,210413,115,241698,452972,17519,3117.2897879,593580,61,65.29,50.4,101.49,NA
2019-2020,Nov,31,UTTAR PRADESH,3109,BIJNOR,1706741,174.51084004486,21,192,510.51837174,3691,0,6713,1769965,757960,106359,5440,581,154.08437,3753.38353174,80547,99741,142116,236122,249,213309,332014,10404,3088.78079,491337,13,60.65,77.56,104.36,NA
2019-2020,Nov,31,UTTAR PRADESH,3110,MORADABAD,1645948,171.870601188466,34,120,779.806460520001,4170,63,3572,1637573,387091,33612,555,35,185.8099,3780.12292052,47115,57476,88549,140957,332,163980,240720,7742,2814.50656,488459,37,79.67,71.14,102,NA
2019-2020,Nov,31,UTTAR PRADESH,3111,RAMPUR,1422913,170.720825470473,38,59,1232.903209588,2984,2,4539,1906113,413824,27273,1845,153,157.4519,4644.486957588,49052,54061,83886,116002,261,166525,218005,7523,3254.131848,339116,23,49.05,57.39,129.89,NA
2019-2020,Nov,31,UTTAR PRADESH,3115,MEERUT,292886,177.755742478133,43,12,20.3374682,972,4,571,443939,216526,12479,82,10,24.42967,833.8942038,10264,11846,21145,27174,50,57016,69948,1543,789.1270656,155368,24,59.67,71.29,106.34,NA
2019-2020,Nov,31,UTTAR PRADESH,3118,ALIGARH,1874133,174.403632296765,31,96,478.636730448,1767,14,3569,1721225,545525,45241,2199,174,138.36432,3618.879970448,54313,60194,104654,147223,75,200938,270565,5336,3001.87892,424092,20,74.13,87.43,103.14,NA
2019-2020,Nov,31,UTTAR PRADESH,3121,FIROZABAD,1527484,178.260901957918,42,67,370.940343676,1996,3,1954,1641540,720589,39798,1948,119,111.6456,3408.809953676,38787,44035,72631,96078,125,153344,196141,3950,2926.22401,551630,35,71.82,68.24,100.71,NA
2019-2020,Nov,31,UTTAR PRADESH,3126,PILIBHIT,2272258,170.389895468236,31,227,1707.757177868,5013,0,9593,2271654,427401,48732,4480,500,244.76664,5823.192693868,72398,88571,137412,232307,333,292532,428443,14606,3870.668876,441654,58,63.39,62.03,100.44,NA
2019-2020,Nov,31,UTTAR PRADESH,3129,SITAPUR,7196846,177.695770768915,37,460,2703.14183119,28295,1,31931,5798690,2122241,299568,7253,849,526.54203,13533.71075119,153486,202259,343148,680090,587,652708,1138294,60226,10304.02689,1632298,74,66.94,46.09,104.7,NA
2019-2020,Nov,31,UTTAR PRADESH,3138,JALAUN,3378004,176.057368509373,41,265,1796.741490859,5781,0,10720,2842522,921411,104612,2054,386,159.92356,6961.134483359,68558,99871,131889,293155,360,216109,445214,16501,5004.4694325,1031702,51,73.34,65.91,105.31,NA
2019-2020,Nov,31,UTTAR PRADESH,3142,BANDA,3463892,176.38945097042,43,23,1516.713174788,9964,0,12141,2607273,645709,78832,1588,170,214.6859,6330.353604788,59727,87910,123040,271696,1626,220072,458717,22105,4598.95453,1123854,80,83.83,68.25,100.53,NA
2019-2020,Nov,31,UTTAR PRADESH,3146,BAHRAICH,4917973,179.705796046508,41,182,2377.069424965,20736,0,14008,4565129,677616,69183,23334,3011,445.13792,11026.008754965,110929,137874,223249,358692,833,468953,671124,34744,8203.80141,1554941,88,64.73,48.11,101.29,NA
2019-2020,Nov,31,UTTAR PRADESH,3156,MAU,3506330,165.123456230241,38,266,1966.352866066,5861,2,5017,2981225,821725,64256,23776,1457,229.306,7118.360624066,76504,84571,157009,214304,608,253300,332917,10878,4922.701758,1303103,51,68.76,64.84,100.68,NA
2019-2020,Nov,31,UTTAR PRADESH,3165,BAGHPAT,69447,178.616077460032,30,3,26.8930807,136,2,644,53292,18834,3068,0,6,5.51336,127.5945207,1776,2054,6244,9154,5,32689,45199,780,95.18808,16279,7,23.46,71.51,104.04,NA
2019-2020,Nov,31,UTTAR PRADESH,3167,AMROHA,1755696,179.353930586819,29,94,742.95687852,3462,1,2672,1555353,427749,52017,314,35,143.22397,3675.76758852,53419,68858,102805,176461,243,154816,249618,6134,2789.58674,385230,10,83.87,84.55,100.74,NA
2019-2020,Nov,31,UTTAR PRADESH,3170,KAUSHAMBI,1540672,171.181199535066,37,69,665.788861126,3132,5,10978,1226842,612532,81978,460,74,111.25891,2877.170623126,32779,39882,75689,141111,202,220205,353929,14110,2100.122852,508370,76,73.4,60.46,106.91,NA
2019-2020,Nov,31,UTTAR PRADESH,3172,KUSHI NAGAR,4057379,174.719074698488,35,244,1966.299686566,9651,1,18974,3633929,1043640,98314,4979,441,353.56955,8669.036360566,101346,119644,193632,307213,300,412909,590663,28625,6349.167124,1266967,44,75.32,68.49,106.85,NA
2019-2020,Nov,31,UTTAR PRADESH,3173,SANT RAVIDAS NAGAR,1151163,173.614228090728,34,27,356.345571107,1635,1,8682,878361,366650,44446,5001,418,79.731,1961.036241107,25634,31800,51469,100651,187,137139,241813,10317,1524.95967,372330,59,75.83,67.48,101.8,NA
2019-2020,Nov,31,UTTAR PRADESH,3176,SHRAVASTI,1664450,176.639012795323,42,101,687.233758645999,3607,0,5927,1460690,490542,44507,9524,987,116.59314,3383.975294646,34765,43803,69614,129909,581,131841,220015,9534,2580.148396,471152,49,85.45,80.73,104.43,NA
2019-2020,Nov,31,UTTAR PRADESH,3180,KASHGANJ,1308929,176.169407975885,39,111,861.770333178,2707,0,2844,1406615,287900,23379,1492,64,126.22075,3466.016401178,35620,42929,59135,108044,688,132815,209390,5551,2478.025318,362525,24,69.73,87.85,101.02,NA
2019-2020,Dec,31,UTTAR PRADESH,3115,MEERUT,297811,180.216760479948,44,12,20.3374682,1057,4,536,462550,225434,12509,82,10,24.42967,878.3597638,10451,12050,21175,27199,65,57113,70037,1593,833.5926256,161907,24,60.03,71.47,106.81,NA
2019-2020,Dec,31,UTTAR PRADESH,3117,BULANDSHAHR,153511,182.731741904987,19,16,39.13456598,856,24,2824,224243,53608,9244,0,0,10.4555,459.35320598,11522,12838,26270,36510,16,110455,143005,3680,409.76314,59089,13,84.05,86.17,103.26,NA
2019-2020,Dec,31,UTTAR PRADESH,3122,ETAH,1553839,177.831181370354,44,74,596.68086969,4291,4,4366,1674750,377627,30726,270,17,104.19048,3679.09905969,38001,43657,70928,110636,367,157999,230123,8657,2978.22771,455934,48,71.53,69.71,105.29,NA
2019-2020,Dec,31,UTTAR PRADESH,3124,BUDAUN,3335101,177.189450013057,42,346,502.3756109,8488,2,8932,3224222,626029,42488,2733,106,211.57674,6426.9335799,75490,83402,133610,186192,1150,267003,353325,17420,5712.981229,614866,52,75.77,72.62,107.21,NA
2019-2020,Dec,31,UTTAR PRADESH,3135,ETAWAH,1325245,171.715003594031,38,49,179.653703711,4757,0,7776,1464929,564375,42744,3261,157,122.59703,2817.753618711,37788,42087,67194,99205,646,150361,202675,12533,2515.502885,327449,58,51.48,67.59,104.83,NA
2019-2020,Dec,31,UTTAR PRADESH,3145,PRAYAGRAJ,3478558,176.637361259537,40,155,2196.822397425,20168,0,14543,3499700,1559276,158364,1183,115,312.77407,8691.374199425,85754,105513,182759,301077,935,385157,590674,34711,6181.777732,1328873,64,63.64,53.51,104.38,NA
2019-2020,Dec,31,UTTAR PRADESH,3147,GONDA,4494460,173.546156790282,43,157,4785.34956958,11234,161,16261,4478275,872227,52598,11493,491,545.786,13103.00972258,103741,110421,193647,238122,684,343926,411705,27495,7771.874153,1659095,61,65.59,59.38,110.5,NA
2019-2020,Dec,31,UTTAR PRADESH,3153,BASTI,5687581,166.935073308541,42,152,2241.738977397,8885,11,17662,5617149,1318089,95929,2535,170,314.30151,11933.032288397,133192,156790,247645,373770,1399,383222,555066,26547,9376.991801,2468421,40,73.51,67.46,101.28,NA
2019-2020,Dec,31,UTTAR PRADESH,3171,CHANDAULI,2490010,175.05879235374,41,161,954.420538464,6483,1,13580,2282266,703030,74662,8697,1030,174.592,5124.319836364,55180,77115,98567,210763,361,241827,453083,20063,3995.3072979,770968,60,64.61,47.07,101.47,NA
2019-2020,Dec,31,UTTAR PRADESH,3181,AMETHI,2495472,169.509027334477,40,62,1397.224082711,11701,1,18859,2225102,555935,55620,8440,683,205.99699,5374.969830111,55418,67094,114416,191790,553,241598,366485,30560,3771.7487574,742201,72,64.21,41.31,107.57,NA
2019-2020,Dec,31,UTTAR PRADESH,3182,HAPUR,95945,171.126246739297,28,13,10.54143712,399,1,300,104272,50375,3695,7,5,2.22056,191.19875712,3679,4041,8378,9612,15,13176,15127,699,178.43676,37529,41,45.09,64.29,99.98,NA
2019-2020,Dec,31,UTTAR PRADESH,3183,SHAMLI,255595,195.658675264791,33,7,103.129030699,620,1,1112,288435,26396,2450,101,13,21.21304,688.690170699,8568,9207,18605,22149,120,39729,46770,1732,564.3481,80980,14,55.82,75.04,107.43,NA
2019-2020,Jan,31,UTTAR PRADESH,3112,SAHARANPUR,969280,183.06144116747,25,100,241.37279643,1300,0,5341,1045680,449555,58195,2812,236,65.80521,2221.41488443,40551,48121,76973,118996,167,123831,180383,6641,1914.236878,344874,13,64.75,93.02,106.17,NA
2019-2020,Jan,31,UTTAR PRADESH,3120,AGRA,2131222,177.800055729353,40,98,239.748376325,2906,1,2279,2026939,637953,38378,14831,877,127.25369,3970.900737925,49595,59631,77037,113878,482,164068,223403,5185,3603.8986716,618891,33,77.32,79.72,100.77,NA
2019-2020,Jan,31,UTTAR PRADESH,3123,MAINPURI,2173011,177.561042340068,42,110,253.039809316,5431,8,4860,2076213,633287,42972,2049,153,118.70734,4058.292593316,49068,58349,89431,133403,698,165118,232464,10291,3686.545444,562481,58,69.25,68.52,103.22,NA
2019-2020,Jan,31,UTTAR PRADESH,3126,PILIBHIT,2566134,178.461268450138,34,260,1707.757177868,6042,0,11408,2891103,550735,48655,5847,504,244.76664,7112.022903868,83241,103048,137497,232261,693,293304,429261,17450,5159.499086,560869,57,63.45,61.23,100.35,NA
2019-2020,Jan,31,UTTAR PRADESH,3134,FARRUKHABAD,1282996,184.352031056062,38,47,217.732028131,5702,0,6499,1464706,170150,14208,1054,63,82.33723,3000.284518131,37652,42334,67004,91194,21,158205,201323,12201,2700.21526,345287,56,88.89,76.16,101.7,NA
2019-2020,Jan,31,UTTAR PRADESH,3156,MAU,3959811,174.524184552871,44,303,1966.352866066,6758,2,4815,3913957,1077808,64383,31236,1461,229.306,9026.460404066,87070,96638,157694,214934,1224,256422,336434,11573,6830.801538,1723362,50,72.29,68.18,100.7,NA
2019-2020,Jan,31,UTTAR PRADESH,3158,JAUNPUR,4420313,173.767767572522,48,186,3262.564731838,13574,4,18534,5732885,2167509,101543,30566,1529,404.05105,13628.522063838,118919,125768,196178,246557,2346,446653,541651,32108,9961.906282,2554303,50,70.35,67.45,101.82,NA
2019-2020,Jan,31,UTTAR PRADESH,3159,BALLIA,3243265,171.951969417811,39,98,778.15668243,8285,1,11243,3038893,412564,34762,65433,4701,167.90795,6171.50099443,76534,85367,152138,217326,270,312546,419220,19528,5225.436362,1167013,62,78.03,65.33,103.97,NA
2019-2020,Jan,31,UTTAR PRADESH,3161,VARANASI,1139777,177.858844734494,34,80,203.424885814,6250,1,7928,1190142,438408,54152,5412,524,86.52907,2406.726767714,34864,44456,70751,133413,250,160243,258168,14178,2116.7728119,590576,63,49.6,34.27,103.4,NA
2019-2020,Jan,31,UTTAR PRADESH,3163,SONBHADRA,3495204,177.255194587473,39,198,1537.395890515,10943,2,13102,3519317,969179,123306,1039203,123707,191.78029,7967.348377015,88460,127516,158709,388526,1361,349066,767911,24045,6238.1721965,1631770,73,82.46,63.45,100.36,NA
2019-2020,Jan,31,UTTAR PRADESH,3165,BAGHPAT,78429,176.085548744133,33,4,26.8930807,177,2,627,65413,22462,3070,0,8,5.51336,147.5892807,1947,2266,6309,9224,7,32760,45280,804,115.18284,19765,7,26.44,73.02,105.95,NA
2019-2020,Jan,31,UTTAR PRADESH,3169,AURAIYA,1198599,182.350636004572,35,45,262.989193023,6284,1,4044,1189960,498330,47020,5771,425,90.77005,2523.658871223,33490,37846,65527,97802,344,136586,190500,10328,2169.8996282,337119,73,57.89,58.24,104.04,NA
2019-2020,Jan,31,UTTAR PRADESH,3170,KAUSHAMBI,1739930,171.47563938019,43,74,665.788861126,4408,5,10272,1630759,811357,81828,545,74,111.25891,3573.402193126,37844,46681,75951,141207,499,225478,360345,14680,2796.354422,677619,75,75.34,61.23,105.75,NA
2019-2020,Jan,31,UTTAR PRADESH,3171,CHANDAULI,2765543,176.388276978223,44,176,954.420538464,7134,1,13609,2631882,811880,74682,10621,1030,174.592,5771.343850364,59414,83045,98820,211037,641,243129,454889,20743,4642.3313119,880648,59,63.58,46.84,101.31,NA
2019-2020,Jan,31,UTTAR PRADESH,3183,SHAMLI,283879,196.102790686718,34,8,103.129030699,632,3,1102,297167,27682,2448,101,13,21.21304,707.094850699,8725,9379,18607,22149,120,39797,46848,1734,582.75278,83743,14,56.25,74.51,107.45,NA
2019-2020,April,31,UTTAR PRADESH,3109,BIJNOR,161255,117.68699361562,8,24,0,349,780,5048,69858,29868,105311,246,577,0,82.21378,8494,9782,139993,233737,0,210074,328083,5397,82.21378,19524,13,21.69,27.42,101.2,NA
2019-2020,April,31,UTTAR PRADESH,3110,MORADABAD,155511,129.08730192873,15,9,0,1106,323,2915,69735,10323,33423,14,34,0,90.01903,4615,5644,87299,139547,0,161851,238363,4021,90.01903,25188,46,71.13,18.07,125.72,NA
2019-2020,April,31,UTTAR PRADESH,3115,MEERUT,27672,17.2213456655785,12,1,0,2,464,371,11028,6794,12103,0,10,0,1.89917,856,971,19549,25385,0,53813,66336,373,1.89917,4092,16,74.22,92.63,106.94,NA
2019-2020,April,31,UTTAR PRADESH,3116,GHAZIABAD,0,0,0,0,0,0,161,3,0,0,20,0,0,0,0,0,0,72,194,0,17614,25863,3,0,0,0,0,0,0,NA
2019-2020,April,31,UTTAR PRADESH,3117,BULANDSHAHR,14264,136.736077944407,12,0,0,71,846,1419,10469,1270,9145,0,0,0,14.3149,823,951,25523,35686,0,109180,141640,1490,14.3149,2839,13,77.89,51.02,106.81,NA
2019-2020,April,31,UTTAR PRADESH,3122,ETAH,144380,136.095574394416,22,4,0,264,174,5659,72781,9664,30643,0,13,0,99.05172,3256,3785,69676,109174,0,156107,227669,5923,99.05172,22896,59,84.95,15.3,100.2,NA
2019-2020,April,31,UTTAR PRADESH,3149,AYODHYA,271607,151.001760921598,17,25,2.3326,1277,130,10921,270313,76888,83585,474,370,0,410.50999,15885,17576,125582,206427,0,234957,355926,12198,408.17739,113620,54,63.86,43.71,106.1,NA
2019-2020,April,31,UTTAR PRADESH,3152,MAHARAJGANJ,492109,155.939387540914,20,74,2.85634115,1169,119,11637,321099,68581,101818,1427,2574,0,503.57615515,15520,19708,216952,393304,0,338080,570201,12806,500.719814,135381,74,62.75,22.93,100.48,NA
2019-2020,April,31,UTTAR PRADESH,3159,BALLIA,271335,104.982831141884,18,16,0,200,292,12859,177356,19477,34316,2796,4592,0,186.19335,9756,10400,148419,213351,0,300035,405301,13059,186.19335,80997,69,68.75,24.78,113.6,NA
2019-2020,April,31,UTTAR PRADESH,3163,SONBHADRA,292412,141.380277366586,17,30,0,1667,41,11561,293186,69040,122809,88086,123308,0,414.50718,17135,22861,157125,386324,0,344958,761610,13228,414.50718,130053,73,78.41,42.44,100.26,NA
2019-2020,April,31,UTTAR PRADESH,3171,CHANDAULI,231368,146.983793032647,19,13,0,594,206,10258,146110,37120,74454,410,1032,0,214.75802,7580,10425,96938,210343,0,237269,448678,10852,214.75802,56351,65,74.82,29.47,103.81,NA
2019-2020,April,31,UTTAR PRADESH,3172,KUSHI NAGAR,383346,143.845725133385,16,69,0.003,917,196,19025,389287,99393,98251,619,434,0,559.975708,23815,26879,192160,305424,0,409403,586566,19942,559.972708,141781,45,54.86,43.11,114.15,NA
2019-2020,April,31,UTTAR PRADESH,3173,SANT RAVIDAS NAGAR,108763,131.304789461661,16,2,0.035,243,195,7021,65665,22880,44089,213,390,0,86.25629,4005,4671,50586,99972,0,134789,238993,7264,86.22129,27726,57,88.89,50.8,104.27,NA
2019-2020,April,31,UTTAR PRADESH,3177,CHITRAKOOT,225233,124.619757522663,18,10,3.0867457,1228,15,11699,134693,42215,80971,0,6,0,170.9408357,7196,9819,80134,165016,0,128717,250326,12927,167.85409,53266,68,74.03,33.52,102.98,NA
2019-2020,March,31,UTTAR PRADESH,3109,BIJNOR,2261000,184.302545034472,26,210,733.387342438,5188,0,7517,2338986,995118,106399,6809,575,277.55949,5321.757558438,89573,112364,142597,236303,878,214794,333544,12705,4310.810726,649684,17,65.64,70.11,104.71,NA
2019-2020,March,31,UTTAR PRADESH,3117,BULANDSHAHR,200000,185.315477073171,20,18,62.96970778,1198,19,2669,256250,61340,9282,13,2,22.76895,560.60956778,12444,13916,26256,36443,137,110496,142956,3867,474.87091,68597,13,81.95,82.16,103.1,NA
2019-2020,March,31,UTTAR PRADESH,3120,AGRA,2500000,185.677243704629,43,105,801.210471736,3457,1,2030,2251972,707293,38348,16694,874,265.14005,5247.750060336,51696,62222,76914,113756,710,164849,224527,5487,4181.3995386,684072,32,64.82,66.45,100.82,NA
2019-2020,March,31,UTTAR PRADESH,3122,ETAH,2024401,184.450371243634,48,78,1285.0102303,5314,3,3875,1966229,434829,30689,373,17,202.80348,5114.5304003,40519,46774,70974,110591,828,158355,230421,9189,3626.71669,540070,46,64.36,59.87,105.09,NA
2019-2020,March,31,UTTAR PRADESH,3129,SITAPUR,9534000,185.88846279137,48,588,4840.425479553,39703,1,25065,9329059,3387140,299518,11420,849,1104.57302,23286.642867553,193927,259054,344870,681230,3384,670177,1158753,64768,17341.644368,2583249,73,65.16,45.85,103.84,NA
2019-2020,March,31,UTTAR PRADESH,3132,LUCKNOW,1593000,184.143570430771,44,66,715.482430203,6158,33,1641,1565587,1003071,78065,3744,307,197.54165,3795.951880203,35195,41767,64301,115667,1276,194292,298264,7799,2882.9278,398219,51,68.75,60.66,103.21,NA
2019-2020,March,31,UTTAR PRADESH,3144,PRATAPGARH,5521569,185.062827861238,45,65,2040.290533441,18969,10,9035,5430613,2518307,129929,5411,384,678.50145,12768.837971441,118614,140377,206628,278576,3207,405636,536865,28004,10050.045988,2338900,80,57.27,52.48,110.07,NA
2019-2020,March,31,UTTAR PRADESH,3164,GAUTAM BUDDHA NAGAR,10000,184.089448842875,22,0,0,269,85,60,13136,4117,527,432,19,0.262,24.44399,578,655,1228,1625,0,16299,18806,329,24.18199,2570,41,20.71,83.75,99.58,NA
2019-2020,March,31,UTTAR PRADESH,3165,BAGHPAT,92000,185.282311401544,35,4,32.2294007,240,2,591,75902,25619,3072,45,8,8.72887,181.5912507,2122,2467,6326,9237,31,32790,45299,831,140.63298,23024,7,25.44,70.6,105.09,NA
2019-2020,March,31,UTTAR PRADESH,3168,KANNAUJ,1808000,186.625891183995,39,132,352.448604044,9157,0,10445,1777018,557741,50769,675,59,192.19644,3861.020723044,44905,51782,82619,126503,370,154526,217121,19602,3316.375679,389008,58,74.25,57.17,104.95,NA
2019-2020,March,31,UTTAR PRADESH,3173,SANT RAVIDAS NAGAR,1525000,182.770402008912,43,30,525.903846691,3187,1,8033,1368701,594825,44173,8921,417,148.922,3176.406166691,31657,39766,51334,100048,788,138574,243128,11220,2501.58032,596562,59,79.48,64.55,102.78,NA
2019-2020,March,31,UTTAR PRADESH,3177,CHITRAKOOT,3158000,185.470882861549,54,75,1364.727589682,9081,0,11649,2952694,1301675,80960,182,6,257.4757,7098.590919682,54552,82567,81753,166466,3607,130328,251482,20730,5476.38763,1248642,63,51.93,46.03,103.14,NA
2019-2020,March,31,UTTAR PRADESH,3179,MAHOBA,1456064,182.883596745899,49,31,432.15181325,2749,1,5933,1232414,276099,37101,1308,171,144.36676,2830.40162325,24696,39445,47419,132589,2121,103151,267529,8682,2253.88305,459355,67,78.25,62.73,109.27,NA
2019-2020,March,31,UTTAR PRADESH,3182,HAPUR,125000,184.574764237152,34,13,26.864105769,604,0,142,136790,67543,3701,7,5,6.11462,285.458545769,4016,4427,8420,9660,132,13332,15295,746,252.47982,49508,39,36.6,51.85,99.94,NA
2019-2020,May,31,UTTAR PRADESH,3109,BIJNOR,353169,122.064551532685,9,68,1.008,650,395,5304,247833,106568,105615,1124,579,2.4,305.92424,25925,29974,140558,234406,0,210824,329035,5954,302.51624,68621,12,40.26,47.99,100.44,NA
2019-2020,May,31,UTTAR PRADESH,3116,GHAZIABAD,0,0,6,0,0,0,161,4,44,14,20,0,0,0,0,7,7,72,194,0,17614,25863,4,0,20,0,0,100,100,NA
2019-2020,May,31,UTTAR PRADESH,3123,MAINPURI,398157,177.499532897199,21,22,3.472,1868,141,5209,154998,31692,41363,98,149,2.7622,281.354926,7161,8613,85091,128551,0,159496,226101,7077,275.120726,57964,65,84.2,14.52,113.1,NA
2019-2020,May,31,UTTAR PRADESH,3124,BUDAUN,678705,165.680140232988,18,75,9.6988,2784,112,9967,390493,58833,41899,379,97,18.45875,675.1269,20790,22483,128592,180913,4,260213,346225,12751,646.96935,92119,58,66.85,40.16,106.2,NA
2019-2020,May,31,UTTAR PRADESH,3130,HARDOI,1378816,163.115252820874,18,31,24.80398,2740,164,13932,569593,156559,138757,494,370,21.68005,975.577092,30031,32165,249570,348611,0,576141,742302,16672,929.093062,131143,67,72.55,40.22,108.73,NA
2019-2020,May,31,UTTAR PRADESH,3133,RAE BARELI,747538,147.843489273067,20,56,10.78834,3736,10,14945,606837,154466,110288,1275,787,46.628,954.585335,29700,33790,173062,317085,2,317325,524038,18681,897.168995,239009,51,39.57,28.71,100.04,NA
2019-2020,May,31,UTTAR PRADESH,3137,KANPUR NAGAR,223366,153.876095725722,17,18,3.77857,1444,35,5026,176755,68031,44327,2869,2102,9.514,285.276263,10239,11514,56927,106195,0,201056,308782,6470,271.983693,43860,48,53.65,41.68,111.55,NA
2019-2020,May,31,UTTAR PRADESH,3139,JHANSI,618553,156.36031950296,29,91,7.28,1193,16,8494,754547,252166,77060,9988,1738,103.17389,1290.26599,25391,35298,102294,210640,99,190857,377303,9687,1179.8121,292226,43,82.03,72.1,104.69,NA
2019-2020,May,31,UTTAR PRADESH,3152,MAHARAJGANJ,1077782,159.002699202546,22,186,7.22434115,3375,63,9749,729697,170660,101841,3637,2573,18.28008,1185.74234715,32294,39687,217588,393963,0,339974,572364,13124,1160.237926,302979,74,68.88,37.38,100.8,NA
2019-2020,May,31,UTTAR PRADESH,3156,MAU,725550,146.698444558487,21,71,3.5175,1833,81,6558,592372,153617,63195,6020,1426,17.732,890.25001,27141,29519,153362,210421,2,247511,326578,8391,869.00051,250877,56,56.37,44.34,101.02,NA
2019-2020,May,31,UTTAR PRADESH,3157,AZAMGARH,1082311,153.917869707992,19,54,9.074242,2636,533,12986,1006754,350566,123473,652,448,14.278,1572.926552,51086,53717,246297,309723,2,500874,603705,15622,1549.57431,424709,71,66.25,66.02,103.24,NA
2019-2020,May,31,UTTAR PRADESH,3161,VARANASI,208840,154.156587952371,18,18,12.6788,1311,155,7207,205003,60966,53516,1661,517,15.24756,343.95199,11248,13762,69730,132148,0,158190,255488,8518,316.02563,98399,62,68.11,28.03,102.64,NA
2019-2020,May,31,UTTAR PRADESH,3171,CHANDAULI,506726,148.763404425569,21,21,6.944,1666,147,9537,324930,94450,74497,1104,1032,1.36,491.68093,14831,20144,97387,210737,1,238565,450135,11203,483.37693,116972,63,62.27,33.87,102.21,NA
2019-2020,May,31,UTTAR PRADESH,3174,SANT KABEER NAGAR,756295,143.514620167851,21,15,6.496,1994,80,8364,636518,218204,92213,892,520,29.452,949.44439,29459,33586,152583,260648,0,285344,446068,10358,913.49639,286902,71,74.28,58.13,100.57,NA
2019-2020,May,31,UTTAR PRADESH,3182,HAPUR,19525,44.9656946826758,10,11,0,2,206,188,12243,6963,3535,0,4,0,5.50515,1178,1286,7927,9080,0,12517,14360,190,5.50515,4285,11,43.34,70.34,100,NA
2019-2020,Feb,31,UTTAR PRADESH,3110,MORADABAD,2065175,176.382544187847,40,128,781.150460520001,5156,63,3581,2092770,489197,33674,818,35,201.1059,4673.53733052,52246,64147,88742,141165,841,164782,241599,8737,3691.28097,609622,36,81.04,72.18,101.77,NA
2019-2020,Feb,31,UTTAR PRADESH,3112,SAHARANPUR,1076882,184.478092961607,26,101,252.79679643,1527,0,5283,1112825,476637,58201,2960,236,89.13131,2394.84644443,41575,49417,77006,119033,208,123994,180588,6810,2052.918338,366185,14,65.05,91.43,106.03,NA
2019-2020,Feb,31,UTTAR PRADESH,3117,BULANDSHAHR,189425,181.921555959187,20,18,43.50256598,923,23,2915,246099,58258,9237,0,2,13.74322,504.95291598,12190,13625,26262,36477,21,110539,143047,3838,447.70713,65587,13,82.59,83.64,103.22,NA
2019-2020,Feb,31,UTTAR PRADESH,3121,FIROZABAD,1916537,179.390536082642,47,71,376.428343676,2668,2,1737,2093763,907688,39873,2450,119,130.75506,4263.196073676,43969,50286,73060,96440,340,155811,198809,4405,3756.01267,716720,34,74.31,70.14,100.91,NA
2019-2020,Feb,31,UTTAR PRADESH,3124,BUDAUN,4115355,180.292248374543,46,371,524.8761609,9437,2,8781,3861990,742927,42514,3287,107,291.74644,7779.4912039,83080,92022,134126,186670,1827,268129,354467,18218,6962.868603,731437,51,74.81,71.62,106.1,NA
2019-2020,Feb,31,UTTAR PRADESH,3127,SHAHJAHANPUR,3599078,179.567096154309,38,232,904.204316297,8041,0,9377,3279489,968585,80752,1234,89,267.60017,7060.687652297,84552,100740,154051,253820,1068,325512,476749,17418,5888.883166,589574,67,72.78,58.37,107.52,NA
2019-2020,Feb,31,UTTAR PRADESH,3133,RAE BARELI,4532722,176.094849729256,44,175,1635.909362232,16628,0,12525,4280241,1390895,110563,9315,792,428.14881,9601.342129232,95488,115680,174463,318000,4107,327780,536118,29153,7537.283957,1551752,48,51.06,54.79,100.08,NA
2019-2020,Feb,31,UTTAR PRADESH,3139,JHANSI,3750618,180.976529385305,59,192,1453.066427499,5559,0,8541,3332499,1055213,77010,33557,1718,328.14232,7812.249779499,55749,80429,102802,210922,4571,195054,383189,14100,6031.041032,1219984,46,72.73,53.21,101.65,NA
2019-2020,Feb,31,UTTAR PRADESH,3149,AYODHYA,3606919,178.220855096468,47,150,1722.64661915,10223,0,9415,3569492,1338222,84409,6045,376,290.5628,8374.78858415,74986,86884,127936,209220,1928,240351,362550,19638,6361.579165,1415120,52,79.06,68.53,104.19,NA
2019-2020,Feb,31,UTTAR PRADESH,3155,DEORIA,3641585,178.023545550529,46,68,1352.701521571,5333,1,8182,3402112,974205,47425,104884,4661,289.68384,7698.945767571,72516,76381,129081,161901,770,250441,303971,13515,6056.560406,1186292,41,76.55,77.69,100.02,NA
2019-2020,Feb,31,UTTAR PRADESH,3164,GAUTAM BUDDHA NAGAR,9472,184.089448842875,22,0,0,267,85,62,13136,4117,527,432,19,0.262,24.44399,578,655,1228,1625,0,16299,18806,329,24.18199,2570,41,20.71,83.75,99.58,NA
2019-2020,Feb,31,UTTAR PRADESH,3165,BAGHPAT,87135,176.772656897982,34,4,27.2290807,195,2,626,72340,24328,3072,40,8,5.79136,160.8977807,2078,2410,6317,9232,11,32782,45304,821,127.87734,21818,7,25.58,70.84,105.35,NA
2019-2020,Feb,31,UTTAR PRADESH,3174,SANT KABEER NAGAR,4585823,178.197418114731,48,48,1415.380003117,10478,0,8171,4800833,1547035,91892,8290,514,340.06185,10310.402307117,98797,122405,155599,264228,1901,294022,456200,18649,8554.960454,2073460,55,56.27,54.59,100.44,NA
2019-2020,Feb,31,UTTAR PRADESH,3175,BALRAMPUR,3932467,174.072309533879,54,92,593.839438222,2288,0,6752,3901350,724038,30408,54872,2908,315.80581,7700.815296222,71911,81080,107958,156050,3068,192391,263400,9040,6791.170048,1197370,33,71.08,76.42,101.98,NA
2019-2020,Feb,31,UTTAR PRADESH,3179,MAHOBA,1379075,179.624116367706,48,31,279.36038872,2543,1,6066,1186721,266468,37159,1240,171,81.05451,2492.05200872,24239,38661,47424,132779,1494,103094,267661,8609,2131.63711,443370,67,77.88,66.77,109.49,NA
