fin_year,month,state_code,state_name,district_code,district_name,Approved_Labour_Budget,Average_Wage_rate_per_day_per_person,Average_days_of_employment_provided_per_Household,Differently_abled_persons_worked,Material_and_skilled_Wages,Number_of_Completed_Works,Number_of_GPs_with_NIL_exp,Number_of_Ongoing_Works,Persondays_of_Central_Liability_so_far,SC_persondays,SC_workers_against_active_workers,ST_persondays,ST_workers_against_active_workers,Total_Adm_Expenditure,Total_Exp,Total_Households_Worked,Total_Individuals_Worked,Total_No_of_Active_Job_Cards,Total_No_of_Active_Workers,Total_No_of_HHs_completed_100_Days_of_Wage_Employment,Total_No_of_JobCards_issued,Total_No_of_Workers,Total_No_of_Works_Takenup,Wages,Women_Persondays,percent_of_Category_B_Works,percent_of_Expenditure_on_Agriculture_Allied_Works,percent_of_NRM_Expenditure,percentage_payments_gererated_within_15_days,Remarks
2020-2021,Dec,31,UTTAR PRADESH,3117,BULANDSHAHR,963385,187.047182908063,20,51,65.546836025,1041,4,7244,935131,195770,15916,896,59,10.25936,1824.942388025,45377,49258,55703,70684,119,144761,179448,8285,1749.136192,188963,10,73.44,82.28,117.12,NA
2020-2021,Dec,31,UTTAR PRADESH,3129,SITAPUR,9212752,192.314858023832,40,699,10918.446277417,24099,1,53677,11053334,4231315,332134,17521,1165,531.74076,32707.390626417,270543,356543,422002,799603,12648,799533,1321869,77776,21257.203589,2976048,71,62.11,56.09,102.61,NA
2020-2021,Dec,31,UTTAR PRADESH,3134,FARRUKHABAD,2712320,194.670132560861,38,132,1184.027158571,5298,0,9103,2814858,389332,19131,3967,174,140.4672,6804.182158571,72207,78556,97234,125336,1110,200970,246296,14401,5479.6878,488987,38,67.87,64.7,103.6,NA
2020-2021,Dec,31,UTTAR PRADESH,3137,KANPUR NAGAR,1414712,192.789255192489,33,157,522.540990102,1037,0,9610,1850317,727543,56110,29815,2365,103.39422,4193.147573102,55165,67193,77235,138129,1095,222999,334075,10647,3567.212363,319631,36,56.46,66.39,103.34,NA
2020-2021,Dec,31,UTTAR PRADESH,3149,AYODHYA,3823088,191.367416583906,36,214,4382.002924935,6221,3,20618,4956058,1927895,105766,8650,477,312.24677,14178.529853935,134069,159694,172983,274776,3134,281996,414023,26839,9484.280159,1849136,54,65.75,56.14,101.94,NA
2020-2021,Dec,31,UTTAR PRADESH,3153,BASTI,8580397,189.89831191423,42,246,9752.65950608198,13168,11,38669,9966259,2132355,105793,4443,233,328.96947,29007.386578082,236897,279341,316509,457199,3176,495441,685703,51837,18925.757602,4292039,50,69.64,61.68,101.49,NA
2020-2021,Dec,31,UTTAR PRADESH,3156,MAU,4629914,193.984204073551,36,442,3377.342431314,4150,2,8784,5287819,1487889,77498,36281,1682,215.58216,13850.458191314,146277,165505,194812,261977,2285,312577,401514,12934,10257.5336,2328704,40,78.54,80.38,102.51,NA
2020-2021,Dec,31,UTTAR PRADESH,3157,AZAMGARH,8029135,191.347047765655,33,339,7645.04547682801,14493,0,31580,8808735,3475774,169243,22369,887,486.63064,24986.930484828,260312,283816,348708,429042,2889,663771,778927,46073,16855.254368,3476034,54,66.28,59.48,101.89,NA
2020-2021,Dec,31,UTTAR PRADESH,3160,GHAZIPUR,7384124,193.337547598481,35,252,3016.39910138,7611,1,29775,7513370,1892184,107311,48050,2557,391.06188,17933.62628138,213393,255327,255777,390140,3369,479774,687330,37386,14526.1653,2701098,50,68.23,58.82,109.87,NA
2020-2021,Dec,31,UTTAR PRADESH,3161,VARANASI,2422225,189.890941205911,29,171,1560.871892105,6078,24,15733,2457645,898623,67723,9585,852,176.42916,6404.146274105,83196,110391,101471,182416,673,197576,305992,21811,4666.845222,1026719,56,39.37,41.09,102.77,NA
2020-2021,Dec,31,UTTAR PRADESH,3162,MIRZAPUR,6735640,195.496850734078,39,175,5220.57017180699,7563,1,24905,6280670,2694848,156232,63763,3709,222.27184,17721.354066807,158523,223545,199499,351884,2417,380880,612062,32468,12278.512055,2642356,62,72.12,55.7,102.15,NA
2020-2021,Dec,31,UTTAR PRADESH,3167,AMROHA,2299990,194.008213167187,32,173,1205.261902687,4041,0,6219,2825463,746607,54621,1357,79,172.81782,6859.710002687,86347,110149,116283,193970,1744,172614,271622,10260,5481.63028,617131,14,81.65,78.7,102.76,NA
2020-2021,Dec,31,UTTAR PRADESH,3168,KANNAUJ,1802127,192.965064779269,33,210,1082.667199689,5446,0,14560,2549118,846775,58843,827,67,110.74992,6112.324319689,75563,86190,105754,156051,1489,186360,251740,20006,4918.9072,422451,38,74.18,77.89,106.3,NA
2020-2021,Dec,31,UTTAR PRADESH,3175,BALRAMPUR,4187540,190.314400353081,46,139,3411.495199913,3247,0,19460,5199935,912135,37218,77821,3637,277.62645,13585.346763913,112870,127595,146864,201459,3650,242420,317362,22707,9896.225114,1688150,47,66.9,64.88,100.75,NA
2020-2021,Dec,31,UTTAR PRADESH,3184,SAMBHAL,2563765,192.169227351754,34,252,1311.610266124,4552,114,9368,2804588,879699,52907,1315,63,193.11981,6894.285166124,81550,95255,114671,161737,1971,202714,267322,13920,5389.55509,668952,24,41.55,43.72,99.97,NA
2020-2021,Feb,31,UTTAR PRADESH,3109,BIJNOR,4324591,193.258044675884,26,368,2347.02650851201,4312,0,21965,4362264,1800690,129321,12740,768,335.90851,11113.361128512,166327,210188,189087,297507,3879,276470,408538,26277,8430.42611,1127331,35,63.29,63.22,104.32,NA
2020-2021,Feb,31,UTTAR PRADESH,3114,MUZAFFARNAGAR,1211199,193.900011760588,42,27,431.60884456,3138,0,4417,1419997,448077,16490,2912,132,44.60472,3229.58791456,33093,35394,44834,53025,3263,113979,136775,7555,2753.37435,420286,23,70.78,76.28,102.43,NA
2020-2021,Feb,31,UTTAR PRADESH,3115,MEERUT,1389217,193.935879083268,55,53,296.688611194,2352,3,3100,1592352,692320,18598,13954,215,9.23423,3394.064690494,28603,32946,34107,42466,4913,69675,84199,5452,3088.1418493,554640,37,51.66,73.24,104.38,NA
2020-2021,Feb,31,UTTAR PRADESH,3118,ALIGARH,4538503,196.820526450891,34,191,2014.22004267,2747,13,12187,4176192,1218175,55395,5256,254,160.24261,10394.06573267,121643,137205,147223,197741,5261,254981,331741,14934,8219.60308,1013669,23,64.17,69.96,100.47,NA
2020-2021,Feb,31,UTTAR PRADESH,3121,FIROZABAD,2804178,194.488363594151,40,123,849.468658329999,1457,1,10261,3256246,1256158,47713,5191,217,133.40424,7315.89245833,79605,90468,100765,128027,4992,203760,251068,11718,6333.01956,1044763,41,70.12,68.8,102.87,NA
2020-2021,Feb,31,UTTAR PRADESH,3127,SHAHJAHANPUR,4425250,195.738617566504,31,364,2713.219575728,6937,3,17115,4787384,1375951,90814,3662,188,380.36955,12464.348384928,152119,182651,195778,307472,5824,390871,550180,24052,9370.7592592,725400,51,54.41,56.73,106.68,NA
2020-2021,Feb,31,UTTAR PRADESH,3132,LUCKNOW,2347854,195.689979651146,39,129,1815.113364106,3947,4,10848,2548055,1660397,96254,5994,381,242.55734,7043.959015106,63721,78947,83092,145550,5426,210595,318821,14795,4986.288311,620888,37,60.23,60.61,101.67,NA
2020-2021,Feb,31,UTTAR PRADESH,3134,FARRUKHABAD,3298912,194.318453533467,41,138,1330.657759971,6549,0,10360,3134966,431597,19133,4805,174,182.44371,7604.918919971,76384,83946,97352,125392,3389,201481,246769,16909,6091.81745,575988,44,64.19,60.01,104.12,NA
2020-2021,Feb,31,UTTAR PRADESH,3146,BAHRAICH,9477463,191.452461298598,44,232,11666.035605765,12225,0,35473,9271305,1619118,82259,73914,3753,610.2948,30026.472022765,207564,254518,290840,446750,18387,643884,865125,47698,17750.141617,3310555,82,51.85,50.53,100.11,NA
2020-2021,Feb,31,UTTAR PRADESH,3147,GONDA,7055995,193.327998396702,45,268,5437.78597729,12113,160,36413,7132797,1575883,62865,15336,625,577.95219,19805.43183709,157920,171901,239407,290603,10755,431784,509542,48526,13789.6936698,2421120,57,63.4,55.78,100.84,NA
2020-2021,Feb,31,UTTAR PRADESH,3153,BASTI,10913742,192.478132576478,45,260,10232.084576082,16034,11,46182,11514667,2428137,105600,5372,231,419.8311,32815.131690082,251084,299981,315905,455113,15924,495688,684114,62216,22163.216014,5002798,56,68.32,59.17,101.82,NA
2020-2021,Feb,31,UTTAR PRADESH,3173,SANT RAVIDAS NAGAR,2736815,188.909930840099,35,74,695.523577464,2401,1,19748,2514752,1003983,63576,9115,515,212.72565,5658.865491464,70433,91133,85057,151750,3353,184916,298347,22149,4750.616264,1030495,64,82.29,75.06,104.04,NA
2020-2021,June,31,UTTAR PRADESH,3114,MUZAFFARNAGAR,201082,157.747097406309,20,18,268.846301326,912,0,3123,367430,115210,13933,845,92,1.344,849.800461326,18094,19036,36657,43604,3,97899,118399,4035,579.61016,91592,12,72.43,94.08,101.01,NA
2020-2021,June,31,UTTAR PRADESH,3117,BULANDSHAHR,74890,119.927021584512,12,43,54.347820655,369,58,6061,388334,87384,15548,275,56,4.46,524.525220655,32288,34688,52765,67549,1,138872,173235,6430,465.7174,80807,7,90.01,95.54,110.79,NA
2020-2021,June,31,UTTAR PRADESH,3120,AGRA,736025,132.505952881515,21,140,1117.907718946,602,3,6342,1486423,497349,52677,11244,1158,2.16,3089.666678946,70483,86127,107012,159476,1,193137,265338,6944,1969.59896,437791,18,95.53,96.26,100.16,NA
2020-2021,June,31,UTTAR PRADESH,3121,FIROZABAD,628561,142.856230635136,18,88,575.883445955,356,6,6160,953402,397793,46506,1072,223,2.55547,1940.433075955,51474,56843,94689,122643,13,185369,232394,6516,1361.99416,283086,20,87.36,90.37,101.17,NA
2020-2021,June,31,UTTAR PRADESH,3123,MAINPURI,756431,146.315637912473,25,115,897.622993541001,818,8,13483,1669171,532761,50979,2666,227,48.656,3388.537190041,66132,75137,112857,162811,68,187975,258380,14301,2442.2581965,389085,32,82.61,85.43,104.94,NA
2020-2021,June,31,UTTAR PRADESH,3133,RAE BARELI,1420193,152.512304327315,19,211,1438.057682341,677,0,24199,2681455,910083,133217,7230,1122,74.21648,5601.822972341,139433,167595,227570,399717,20,365324,580959,24876,4089.54881,959514,26,65.25,84.26,99.98,NA
2020-2021,June,31,UTTAR PRADESH,3139,JHANSI,1189065,143.849314500651,34,185,1797.26118633401,817,1,12559,2315903,838426,90944,20806,1945,23.60184,5152.27361633401,67169,97466,124113,249997,555,215149,413813,13376,3331.41059,888922,45,88.8,86.13,99.69,NA
2020-2021,June,31,UTTAR PRADESH,3146,BAHRAICH,1956249,152.262625687941,27,165,4161.769582452,3633,1,16002,3954735,714771,81964,34448,3715,19.304,10202.656932452,145682,175060,283286,439721,126,579277,796155,19635,6021.58335,1345978,69,68.11,73.82,100.02,NA
2020-2021,June,31,UTTAR PRADESH,3148,BARABANKI,1516371,145.562592479614,26,122,2387.371410942,2471,3,14678,2986469,1247319,144339,1744,190,1.12934,6735.682450942,113942,136426,220027,352724,172,505223,714111,17149,4347.1817,839641,34,76.23,81.61,99.96,NA
2020-2021,June,31,UTTAR PRADESH,3150,SULTANPUR,1199465,142.779656323037,27,128,2311.21821125,1560,2,20380,2885093,834202,83838,6148,580,5.3392,6435.88328125,105357,118397,204038,283618,69,407289,527443,21940,4119.32587,1073690,46,76.21,84.25,99.97,NA
2020-2021,June,31,UTTAR PRADESH,3151,SIDDHARTH NAGAR,2809345,177.919337473767,27,140,6209.995244886,687,3,20869,5624049,1135549,84442,6050,442,80.20192,16296.467884886,205615,226106,314490,407353,31,461513,579529,21556,10006.27072,2712710,27,84.12,89.48,99.42,NA
2020-2021,June,31,UTTAR PRADESH,3159,BALLIA,1128989,152.779513862939,24,158,1429.959673132,1048,7,19428,2823319,464697,43643,60550,5644,16.814,5760.226716132,114634,130843,188776,266582,25,346205,458414,20476,4313.453043,1006041,40,81.59,91.09,101.07,NA
2020-2021,June,31,UTTAR PRADESH,3162,MIRZAPUR,1076459,163.509397466143,27,154,1732.065163043,1335,1,20105,3722546,1654765,154678,34987,3630,29.66,7848.437698043,134318,187014,194872,345887,85,364348,591576,21440,6086.712535,1620635,52,85.68,85.19,101.12,NA
2020-2021,June,31,UTTAR PRADESH,3171,CHANDAULI,974097,154.816567276718,28,320,1679.074821819,1721,2,17762,2941612,927142,96218,13223,1371,3.92,6237.097542819,102992,143304,142759,291924,211,269436,492757,19483,4554.102721,1011538,42,76.75,74.08,100.59,NA
2020-2021,June,31,UTTAR PRADESH,3175,BALRAMPUR,1246716,156.127142137225,27,113,1644.445829786,372,5,13671,2365348,433768,35823,34743,3561,19.50458,5356.900643786,87284,97517,137215,191332,83,221231,295105,14043,3692.950234,777506,25,81.21,89.29,100.29,NA
2020-2021,June,31,UTTAR PRADESH,3176,SHRAVASTI,662085,157.008408802794,24,154,621.742898536,355,1,10480,1315764,440407,50125,7751,1128,2.016,2689.619018536,54617,66717,87756,156489,13,151737,243981,10835,2065.86012,391311,35,85.39,92.51,100.52,NA
2020-2021,June,31,UTTAR PRADESH,3184,SAMBHAL,763285,155.442361478356,17,188,997.073612696001,194,114,10343,1060827,337655,51415,388,49,8.46312,2654.511272696,59743,67978,109090,155215,16,188351,251213,10537,1648.97454,238150,17,49.53,50.72,99.76,NA
2020-2021,May,31,UTTAR PRADESH,3116,GHAZIABAD,0,69.1967213114754,7,0,0.2358613,0,161,16,244,0,33,0,0,0,0.4047013,32,33,152,263,0,17762,26018,16,0.16884,62,18,100,100,100,NA
2020-2021,May,31,UTTAR PRADESH,3120,AGRA,442703,75.6886201194794,13,97,1117.907718946,258,76,5890,599936,207954,50558,4093,1129,2.16,1574.150998946,45422,53787,101594,150850,0,185194,252749,6148,454.08328,174029,18,93.72,95.08,99.8,NA
2020-2021,May,31,UTTAR PRADESH,3126,PILIBHIT,556992,110.591470492912,12,313,1970.69103443,874,9,12614,1113851,212304,54273,3362,603,3.692,3206.20723443,88441,104073,168758,276538,1,318036,459552,13488,1231.8242,197772,42,78.8,85.19,100.11,NA
2020-2021,May,31,UTTAR PRADESH,3133,RAE BARELI,854214,83.8100323524996,11,145,1438.057682341,376,46,21942,1072251,369550,132452,2851,1114,2.868,2339.579592341,90106,103646,225142,396878,0,360766,575674,22318,898.65391,391077,26,58.64,77.39,99.96,NA
2020-2021,May,31,UTTAR PRADESH,3152,MAHARAJGANJ,1246175,115.322482114983,18,555,3913.449479605,680,7,12783,2803464,676309,112436,13900,2938,18.85393,7165.32767960501,153101,182670,281197,482887,3,389427,632975,13463,3233.02427,1122940,47,73.89,78.91,99.85,NA
2020-2021,May,31,UTTAR PRADESH,3161,VARANASI,279751,125.578618568812,12,120,651.293938294,1148,43,11954,694584,277711,66025,2158,752,12.59843,1536.141360294,55661,69254,96146,175362,0,179214,283477,13102,872.248992,304593,43,48.83,52.45,100.44,NA
2020-2021,May,31,UTTAR PRADESH,3162,MIRZAPUR,647466,112.955356343972,20,117,1732.065163043,892,2,18448,2145848,1008457,153984,20029,3611,5.22,4161.135418043,105674,143540,192765,342784,0,361061,586943,19340,2423.850255,936343,53,85.68,82.61,100.22,NA
2020-2021,May,31,UTTAR PRADESH,3174,SANT KABEER NAGAR,874459,81.4396940464638,22,46,4504.595944982,518,62,11734,1769419,548396,103283,3644,584,4.032,5949.637364982,80344,96176,190804,311267,3,345443,516282,12252,1441.00942,747189,42,74.96,83.17,99.93,NA
2020-2021,May,31,UTTAR PRADESH,3182,HAPUR,24120,38.5641874007411,12,9,0.9091,103,179,418,22668,9960,3956,0,5,0,9.65083,1882,2057,8793,10041,0,14865,16959,521,8.74173,6607,26,29.64,50.39,100.7,NA
2020-2021,March,31,UTTAR PRADESH,3116,GHAZIABAD,0,196.215628090999,18,0,0.5009178,6,161,13,2022,189,33,0,0,0,4.4683978,111,112,158,269,0,17895,26183,19,3.96748,505,21,69.55,86.13,100,NA
2020-2021,March,31,UTTAR PRADESH,3117,BULANDSHAHR,1152077,199.651900079312,22,55,535.568656578,2281,2,6677,1098191,232356,15960,979,59,20.08868,2748.216534578,47896,52289,55930,70920,745,146000,180766,8958,2192.559198,231288,15,62.59,68.37,114.37,NA
2020-2021,March,31,UTTAR PRADESH,3118,ALIGARH,4873560,199.896203422232,34,193,5080.77090357,3021,13,12119,4281066,1246255,55366,5408,254,199.52849,13837.98779357,122571,138425,147184,197645,6844,254952,331583,15140,8557.6884,1040414,23,62.09,66.56,100.48,NA
2020-2021,March,31,UTTAR PRADESH,3121,FIROZABAD,3011198,199.582862447285,42,127,2414.67921328,1792,1,10206,3398239,1307115,47592,5427,217,188.78431,9385.76619228,80434,91699,100656,127818,7657,203831,251051,11998,6782.302669,1099509,41,68.21,65.53,102.79,NA
2020-2021,March,31,UTTAR PRADESH,3128,KHERI,11925450,199.987077453444,40,873,10907.85834356,20107,0,52331,10623711,3725958,188714,124242,8307,624.54134,32778.44882956,264432,332585,331127,526055,19812,659113,929740,72438,21246.049146,2504720,71,68.21,58.4,102.85,NA
2020-2021,March,31,UTTAR PRADESH,3138,JALAUN,7212707,199.203334676045,53,487,11067.128853413,8561,0,22738,7519609,2401458,119022,10293,505,429.26393,26475.704666013,139539,215911,166312,350319,18630,251790,491206,31299,14979.3118826,2608150,53,62.4,57.62,103.48,NA
2020-2021,March,31,UTTAR PRADESH,3143,FATEHPUR,6677941,199.510875312505,44,273,8384.998978099,10521,0,33438,6401508,2681027,117655,3147,120,591.34857,21748.052192099,144678,168974,190699,270026,12567,374583,489747,43959,12771.704644,2321667,61,68.74,69.18,100.73,NA
2020-2021,March,31,UTTAR PRADESH,3148,BARABANKI,7429834,199.44893700764,48,174,11299.629330156,9403,1,27145,8064216,3246206,144853,4967,198,645.05429,28028.676710156,167114,206175,221997,354050,21513,513986,723583,36548,16083.99309,2209943,57,46.81,50.25,99.93,NA
2020-2021,March,31,UTTAR PRADESH,3161,VARANASI,3154437,199.015004938881,33,178,3319.603034393,6629,23,17428,2980432,1101240,67762,12078,858,294.5255,9545.635426393,88037,117910,101658,182555,3254,198225,306755,24057,5931.506892,1284947,59,39.86,36.85,103.14,NA
2020-2021,March,31,UTTAR PRADESH,3170,KAUSHAMBI,4002460,198.890177684705,38,186,4535.79172848499,6059,20,20120,3318800,1560677,99791,1170,95,227.46328,11364.022225485,86779,115889,109149,193526,6732,259025,398576,26179,6600.767217,1351164,74,62.96,54.63,100.85,NA
2020-2021,March,31,UTTAR PRADESH,3173,SANT RAVIDAS NAGAR,2938862,199.768527705136,36,74,1701.082822965,3367,1,18931,2594555,1038000,63518,9334,509,272.19739,7156.384536965,71030,92008,84894,151516,3811,184754,298097,22298,5183.104324,1067443,64,81.28,72.86,104.08,NA
2020-2021,March,31,UTTAR PRADESH,3176,SHRAVASTI,3020589,201.770082549694,43,181,2751.028674084,9703,0,9547,3041683,972780,50786,18280,1150,164.40366,9052.638634084,70369,90530,91014,160532,8581,162004,255900,19250,6137.2063,950363,53,73.16,68.03,102.45,NA
2020-2021,March,31,UTTAR PRADESH,3181,AMETHI,6723688,201.309267665549,48,142,7203.215971686,12548,0,33797,6113764,1681595,70553,17383,688,420.99509,19931.784596886,127281,171865,153140,239801,12005,294089,420450,46345,12307.5735352,2088592,64,55.18,52.15,104.21,NA
2020-2021,March,31,UTTAR PRADESH,3183,SHAMLI,473084,200.720336265592,40,8,174.194213841,397,0,3684,561342,86881,3712,470,26,17.7881,1318.709863841,13884,15632,22832,27476,1361,52106,61546,4081,1126.72755,137699,27,63.16,74.84,103.28,NA
2020-2021,Jan,31,UTTAR PRADESH,3112,SAHARANPUR,2124480,192.91485475159,27,179,413.815203075,1867,0,13818,2256066,1008683,71135,4880,316,143.20447,4909.306120075,82453,100415,100053,149908,2445,157179,221216,15685,4352.286447,737016,30,68.36,78.7,100.64,NA
2020-2021,Jan,31,UTTAR PRADESH,3114,MUZAFFARNAGAR,1149409,193.442728327895,41,26,412.60493456,2612,0,4442,1322495,420765,16443,2756,132,30.99704,3001.87238456,31789,33761,44621,52781,2317,113384,136115,7054,2558.27041,381479,20,70.83,79.74,102.34,NA
2020-2021,Jan,31,UTTAR PRADESH,3121,FIROZABAD,2661121,192.940267287801,39,119,802.669888329999,1383,1,9295,3035305,1182390,47590,4596,217,118.749,6777.74446833,76212,86328,100540,127737,2995,202899,250102,10678,5856.32558,961775,36,74.24,74.27,103.06,NA
2020-2021,Jan,31,UTTAR PRADESH,3122,ETAH,3279548,195.16787689068,46,97,1338.902823057,2643,4,12208,3250087,639993,34836,905,52,117.50557,7799.534188057,69851,82720,98511,146705,2859,203340,284108,14851,6343.125795,848373,34,62.33,55.61,106.96,NA
2020-2021,Jan,31,UTTAR PRADESH,3128,KHERI,10539018,195.690396759235,38,835,4574.515657163,13507,0,44848,9627602,3375678,188860,111984,8308,402.22588,23817.034089363,249466,307593,331244,526346,12397,658199,928907,58355,18840.2925522,2170432,65,67.93,62.28,102.48,NA
2020-2021,Jan,31,UTTAR PRADESH,3129,SITAPUR,12820259,194.441891985076,42,713,10918.446277417,24347,1,58124,12036596,4596773,332231,18550,1167,624.50115,34947.132420417,280163,370711,422396,799997,21820,802135,1325013,82471,23404.184993,3254422,72,61.56,54.71,102.81,NA
2020-2021,Jan,31,UTTAR PRADESH,3153,BASTI,10356971,191.274289009277,44,253,9752.65950608198,14244,11,42839,10800809,2291334,105780,4933,233,366.47863,30778.308758082,243886,289359,316441,456738,9934,496036,685942,57083,20659.170622,4672522,53,68.44,59.98,101.66,NA
2020-2021,Jan,31,UTTAR PRADESH,3158,JAUNPUR,9897011,193.418191429171,47,285,6833.44561464699,16042,4,39030,10085046,3614049,136836,40773,1749,539.17252,26878.931712647,213917,226706,290565,349637,12959,605635,708447,55072,19506.313578,4235144,47,61.61,55.67,100.15,NA
2020-2021,Jan,31,UTTAR PRADESH,3162,MIRZAPUR,7890323,194.275537154193,41,184,5220.57017180699,8306,1,27405,6728608,2905868,156333,69008,3710,263.70357,18556.313076807,163036,230775,199669,352087,6742,382333,614124,35711,13072.039335,2831625,65,71.1,54.8,102.24,NA
2020-2021,Jan,31,UTTAR PRADESH,3164,GAUTAM BUDDHA NAGAR,21942,194.824108745832,27,0,0,70,99,150,19495,7856,627,170,19,0,37.98096,698,794,1431,1829,0,16768,19348,220,37.98096,3645,22,18.48,57.01,112.53,NA
2020-2021,Jan,31,UTTAR PRADESH,3168,KANNAUJ,2593735,193.55463385483,35,219,1082.667199689,6663,0,14986,2757704,916353,58826,867,67,116.04204,6536.373119689,78008,89532,105768,156034,3535,187102,252555,21649,5337.66388,461145,41,72.03,75.92,105.98,NA
2020-2021,Jan,31,UTTAR PRADESH,3173,SANT RAVIDAS NAGAR,2597195,192.670483312081,34,67,636.752037464,1873,1,17631,2275838,898899,63601,8620,515,199.28549,5220.905601464,66523,86212,85059,151803,2573,184750,298223,19504,4384.868074,901624,59,82.68,77.89,103.42,NA
2020-2021,Jan,31,UTTAR PRADESH,3174,SANT KABEER NAGAR,5867577,194.077111783875,42,156,8112.58543367599,8826,2,12401,6571565,2021556,103325,12036,589,292.07423,21158.563214676,153291,190010,200180,320191,4932,374753,547699,21227,12753.903551,2844257,52,62.4,49.64,102.73,NA
2020-2021,Jan,31,UTTAR PRADESH,3175,BALRAMPUR,5168644,191.280794429797,48,143,3411.495199913,3755,0,19936,5664138,995761,37295,84404,3639,316.94401,14562.847373913,117726,133379,147793,202446,6919,244199,319218,23691,10834.408164,1850491,49,66.56,64.02,100.76,NA
2020-2021,Jan,31,UTTAR PRADESH,3182,HAPUR,234466,195.931917006527,30,17,1.9321,782,0,769,207438,89643,4693,16,6,0.56,408.92935,6883,7557,10609,11979,220,17813,20133,1551,406.43725,65502,41,50.2,78.37,100.26,NA
2020-2021,Jan,31,UTTAR PRADESH,3184,SAMBHAL,2720474,194.141220170871,35,267,1311.610266124,5024,114,10238,3032690,949597,52955,1396,63,231.92789,7431.239526124,84886,99301,114820,161898,4225,203108,267734,15262,5887.70137,730797,30,42.8,44.77,99.97,NA
2020-2021,Nov,31,UTTAR PRADESH,3112,SAHARANPUR,1776045,190.665955615842,24,171,413.815203075,967,0,12641,1897614,862329,70813,4142,313,130.3795,4162.298570075,78708,95371,99149,148817,525,154689,218142,13608,3618.103867,616530,22,71,81.73,100.44,NA
2020-2021,Nov,31,UTTAR PRADESH,3115,MEERUT,1115079,187.780300212765,50,52,285.046911194,750,3,4080,1298146,554346,17911,7315,131,7.60328,2730.312647194,25715,29486,32865,40979,979,67634,81777,4830,2437.662456,440996,33,49.39,76.59,104.41,NA
2020-2021,Nov,31,UTTAR PRADESH,3116,GHAZIABAD,0,197.554285714286,17,0,0.2358613,5,161,13,1925,189,33,0,0,0,4.0387813,111,112,158,269,0,17880,26163,18,3.80292,491,16,68.59,85.22,100,NA
2020-2021,Nov,31,UTTAR PRADESH,3121,FIROZABAD,2077272,194.362137899298,36,115,802.669888329999,995,1,7299,2607700,1035039,47902,3425,217,100.18096,5971.23231833,72050,81313,100212,128048,717,201370,249115,8294,5068.38147,805445,22,80.18,81.22,103.16,NA
2020-2021,Nov,31,UTTAR PRADESH,3129,SITAPUR,8763130,192.734989864859,38,656,10918.446277417,20900,1,43102,9895274,3795776,332031,15529,1165,493.5812,30483.682818417,256438,336080,421484,799122,8223,798577,1320876,64002,19071.655341,2645671,66,63.01,57.69,102.13,NA
2020-2021,Nov,31,UTTAR PRADESH,3134,FARRUKHABAD,2416649,193.212450295892,37,131,1184.027158571,3517,0,9322,2657728,370001,19155,3621,173,132.9048,6451.993349571,71011,77175,97411,125573,769,200860,246262,12839,5135.061391,457034,32,70.61,69.43,103.34,NA
2020-2021,Nov,31,UTTAR PRADESH,3149,AYODHYA,3755716,192.720048800027,34,210,4382.002924935,5493,3,18113,4496309,1749557,105577,7691,477,291.67292,13338.964743935,130256,154230,172516,274209,1737,280857,412619,23606,8665.288899,1668233,49,65.84,56.86,101.99,NA
2020-2021,Nov,31,UTTAR PRADESH,3151,SIDDHARTH NAGAR,9519132,187.539793570438,37,181,12382.313104535,4492,1,26043,8497717,1683158,84776,11165,442,463.99124,28782.905264535,227071,251903,318242,411219,2442,472167,590713,30535,15936.60092,4073174,42,61.08,52.14,100.29,NA
2020-2021,Nov,31,UTTAR PRADESH,3152,MAHARAJGANJ,6847079,190.688403076713,35,784,6793.71659883,4750,0,15226,8146747,1855066,113178,36704,2961,334.45692,22663.07527583,226479,281794,289340,492635,3253,405631,652561,19976,15534.901757,3164572,52,57.01,60.87,100.5,NA
2020-2021,Nov,31,UTTAR PRADESH,3156,MAU,4555411,189.941075730564,34,440,3377.342431314,2835,2,8256,4885610,1373176,77533,33157,1684,196.01796,12853.140581314,143269,161792,194889,262206,1014,312532,401632,11091,9279.78019,2150523,32,80.61,83.82,102.55,NA
2020-2021,Nov,31,UTTAR PRADESH,3157,AZAMGARH,7658232,191.904593511992,31,336,7645.04547682801,12481,0,26300,8131556,3234296,169342,20591,890,446.5589,23696.433864828,254713,277399,348703,429171,1356,662502,777808,38781,15604.829488,3197682,47,69.01,64.96,101.79,NA
2020-2021,Nov,31,UTTAR PRADESH,3165,BAGHPAT,89512,191.144195756201,29,9,9.7427461,123,0,1074,104906,34319,2860,114,11,4.13379,214.3982661,3511,4069,6388,9197,19,34805,47747,1197,200.52173,26277,9,39.84,75.29,113.2,NA
2020-2021,Nov,31,UTTAR PRADESH,3166,HATHRAS,1677045,194.650369822437,28,56,324.497305179,917,0,4712,1535737,456385,25439,1671,88,113.1103,3426.925355179,53224,62516,60022,89067,824,96487,134752,5629,2989.31775,202414,16,81.92,85.69,101.18,NA
2020-2021,Nov,31,UTTAR PRADESH,3167,AMROHA,2262979,193.605313927957,31,173,1205.261902687,3650,0,6219,2672524,708672,54619,1275,79,172.74782,6552.158202687,85480,108793,116270,193976,1219,172545,271541,9869,5174.14848,583126,13,82.54,80.86,101.97,NA
2020-2021,Nov,31,UTTAR PRADESH,3171,CHANDAULI,4919987,195.714581332846,39,356,4766.454197744,4889,1,18084,4578052,1366741,96438,20828,1356,227.74428,13954.113782744,116253,165004,144083,293342,2556,273567,498007,22973,8959.915305,1492554,42,61.84,52.53,101.37,NA
2020-2021,Nov,31,UTTAR PRADESH,3172,KUSHI NAGAR,5051785,185.244060122981,31,352,5009.479927137,11415,1,29451,4781067,1352477,105845,6913,522,318.59081,14184.713365137,150183,175071,232000,355484,1272,478265,664599,40866,8856.642628,1459618,38,69.43,60.12,104.41,NA
2020-2021,Nov,31,UTTAR PRADESH,3177,CHITRAKOOT,3942807,196.508062745693,41,94,2714.150783397,3168,0,15859,3770713,1628513,97614,731,36,119.24918,10243.155031397,90836,141278,112691,223075,3841,164212,304128,19027,7409.755068,1596228,52,53.46,60.61,101.1,NA
2020-2021,Nov,31,UTTAR PRADESH,3179,MAHOBA,1643057,195.782677888856,36,46,584.619106924999,1052,1,10357,1632480,481371,50770,2090,230,85.08276,3865.814926925,44281,75138,62220,168961,1355,118873,291809,11409,3196.11306,620870,55,86.35,82.24,102.52,NA
2020-2021,July,31,UTTAR PRADESH,3128,KHERI,4307874,187.72962114041,28,686,1731.998225588,8428,0,21961,6048019,2156415,185496,65498,8261,96.988,13182.909380788,214748,259224,321428,511814,664,611365,868491,30389,11353.9231552,1372792,46,84.67,91.32,100.18,NA
2020-2021,July,31,UTTAR PRADESH,3138,JALAUN,3172608,173.973577164222,37,412,3212.240483425,3303,0,19077,4153097,1432723,119819,5835,505,29.456,10466.987897425,112236,170843,164332,350910,698,247133,488490,22380,7225.291414,1480610,40,86.81,89.22,101.47,NA
2020-2021,July,31,UTTAR PRADESH,3142,BANDA,3253273,171.925744258401,28,40,2578.741755535,3396,0,13577,2586736,710264,91408,1252,215,66.46874,7092.475615535,92245,134380,157531,336279,327,267103,524856,16973,4447.26512,1078160,67,79.47,78.77,100.96,NA
2020-2021,July,31,UTTAR PRADESH,3147,GONDA,4284106,184.143847816755,30,178,2455.626355651,4617,164,21685,3864867,857211,59947,7615,577,116.84112,9689.382282451,125349,134580,229283,279116,97,393340,466273,26302,7116.9148068,1242701,37,74.19,75.52,100.22,NA
2020-2021,July,31,UTTAR PRADESH,3156,MAU,3254578,184.75616843243,27,405,3241.368031553,1508,3,8184,3563993,1025028,76586,23675,1670,65.648,9891.712941553,131488,147471,192674,259744,90,300434,388089,9692,6584.69691,1567820,31,85.29,90.92,101.89,NA
2020-2021,Sep,31,UTTAR PRADESH,3121,FIROZABAD,1891891,186.329140510035,32,112,781.850202274999,846,1,7101,2233022,894580,47700,2723,236,38.48995,4981.110852275,69084,77605,99452,127682,204,197977,245857,7947,4160.7707,678892,21,81.28,82.87,102.15,NA
2020-2021,Sep,31,UTTAR PRADESH,3132,LUCKNOW,1467987,191.488125721642,30,108,1266.842035506,2418,5,9709,1702714,1116247,95990,3916,377,101.47545,4628.812610506,55995,67321,82423,144798,334,208578,316382,12127,3260.495125,400829,28,64.87,73.91,101.73,NA
2020-2021,Sep,31,UTTAR PRADESH,3136,KANPUR DEHAT,2602263,190.496713797581,32,272,1162.729206576,1216,1,15457,2909626,1033819,72574,17672,1245,78.75728,6784.228400376,89738,107769,117020,190917,755,260369,383291,16673,5542.7419138,653157,39,70.98,82.44,102.17,NA
2020-2021,Sep,31,UTTAR PRADESH,3148,BARABANKI,4253792,187.718104632246,35,139,2949.395055652,4181,1,16329,4735672,1945178,144922,2896,194,169.00446,12008.113235652,134429,162223,221454,354451,2399,510550,720487,20510,8889.71372,1269856,35,56.91,64.33,99.94,NA
2020-2021,Sep,31,UTTAR PRADESH,3153,BASTI,6681100,191.586239425047,33,224,6460.377547434,8759,11,30502,7279347,1613284,105729,3342,234,162.09753,20568.702249434,216203,252143,314895,454632,582,490412,678909,39261,13946.227172,3115017,40,79.99,75.43,100.89,NA
2020-2021,Sep,31,UTTAR PRADESH,3158,JAUNPUR,6243418,185.104939453093,36,247,2499.501272587,8725,4,29363,6937266,2538794,134644,29374,1728,246.87336,15587.596661587,188489,199519,284830,343587,932,583363,685191,38088,12841.222029,2870143,36,75.5,72.52,100.1,NA
2020-2021,Sep,31,UTTAR PRADESH,3161,VARANASI,1618784,187.849490251504,24,167,922.879501286,5723,26,9850,1900447,700959,67119,7411,834,89.39743,4582.256933286,78908,103629,100016,180548,205,190388,297512,15573,3569.980002,794566,41,42.73,48.16,102.52,NA
2020-2021,Sep,31,UTTAR PRADESH,3175,BALRAMPUR,3545597,188.082492217406,37,129,2377.897813324,2793,0,12492,3692535,649365,36510,58427,3623,154.87109,9477.780757324,99759,112134,142406,196939,820,231743,306377,15285,6945.011854,1193722,26,72.92,76.59,100.46,NA
2020-2021,Sep,31,UTTAR PRADESH,3180,KASHGANJ,1780055,186.907521978874,31,186,2631.332993658,2603,0,6440,2050378,398413,28412,1331,65,58.42912,6522.072824658,64089,80440,81091,139419,934,150666,230292,9043,3832.310711,557745,20,72.53,83.75,100.45,NA
2020-2021,Sep,31,UTTAR PRADESH,3183,SHAMLI,295083,162.830946341764,26,6,45.529278925,148,0,3212,259811,35993,3492,151,34,8.12312,476.705108925,9781,10534,22234,26742,48,49947,58922,3360,423.05271,52540,14,61.2,84.94,103.09,NA
2020-2021,July,31,UTTAR PRADESH,3109,BIJNOR,1615229,182.896715329617,15,307,1563.66743117401,779,0,15072,2221471,938702,127468,7451,747,46.26567,5672.93059217401,141039,172897,184204,291626,87,264849,394268,15851,4062.997491,575672,20,72.46,87.49,103.53,NA
2020-2021,July,31,UTTAR PRADESH,3118,ALIGARH,1725834,177.011317413827,22,176,1674.332866088,634,16,10507,2297433,676830,54687,2997,245,23.98426,5765.033546088,102725,114736,143906,193993,55,246032,321527,11141,4066.71642,538427,12,80.25,91.38,100.01,NA
2020-2021,July,31,UTTAR PRADESH,3125,BAREILLY,2480504,185.188560734696,18,557,1155.693931175,5011,2,15056,2770344,607679,71830,1202,198,23.656,6309.710112175,153261,181396,197503,311079,172,315006,455042,20067,5130.360181,445395,27,80.07,89.45,101.33,NA
2020-2021,July,31,UTTAR PRADESH,3130,HARDOI,6126128,173.977732239512,31,228,4173.486812646,4666,2,23209,5907608,2182474,166621,6053,465,42.478,14493.887240646,187322,203782,311481,424225,215,639103,810975,27875,10277.922428,1177384,31,68.78,81.93,102.31,NA
2020-2021,July,31,UTTAR PRADESH,3133,RAE BARELI,3353206,183.640632910085,22,224,1583.610832011,4108,0,22497,3484476,1163602,133470,9026,1127,117.05848,8099.583092011,151600,184647,228559,400841,157,367591,583577,26605,6398.91378,1209704,27,64.35,83.54,100,NA
2020-2021,July,31,UTTAR PRADESH,3140,LALITPUR,2862791,180.337095472826,36,136,1789.902454598,626,0,7553,3263316,780130,63045,240192,19285,53.8181,7728.689845098,90468,130621,134119,257795,1153,201118,368080,8179,5884.9692905,1284949,42,88.1,90.88,101.23,NA
2020-2021,July,31,UTTAR PRADESH,3179,MAHOBA,1032296,186.23527447766,31,40,393.650087475999,917,1,10074,1263928,384069,50374,1709,224,22.72596,2770.255827476,40668,68585,61352,167692,503,112712,283980,10991,2353.87978,491340,54,92.57,92.29,101.64,NA
2020-2021,July,31,UTTAR PRADESH,3183,SHAMLI,231478,160.636476945194,19,4,44.229278925,109,0,3032,141207,19385,3326,109,32,6.246,277.305228925,7210,7756,21339,25446,7,47691,55979,3141,226.82995,28345,12,62.61,92.25,100.78,NA
2020-2021,Aug,31,UTTAR PRADESH,3109,BIJNOR,1840161,188.672815870708,17,316,1792.18689624201,1202,0,15554,2517090,1054282,127684,8434,754,52.01767,6593.26914724201,145837,179471,184878,292390,139,266468,396206,16756,4749.064581,647372,20,70.26,83.53,103.65,NA
2020-2021,Aug,31,UTTAR PRADESH,3111,RAMPUR,1923552,196.094364445014,22,212,2755.86659264701,1376,0,8589,1872930,395701,35578,3101,216,77.9,6506.47677264701,84758,92936,117845,156751,54,206431,262795,9965,3672.71018,335930,24,61.53,68,100.13,NA
2020-2021,Aug,31,UTTAR PRADESH,3119,MATHURA,1187897,175.931978049477,32,65,971.926449289001,554,7,16931,2237851,711846,50713,6235,457,32.5691,4941.591079389,69069,92585,92272,151472,443,173419,275924,17485,3937.0955301,743835,16,83.5,87.53,104.84,NA
2020-2021,Aug,31,UTTAR PRADESH,3131,UNNAO,3509420,187.718132657895,31,249,1538.569310639,7818,1,18042,3843827,1295424,95906,6808,603,128.5652,8882.694777639,123652,140847,193649,274016,970,425612,548699,25860,7215.560267,996163,50,83.17,86.7,100.13,NA
2020-2021,Aug,31,UTTAR PRADESH,3132,LUCKNOW,1255270,188.657725841608,27,107,1266.842035506,2275,6,9329,1494698,982802,95693,3337,377,82.7868,4169.492090506,54140,64892,81890,144104,125,206951,314192,11604,2819.863255,353560,27,66.82,75.87,101.16,NA
2020-2021,Aug,31,UTTAR PRADESH,3133,RAE BARELI,3820163,186.557037365694,25,234,1656.706015506,5245,0,23616,4081712,1360277,133726,10599,1137,148.01248,9419.439476506,159028,195283,229388,401827,395,370450,586972,28861,7614.720981,1383251,28,63.09,80.4,100.01,NA
2020-2021,Aug,31,UTTAR PRADESH,3138,JALAUN,3614415,182.201093754484,40,435,3457.855370481,3611,0,19275,4808730,1621282,119962,6769,505,64.468,12283.882026181,118167,180376,165172,351970,1364,248581,490351,22886,8761.5586557,1697185,40,84.54,86.25,101.71,NA
2020-2021,Aug,31,UTTAR PRADESH,3139,JHANSI,3198454,185.648491517886,44,236,2194.27589228801,1961,0,12723,3530370,1245818,91738,31677,2027,79.61644,8827.97098228801,78635,116238,125218,251849,2626,217080,416798,14684,6554.07865,1325291,44,82.41,78.92,100.48,NA
2020-2021,Aug,31,UTTAR PRADESH,3142,BANDA,3706314,183.164122778695,30,63,2991.003990011,4545,0,13537,3025867,817943,91679,1586,215,77.6189,8610.925637011,98485,144353,158281,337288,742,270073,528407,18082,5542.302747,1252693,67,77.83,76.68,101.22,NA
2020-2021,Aug,31,UTTAR PRADESH,3144,PRATAPGARH,4407506,185.730606561684,34,76,2085.15629908,3949,15,13942,5629683,2598484,159451,8118,573,140.7216,12681.92228248,163411,179449,273328,362902,767,509032,649587,17891,10456.0443834,2327203,40,63.8,80.79,101.09,NA
2020-2021,Aug,31,UTTAR PRADESH,3146,BAHRAICH,5262095,190.79420552386,33,181,8200.960615529,9024,0,15928,5438697,964480,81978,45109,3744,163.58,18741.259347529,162176,196736,285493,442058,1428,592123,810344,24952,10376.718732,1835566,68,57.66,60.17,100.08,NA
2020-2021,Aug,31,UTTAR PRADESH,3148,BARABANKI,4078873,185.640357082678,32,135,2949.395055652,3985,1,15267,4189842,1725693,144777,2554,194,140.59934,10868.032045652,129551,156104,221035,353917,1271,508647,718190,19252,7778.03765,1141292,35,63.72,71.27,99.94,NA
2020-2021,Aug,31,UTTAR PRADESH,3151,SIDDHARTH NAGAR,7556830,195.121449116411,29,142,7027.946227801,3742,2,20184,6265694,1259621,84549,6806,442,191.2817,19444.940857801,209959,231304,315912,408733,510,465956,584112,23926,12225.71293,2998865,30,74.74,72.19,99.57,NA
2020-2021,Aug,31,UTTAR PRADESH,3160,GHAZIPUR,3744572,186.931751000102,29,238,1856.432203571,5052,1,22912,5997641,1539680,106849,38037,2537,158.13609,13226.063633571,200507,238308,253905,388190,637,461288,667294,27964,11211.49534,2170810,38,76.2,74.19,108.54,NA
2020-2021,Aug,31,UTTAR PRADESH,3164,GAUTAM BUDDHA NAGAR,10351,172.688852778681,24,0,0,11,100,169,15385,6355,630,156,19,0,26.56818,628,715,1427,1827,0,16679,19234,180,26.56818,2798,13,14.29,62.8,110.43,NA
2020-2021,Aug,31,UTTAR PRADESH,3174,SANT KABEER NAGAR,3910699,190.069567375861,34,110,5106.567999783,6359,4,9926,4632913,1383941,103239,8843,581,107.77133,14020.097025783,135790,167562,197496,318070,291,360398,532801,16285,8805.757696,1944797,45,78.02,77.63,101.15,NA
2020-2021,Aug,31,UTTAR PRADESH,3177,CHITRAKOOT,2321889,192.067234895582,34,87,2561.86833397,1615,0,16200,2887334,1275034,97262,556,34,30.92416,8138.41506997,83886,129378,111503,221508,1173,160065,298984,17815,5545.622576,1236562,52,60.78,70.35,101.21,NA
2020-2021,Aug,31,UTTAR PRADESH,3178,AMBEDKAR NAGAR,2695562,185.452509165592,22,98,2087.066208712,2673,1,12299,2474472,983492,118582,4737,686,104.5047,6780.541321312,108764,125016,173787,284366,102,316774,474096,14972,4588.9704126,918311,41,82.43,78.68,101,NA
2020-2021,Aug,31,UTTAR PRADESH,3181,AMETHI,2600341,186.813759859965,35,106,2349.212414744,5659,0,18538,3640226,1014101,71254,11134,746,79.412,9229.067472744,101787,132319,156480,257082,678,278675,415035,24197,6800.443058,1222434,47,65.44,71.79,104.73,NA
2020-2021,April,31,UTTAR PRADESH,3112,SAHARANPUR,104604,0,0,0,212.690413439,174,347,8091,0,0,63867,0,251,3.07548,221.032763439,0,0,85519,131325,0,131154,188766,8265,5.26687,0,19,83.46,77.95,0,NA
2020-2021,April,31,UTTAR PRADESH,3120,AGRA,194653,0,0,0,1072.158278551,128,217,5352,0,0,47083,0,1061,2.16,1093.587318551,0,0,93669,138658,0,174059,236023,5480,19.26904,0,19,0,0,0,NA
2020-2021,April,31,UTTAR PRADESH,3144,PRATAPGARH,433338,47.2283505890753,13,20,1457.156581957,770,480,13137,280100,126060,151286,607,538,9.79,1599.233191957,21025,21934,247679,334622,0,447689,582590,13907,132.28661,111200,44,57.15,48.76,101.3,NA
2020-2021,April,31,UTTAR PRADESH,3150,SULTANPUR,317217,15.4892728748695,12,15,2117.516115217,262,506,17849,198329,58892,79743,589,556,0,2148.235835217,15467,16396,189857,266661,0,378786,494231,18111,30.71972,71204,51,31.9,30.82,99.89,NA
2020-2021,April,31,UTTAR PRADESH,3156,MAU,364544,4.19316787540848,13,70,3008.399658983,141,140,7274,246951,73619,71289,1922,1560,1.904,3020.658728983,17995,19211,173577,237090,0,267935,349740,7415,10.35507,110327,34,29.94,8.05,100.3,NA
2020-2021,April,31,UTTAR PRADESH,3157,AZAMGARH,543795,24.3243592751638,7,39,3328.796914627,276,902,21254,183269,84905,153499,577,624,37.918,3411.293924627,24918,25866,304025,379779,0,555724,663253,21530,44.57901,65685,46,53.67,43.17,100.32,NA
2020-2021,April,31,UTTAR PRADESH,3163,SONBHADRA,325584,38.6434602977242,9,53,1189.307915184,688,132,15375,204283,58162,150015,54413,144087,0.112,1268.361935184,21873,27513,196119,471826,0,358252,781900,16063,78.94202,94311,53,78.07,42.13,100.12,NA
2020-2021,April,31,UTTAR PRADESH,3179,MAHOBA,115627,27.9276186739898,10,6,242.698122855,208,67,9555,86666,26738,47918,177,221,10.636,277.537872855,8326,12507,57023,159852,0,106663,273697,9763,24.20375,33742,52,92.39,82.61,100.05,NA
2020-2021,Oct,31,UTTAR PRADESH,3112,SAHARANPUR,1614414,191.689026265417,22,169,345.003564295,673,0,12575,1705208,775380,70625,3703,310,72.46758,3686.167755295,77040,93029,98741,148343,291,153833,217118,13248,3268.696611,554018,22,72.5,84.57,100.36,NA
2020-2021,Oct,31,UTTAR PRADESH,3121,FIROZABAD,2053242,191.81329662267,34,114,781.850202274999,936,1,7184,2468311,981640,47903,3028,217,51.98776,5568.386662275,70885,79875,100061,127937,511,200699,248440,8120,4734.5487,759043,21,80.9,82.58,102.53,NA
2020-2021,Oct,31,UTTAR PRADESH,3126,PILIBHIT,3035893,194.327990702189,23,454,2957.409768704,3955,0,13575,2991672,556832,53178,7584,606,109.12998,8880.195834704,127637,155391,168735,272532,285,310924,447352,17530,5813.656086,508967,37,62.52,67.77,100.84,NA
2020-2021,Oct,31,UTTAR PRADESH,3128,KHERI,7236799,190.335407828166,34,780,4049.674265543,11859,0,25006,8054581,2849159,188736,88823,8304,237.00941,19617.403270743,235052,286356,330288,525177,3211,652645,922361,36865,15330.7195952,1776095,49,76.9,75.15,101.67,NA
2020-2021,Oct,31,UTTAR PRADESH,3130,HARDOI,8245228,189.047541966501,41,255,5366.930379744,6525,2,24574,8873089,3245831,168356,8565,473,161.85789,22303.144920744,213557,233498,316291,429883,3386,653056,827115,31099,16774.356651,1763129,31,66.05,72.86,103.69,NA
2020-2021,Oct,31,UTTAR PRADESH,3131,UNNAO,4239292,195.391397635163,37,263,3463.877254021,9204,1,18333,4942327,1647554,96704,8472,609,199.85207,13320.611125021,133429,152948,196193,277465,4041,434572,559344,27537,9656.88180100001,1248672,51,70.04,70.73,100.15,NA
2020-2021,Oct,31,UTTAR PRADESH,3132,LUCKNOW,1556015,194.117342028953,32,109,1266.842035506,2907,5,9483,1873587,1225493,96051,4434,377,118.95584,5022.755160506,57234,68937,82569,144961,675,209088,316995,12390,3636.957285,437842,28,62.65,70.43,101.69,NA
2020-2021,Oct,31,UTTAR PRADESH,3134,FARRUKHABAD,2222646,190.451281982364,35,128,827.728876157,3105,0,9434,2492741,347465,19310,3173,173,63.7816,5638.967667157,69689,75643,98042,126526,612,200648,246325,12539,4747.457191,423932,32,73.93,73.4,102.9,NA
2020-2021,Oct,31,UTTAR PRADESH,3153,BASTI,7839694,188.664550734844,36,228,8753.98154550199,9581,11,32331,8190308,1792909,105906,3780,234,169.62553,24375.814867502,223631,261478,316312,457330,1324,494182,684613,41912,15452.207792,3503317,42,75.11,68.33,101.25,NA
2020-2021,Oct,31,UTTAR PRADESH,3160,GHAZIPUR,6711291,194.543543180795,32,242,2817.899286727,6508,1,23519,6763516,1717563,107285,43641,2550,273.68367,16249.566626727,207377,247267,255482,389921,1484,475849,683056,30027,13157.98367,2434666,40,73.12,65.77,108.61,NA
2020-2021,Oct,31,UTTAR PRADESH,3168,KANNAUJ,1752617,186.411029510986,30,201,1082.667199689,3052,0,15594,2186135,734124,58811,761,65,55.448,5213.311959689,72733,82335,105582,155902,697,184613,249896,18646,4075.19676,349995,36,74.83,79.1,105.89,NA
2020-2021,Oct,31,UTTAR PRADESH,3173,SANT RAVIDAS NAGAR,1909990,193.042993281992,29,59,636.752037464,1088,1,13428,1830900,734136,63409,7013,514,119.13417,4290.310371464,62013,79818,84701,151445,439,182358,295668,14516,3534.424164,723324,46,85.52,82.42,101.43,NA
2020-2021,Oct,31,UTTAR PRADESH,3174,SANT KABEER NAGAR,5201743,193.432554586016,37,147,6287.02618087499,7450,2,10216,5264352,1595025,103414,9825,584,111.79213,16581.788866875,141910,175409,199166,319357,921,371870,544912,17666,10182.970556,2226864,46,70.26,61.46,101.5,NA
2020-2021,Oct,31,UTTAR PRADESH,3178,AMBEDKAR NAGAR,3273465,187.574007608065,26,102,3790.838773082,2891,1,15927,3126945,1213830,119092,6322,690,161.27418,9817.449005282,118150,137380,176283,287428,351,330504,489589,18818,5865.3360522,1137438,51,64.03,57.9,101.26,NA
2020-2021,Oct,31,UTTAR PRADESH,3181,AMETHI,4190409,191.925396305103,40,126,2842.804164369,7170,0,19532,4387024,1215616,71928,12761,752,104.156,11366.773362369,108689,142480,158300,258861,1826,291937,429554,26702,8419.813198,1452493,46,59.87,63.44,104.98,NA
2020-2021,Nov,31,UTTAR PRADESH,3119,MATHURA,2567000,185.870326235518,38,67,3295.94956801499,1713,6,16584,2936866,902256,50961,8563,459,117.70766,8872.41964331499,76509,102845,93487,152866,1253,179318,282236,18297,5458.7624153,975856,16,61.23,64.78,108.33,NA
2020-2021,Nov,31,UTTAR PRADESH,3133,RAE BARELI,4693461,193.684257082432,31,252,3417.72429929,7892,0,28515,5472626,1830341,134685,14246,1164,326.57948,14343.91879029,171046,212739,231879,404980,2307,382162,600966,36407,10599.615011,1805498,37,58.73,67.68,100.12,NA
2020-2021,Nov,31,UTTAR PRADESH,3140,LALITPUR,4027128,193.490563560444,42,150,1814.739429909,1645,0,7290,4214508,1004466,62012,310375,18768,157.66191,10127.076620409,99018,144247,133416,253190,3749,200060,361427,8935,8154.6752805,1618439,43,73.58,76.31,103.27,NA
2020-2021,Nov,31,UTTAR PRADESH,3155,DEORIA,3770723,189.304101486452,36,114,1646.251213264,4463,1,13498,4003963,1031708,53749,112116,5672,343.75152,9569.668914264,109743,116638,164729,203687,818,303065,362025,17961,7579.666181,1292813,34,75.05,75.12,100.18,NA
2020-2021,Nov,31,UTTAR PRADESH,3169,AURAIYA,1758064,193.051988062238,30,86,673.307782743,1019,0,7520,2066384,938153,60342,10114,594,141.78508,4804.288255743,67539,76933,91009,130430,680,162347,219355,8539,3989.195393,465566,30,57.22,78.23,104.56,NA
2020-2021,Nov,31,UTTAR PRADESH,3174,SANT KABEER NAGAR,5463023,190.091431819197,39,147,8112.58543367599,7665,2,10943,5730528,1750256,103417,10718,589,233.80711,19239.635269676,145845,180379,199481,319650,1700,373163,546227,18608,10893.242726,2442052,47,66.54,56.09,101.57,NA
2020-2021,Nov,31,UTTAR PRADESH,3180,KASHGANJ,2347581,191.16218827996,37,194,2814.023850954,3648,0,6382,2510145,478045,28462,1574,70,137.93922,7750.411181954,67398,85028,81712,140070,2322,151572,231300,10030,4798.448111,678927,21,68.78,75.93,101.41,NA
2020-2021,March,31,UTTAR PRADESH,3109,BIJNOR,4643856,199.99662066506,27,370,5904.21801673499,6879,0,20010,4626650,1917817,129239,13225,768,470.70523,15628.066896735,167874,212688,189069,297332,7728,276607,408515,26889,9253.14365,1198842,35,63.16,61.94,104.16,NA
2020-2021,March,31,UTTAR PRADESH,3110,MORADABAD,3429431,199.316341038671,39,228,2869.801813479,5172,62,10357,3688309,835863,40302,3011,100,247.91707,10469.121428479,92736,111746,115860,175415,7087,208283,291082,15529,7351.402545,985878,45,71.45,67.63,101.82,NA
2020-2021,March,31,UTTAR PRADESH,3115,MEERUT,1491777,199.553295537923,56,53,805.685436268002,3069,3,2416,1628681,710230,18607,14670,215,9.89013,4065.662175568,28897,33308,34127,42487,5247,69910,84455,5485,3250.0866093,568202,37,51.48,70.51,104.34,NA
2020-2021,March,31,UTTAR PRADESH,3123,MAINPURI,4627234,196.975574531408,47,162,3662.18140382702,3654,8,15028,4556844,1424633,52454,8129,288,331.38021,12969.431263327,96608,112666,119757,170056,9780,203501,275302,18682,8975.8696495,1026708,37,62.94,60.54,111.52,NA
2020-2021,March,31,UTTAR PRADESH,3126,PILIBHIT,3924518,197.074518459189,28,470,3693.756967942,9944,0,16584,3956539,750208,53231,9931,608,365.50337,11856.590519842,138093,172211,168838,272337,5315,315438,452433,26528,7797.3301819,689535,54,58.2,59.32,102.14,NA
2020-2021,March,31,UTTAR PRADESH,3127,SHAHJAHANPUR,4751946,200.19219573218,32,368,5471.334880233,7794,3,16500,4928980,1415012,90686,3731,188,632.6316,15971.399769433,153079,184072,195659,307135,7138,390825,549894,24294,9867.4332892,759264,51,54.52,55.92,106.61,NA
2020-2021,March,31,UTTAR PRADESH,3129,SITAPUR,14506793,199.401780840046,45,756,16480.200869152,25800,2,71038,13987163,5343815,332044,21777,1168,1050.86034,45421.713320152,306238,409062,422614,799774,37855,803573,1326288,96838,27890.652111,3899441,76,61.17,50.64,102.93,NA
2020-2021,March,31,UTTAR PRADESH,3130,HARDOI,10612946,200.011206788278,48,275,9151.702108959,11735,2,30294,11520919,4282422,168436,12650,490,629.1507,32823.981933959,236430,261948,317199,430491,27884,656077,829906,42029,23043.129125,2376297,45,64.22,67.31,104.49,NA
2020-2021,March,31,UTTAR PRADESH,3135,ETAWAH,4711693,197.037420756932,44,107,4224.803476016,7822,0,13402,4603715,1606191,60437,6956,225,210.04843,13505.893201016,102604,117222,117633,161913,9947,200697,258620,21224,9071.041295,946708,40,50.2,64.3,108.88,NA
2020-2021,March,31,UTTAR PRADESH,3142,BANDA,5671649,201.298663339172,42,101,8342.615207054,8732,0,28283,5173863,1379951,91887,3290,218,380.29702,19137.829289054,122191,183781,160054,336807,9718,284254,540959,37015,10414.917062,2206689,80,64.46,55.65,101.63,NA
2020-2021,March,31,UTTAR PRADESH,3145,PRAYAGRAJ,10180495,199.783448532176,38,378,11255.452203223,12661,3,54923,9035247,4353677,221438,4947,252,656.0435,29962.423743223,231985,296697,283515,448958,12157,547165,794900,67584,18050.92804,3409842,70,56.92,53.71,102.9,NA
2020-2021,March,31,UTTAR PRADESH,3150,SULTANPUR,8042254,199.247834728307,45,195,7828.275195554,15110,0,44056,7155333,2009612,85042,14163,597,475.30902,22560.430285654,158543,181509,209986,289595,14468,449327,573096,59166,14256.8460701,2775916,67,59.73,60.2,101.62,NA
2020-2021,March,31,UTTAR PRADESH,3152,MAHARAJGANJ,9470552,199.316179817953,43,875,13381.691159335,6090,0,18620,10569334,2371252,112941,45685,2972,587.73514,35035.819060335,245128,310143,290362,492987,18245,408960,655598,24710,21066.392761,4181256,59,54.36,55.72,101.23,NA
2020-2021,March,31,UTTAR PRADESH,3163,SONBHADRA,6374002,198.549685470133,40,393,7718.20891836401,10448,1,23558,6833882,1971330,154308,2105019,148745,310.34986,21597.209994764,169179,249188,208146,490808,12749,388095,826038,34006,13568.6512164,3265392,66,59.8,55.33,101.09,NA
2020-2021,March,31,UTTAR PRADESH,3167,AMROHA,2979171,199.483682820964,37,182,2549.765525032,6739,0,5968,3366452,888327,54363,1643,79,276.54306,9541.831015032,90188,116831,116073,193162,7698,172497,270920,12707,6715.52243,746453,23,72.2,66.02,103.17,NA
2020-2021,March,31,UTTAR PRADESH,3172,KUSHI NAGAR,6172028,199.129973585448,41,401,7951.367395227,20204,1,26743,6911342,1925807,105567,10051,521,607.44435,22321.365244227,168092,200148,231819,354646,11610,477485,662688,46947,13762.553499,2198813,41,65.04,55.65,104.34,NA
2020-2021,March,31,UTTAR PRADESH,3177,CHITRAKOOT,5375845,201.888558251474,48,100,6360.469049174,7378,0,17806,4731803,2018928,97617,891,36,252.77561,16166.213515174,97902,153820,113181,223473,14438,165556,305694,25184,9552.968856,2005657,62,50.86,55.92,100.96,NA
2020-2021,March,31,UTTAR PRADESH,3179,MAHOBA,2106239,200.399494570722,42,58,1624.43289937199,2697,1,11857,2092083,614574,50939,2854,231,147.20546,5964.16211737199,49210,84144,62604,169459,4815,120138,293321,14554,4192.523758,790483,64,83.42,72.18,102.7,NA
2020-2021,March,31,UTTAR PRADESH,3182,HAPUR,265311,200.393255351583,35,17,60.837701583,999,0,589,263053,112720,4761,16,6,2.19704,590.175211583,7491,8223,10700,12083,348,18055,20392,1588,527.14047,86402,42,50.33,69.63,100.27,NA
2020-2021,March,31,UTTAR PRADESH,3184,SAMBHAL,3078359,199.553007585607,38,290,2204.369244534,6071,114,10472,3421216,1081353,52919,1605,63,314.52443,9346.033098534,88573,104715,114846,161841,7614,203336,267907,16543,6827.139424,842777,34,46.84,47.01,100.1,NA
2020-2021,Oct,31,UTTAR PRADESH,3109,BIJNOR,2952035,191.9345202158,20,341,1792.18689624201,1893,0,16590,3098987,1289176,128510,9967,761,125.56899,7865.78171624201,153164,189953,187091,295329,489,272239,403758,18483,5948.02583,789788,21,67.62,76.59,104.32,NA
2020-2021,Oct,31,UTTAR PRADESH,3110,MORADABAD,2327365,185.992143151947,30,200,763.411992864001,1492,63,8379,2558596,588532,40238,2092,100,51.96448,5574.164007864,83238,98008,115339,175030,1506,206502,289391,9871,4758.787535,665873,27,86.14,88.34,101.24,NA
2020-2021,Oct,31,UTTAR PRADESH,3111,RAMPUR,2335943,192.753374590123,24,213,2757.33162944701,2026,0,8710,2189377,468732,35666,3419,216,135.51968,7112.94935944701,88368,97267,118977,158155,146,211951,269187,10736,4220.09805,388132,24,57.43,62.32,100.33,NA
2020-2021,Oct,31,UTTAR PRADESH,3114,MUZAFFARNAGAR,831548,190.582104073237,35,24,394.03702816,1689,0,4245,971316,317125,16005,2068,127,16.97867,2262.17016816,27711,29346,42600,50586,434,110236,132687,5934,1851.15447,263442,15,68.73,81.36,102.08,NA
2020-2021,Oct,31,UTTAR PRADESH,3117,BULANDSHAHR,844322,184.160322007452,18,51,65.546836025,489,6,7480,812652,169252,15810,876,60,7.484,1569.613376025,43747,47413,55270,70255,56,144034,178693,7969,1496.58254,165685,9,78.96,88.23,117.16,NA
2020-2021,Oct,31,UTTAR PRADESH,3118,ALIGARH,3125769,192.629292341742,29,183,1724.823969706,930,15,11292,3314566,969261,55243,4120,253,73.23321,8182.882209706,113489,127340,146269,196671,680,251456,327695,12222,6384.82503,792364,12,78.31,88.68,100.19,NA
2020-2021,Oct,31,UTTAR PRADESH,3119,MATHURA,2308727,185.176183728997,36,67,971.926449289001,586,6,17508,2733341,849232,50887,7823,459,88.25846,6121.681461389,74406,99972,93236,152572,962,178770,281617,18094,5061.4965521,908144,16,61.69,65.26,106.84,NA
2020-2021,Oct,31,UTTAR PRADESH,3138,JALAUN,5363522,190.27155769745,46,461,4048.988706692,4574,0,22026,5946450,1948224,119790,8118,506,65.02426,15428.416009392,127716,195362,166310,352489,2855,251014,492424,26600,11314.4030427,2068430,47,75.18,73.99,102.73,NA
2020-2021,Oct,31,UTTAR PRADESH,3141,HAMIRPUR,3755552,191.648627025842,44,145,1814.984779142,2447,0,13030,3939659,881911,60145,1724,119,108.0924,9473.379562142,88722,135067,121761,235054,4028,203618,374985,15477,7550.302383,1578727,46,68.44,84.01,101.24,NA
2020-2021,Oct,31,UTTAR PRADESH,3142,BANDA,4396237,192.926291952655,35,73,5177.488026907,5337,0,14146,3801726,1001323,92409,2034,218,155.99904,12668.016068907,106681,158576,160299,339725,2222,284363,543812,19483,7334.529002,1565255,68,69.14,66.26,101.16,NA
2020-2021,Oct,31,UTTAR PRADESH,3145,PRAYAGRAJ,6255016,194.46527883125,32,322,5691.436897839,6203,3,27860,6706655,3242612,220852,3272,236,182.18234,18915.734583839,205173,261290,282054,447521,1713,537164,783375,34063,13042.115346,2430515,46,62.84,64.49,102.02,NA
2020-2021,Oct,31,UTTAR PRADESH,3150,SULTANPUR,4936834,191.336042181046,39,155,2767.460772966,9351,0,23416,5227988,1434491,85305,9744,592,128.7466,12899.232697866,132121,150050,209818,289811,2963,443340,566898,32767,10003.0253249,1917383,46,65.68,72.37,100.54,NA
2020-2021,Oct,31,UTTAR PRADESH,3156,MAU,4502715,190.89545795154,31,436,3247.975227292,2572,2,7922,4474611,1264513,77467,30705,1683,112.04928,11901.853667292,140030,157846,194694,262019,609,312065,401138,10494,8541.82916,1963950,31,82.62,86.76,102.68,NA
2020-2021,Oct,31,UTTAR PRADESH,3161,VARANASI,1973773,192.196026350182,25,169,1414.22532629,5851,26,10449,2073610,764584,67355,8179,845,109.88014,5509.50148829,80160,105602,100721,181530,296,196303,304392,16300,3985.396022,861694,43,40.88,44.89,102.5,NA
2020-2021,Oct,31,UTTAR PRADESH,3165,BAGHPAT,88477,193.085315973839,29,9,9.7427461,109,0,1070,98774,32108,2858,114,11,3.95124,204.4120761,3376,3906,6382,9198,18,34776,47727,1179,190.71809,24965,9,40.38,75.94,110.7,NA
2020-2021,Oct,31,UTTAR PRADESH,3169,AURAIYA,1679746,192.400283557765,29,83,511.470196951,997,0,7457,1943872,881883,60237,9411,594,68.40194,4319.887376951,66453,75624,90757,130178,463,161228,218191,8454,3740.01524,437320,30,58.45,80.33,104.38,NA
2020-2021,Oct,31,UTTAR PRADESH,3171,CHANDAULI,4420073,194.594320977524,37,353,2920.183875257,4263,1,18281,4363022,1311708,96458,19460,1357,170.5468,11580.923710257,114990,162808,143975,293384,1844,273115,497595,22544,8490.193035,1432583,42,63.18,55.74,101.22,NA
2020-2021,Oct,31,UTTAR PRADESH,3182,HAPUR,170823,193.671758323698,28,17,1.9321,577,0,756,185074,83099,4594,16,6,0.56,360.92817,6468,7117,10333,11696,54,17293,19591,1333,358.43607,58163,34,45.45,78.09,100.28,NA
2020-2021,Aug,31,UTTAR PRADESH,3112,SAHARANPUR,1063936,186.57683976269,18,157,345.003564295,407,0,12090,1326027,608156,69849,2811,307,45.22998,2864.292815295,72467,86931,97299,146459,112,150284,212651,12497,2474.059271,435662,22,74.75,90.61,100.08,NA
2020-2021,Aug,31,UTTAR PRADESH,3117,BULANDSHAHR,201445,170.523493531334,16,51,65.546836025,445,8,7174,663970,139778,15759,651,57,6.924,1204.695676025,41018,44354,54801,69691,12,142269,176774,7619,1132.22484,140954,8,83.76,93.17,113.02,NA
2020-2021,Aug,31,UTTAR PRADESH,3120,AGRA,1979827,182.248897565907,29,170,1196.857302421,1031,0,6600,2564117,835497,53998,19725,1160,36.72864,5906.660907221,85545,106166,110596,164844,260,201195,276719,7631,4673.0749648,743413,18,91.43,95.7,100.41,NA
2020-2021,Aug,31,UTTAR PRADESH,3123,MAINPURI,2034715,179.539128689767,33,141,1245.486950066,1647,8,13731,2622625,824186,51780,4570,279,67.9,6022.025023866,78446,90113,116112,166482,340,193153,264233,15378,4708.6380738,598551,31,73.37,78.25,108.08,NA
2020-2021,Aug,31,UTTAR PRADESH,3125,BAREILLY,2825931,192.312044635206,19,563,1292.198696654,5890,0,14638,3024608,660554,71807,1312,198,103.004,7211.888183654,156069,185237,197682,311153,353,315580,455588,20528,5816.685487,482439,27,76.57,85.61,101.45,NA
2020-2021,Aug,31,UTTAR PRADESH,3126,PILIBHIT,2490944,193.696033117318,21,442,2957.409768704,3342,0,13301,2673888,499303,54037,6722,612,94.59018,8231.214934704,124081,150723,170137,277170,144,319889,461026,16643,5179.214986,467153,38,67.55,73.87,100.33,NA
2020-2021,Aug,31,UTTAR PRADESH,3135,ETAWAH,1481068,178.087292520861,30,91,1334.933937502,1362,0,15192,2689668,964273,60218,4473,225,49.768,6174.658856502,87861,99020,115511,160007,410,193763,251492,16554,4789.956919,522057,32,58.8,79.36,104.05,NA
2020-2021,Aug,31,UTTAR PRADESH,3143,FATEHPUR,3651323,185.522817053145,33,205,3148.247767963,6030,1,16092,3941232,1681433,116436,1824,110,71.524,10531.656400963,118068,135495,187490,266599,629,349271,462617,22122,7311.884633,1352724,32,83.09,89,99.96,NA
2020-2021,Aug,31,UTTAR PRADESH,3149,AYODHYA,3039899,187.25283768286,27,189,2219.019854837,4177,3,15464,3391059,1340325,104624,5717,461,130.8564,8699.730459837,121874,142536,170043,271184,231,273644,403815,19641,6349.854205,1294323,42,72.86,70.43,101.77,NA
2020-2021,Aug,31,UTTAR PRADESH,3150,SULTANPUR,3226429,182.899822367853,34,138,2499.824173848,6737,0,19066,4206671,1176319,84380,8294,584,82.23296,10276.050920448,122237,138341,206549,286355,864,418131,539544,25803,7693.9937866,1546067,45,72.38,79.83,100.45,NA
2020-2021,Aug,31,UTTAR PRADESH,3152,MAHARAJGANJ,5573063,189.760844690438,28,739,4369.865980154,3369,0,12337,5989129,1399425,112910,28158,2955,91.62913,15826.516890154,210513,259787,287134,490109,600,399891,645896,15706,11365.02178,2330962,46,71.45,77.75,100.01,NA
2020-2021,Aug,31,UTTAR PRADESH,3165,BAGHPAT,72857,173.944657584299,25,9,9.7427461,85,0,1061,76632,26019,2835,93,11,3.186,146.2260161,3032,3462,6176,8923,7,34301,47142,1146,133.29727,18817,9,35.86,73.47,110.31,NA
2020-2021,Aug,31,UTTAR PRADESH,3172,KUSHI NAGAR,4408036,194.207919286445,23,318,3565.536267272,6826,1,28755,3077550,885994,105769,4468,516,133.35896,9675.741047272,131491,151401,230411,353461,44,470024,655587,35581,5976.84582,955563,37,79.95,75.59,101.51,NA
2020-2021,Aug,31,UTTAR PRADESH,3176,SHRAVASTI,1780936,189.152635856481,29,160,727.025803909,3829,0,8244,1757038,580158,50187,10669,1128,35.57492,4086.084413909,59289,73339,88502,157200,202,153750,246098,12073,3323.48369,519806,36,82.93,83.22,101.04,NA
2020-2021,Aug,31,UTTAR PRADESH,3182,HAPUR,107869,182.976849396903,25,16,1.9321,372,0,693,148981,68638,4462,16,6,0,274.53284,5756,6350,9913,11238,17,16595,18799,1065,272.60074,46142,22,44.27,80.36,100.27,NA
2020-2021,Jan,31,UTTAR PRADESH,3110,MORADABAD,3030731,192.927131229704,37,212,763.411992864001,2610,63,9863,3339023,756052,40331,2674,100,131.78008,7337.073357864,88999,105964,115826,175476,5569,208087,291029,12473,6441.881285,870012,34,74.85,74.94,101.7,NA
2020-2021,Jan,31,UTTAR PRADESH,3119,MATHURA,3456176,189.660902586966,41,67,3295.94956801499,2414,6,16237,3342448,999259,50983,9470,459,152.65386,9787.92047331499,80319,108393,93709,153092,4311,179817,282778,18651,6339.3170453,1113502,17,59.25,62.75,109.12,NA
2020-2021,Jan,31,UTTAR PRADESH,3120,AGRA,3975557,196.12475892064,39,186,1355.187539263,2288,0,7914,3688889,1169692,54723,26242,1195,164.40583,8754.418027363,94357,117986,112567,167954,4339,209575,289835,10202,7234.8246581,1078413,35,68.34,69.54,101.62,NA
2020-2021,Jan,31,UTTAR PRADESH,3126,PILIBHIT,3468260,195.928993435686,26,458,2990.835474234,8609,0,10250,3508211,654861,53345,8870,609,262.31591,10126.753884134,132243,161666,169012,272844,1946,315432,452786,18859,6873.6024999,578652,37,59.46,64.3,101.7,NA
2020-2021,Jan,31,UTTAR PRADESH,3132,LUCKNOW,2228077,195.583338625626,38,127,1540.780244644,3514,5,10332,2343030,1532027,96235,5524,379,191.82025,6315.176793644,60701,73688,83033,145505,4316,210512,318752,13846,4582.576299,541774,34,59.06,62.69,101.73,NA
2020-2021,Jan,31,UTTAR PRADESH,3136,KANPUR DEHAT,4204757,196.52239500775,38,298,1423.319325828,5065,1,15400,3747729,1332734,72776,21582,1242,186.31264,8974.758755028,96105,116184,118077,191708,3737,265464,388573,20465,7365.1267892,842058,48,67.01,76.92,103.04,NA
2020-2021,Jan,31,UTTAR PRADESH,3137,KANPUR NAGAR,1840960,193.692152666407,34,160,522.540990102,1164,0,10220,1972261,774918,56085,31527,2364,111.9799,4454.635677202,56362,68781,77281,138095,1665,223167,334157,11384,3820.1147871,342541,40,55.63,64.65,103.32,NA
2020-2021,Jan,31,UTTAR PRADESH,3138,JALAUN,6374170,193.862994977383,51,477,5143.664930465,7768,0,23225,7010290,2253702,119447,9583,508,227.24919,18961.272271065,136328,209553,166486,351540,12541,252052,492786,30993,13590.3581506,2425603,53,65.25,61.98,103.53,NA
2020-2021,Jan,31,UTTAR PRADESH,3142,BANDA,5012273,196.05399351138,40,88,5536.03296378101,7543,0,25729,4657693,1227961,92459,2823,218,257.16192,14924.788015781,115336,173045,160680,340160,6457,284848,544379,33272,9131.593132,1941275,79,64.05,58.59,101.42,NA
2020-2021,Jan,31,UTTAR PRADESH,3144,PRATAPGARH,7677065,194.355500806098,44,85,2495.608429155,5697,14,25352,8449967,3760809,161068,13318,610,377.16509,19295.749199955,189360,210972,279995,370387,13770,559901,705866,31049,16422.9756808,3519995,62,57.2,70.36,101.96,NA
2020-2021,Jan,31,UTTAR PRADESH,3148,BARABANKI,6566055,191.600461998857,45,160,5648.77136248,7332,1,21412,6966251,2819214,145466,4476,198,395.52062,19391.66108248,153313,186499,222659,355949,12801,514649,725694,28744,13347.3691,1843669,47,46.19,52.16,99.94,NA
2020-2021,Jan,31,UTTAR PRADESH,3156,MAU,5377629,195.077673031814,37,447,3377.342431314,4456,2,10646,5560437,1563360,77454,38430,1681,267.54786,14492.061401314,148461,168392,194797,261832,5542,312867,401730,15102,10847.17111,2446771,47,77.23,77.9,102.5,NA
2020-2021,Jan,31,UTTAR PRADESH,3159,BALLIA,4917069,195.968660591682,35,179,1820.300195588,8363,2,21715,4863222,777140,45048,105539,5977,413.32018,11764.011390588,136611,157020,195248,273674,3060,391551,506777,30078,9530.391015,1728058,53,74.12,76.94,101.71,NA
2020-2021,Jan,31,UTTAR PRADESH,3161,VARANASI,2787708,193.24576799814,31,173,1560.871892105,6326,23,16569,2653177,970892,67736,10346,852,210.84956,6898.873722105,84998,113154,101589,182536,1608,197916,306421,22895,5127.15227,1118092,57,38.72,38.87,102.85,NA
2020-2021,Jan,31,UTTAR PRADESH,3176,SHRAVASTI,2669421,198.897211838686,41,178,1510.203027981,6107,0,10858,2770679,887753,50794,16553,1150,79.82187,7100.828177981,67500,85850,90994,160521,5720,161926,255806,16965,5510.80328,844801,48,73.66,70.59,101.45,NA
2020-2021,Jan,31,UTTAR PRADESH,3178,AMBEDKAR NAGAR,4325897,188.583599410958,31,117,4604.296450189,3370,1,26241,4266587,1626990,118998,9174,689,310.27663,12960.656416789,133351,159246,177320,288315,3371,333171,492362,29611,8046.0833366,1581836,67,61.28,51,101.91,NA
2020-2021,April,31,UTTAR PRADESH,3109,BIJNOR,180921,0,0,0,727.107541932002,117,559,10184,0,0,116027,0,625,2.8,745.690791932002,0,0,157663,258765,0,222758,343144,10301,15.78325,0,21,29.55,6.58,0,NA
2020-2021,April,31,UTTAR PRADESH,3114,MUZAFFARNAGAR,53179,38.164102172502,7,4,191.21606796,495,104,2179,26191,7571,11530,50,72,0.112,201.32362796,3383,3459,29836,36017,0,87403,106891,2674,9.99556,4696,15,84.05,77.52,99.97,NA
2020-2021,April,31,UTTAR PRADESH,3121,FIROZABAD,166233,609.227469879518,24,0,410.515363184,69,231,4300,2075,697,42388,0,190,1.344,424.500833184,84,107,78874,105179,0,159905,204455,4369,12.64147,506,20,57.65,20.88,98.29,NA
2020-2021,April,31,UTTAR PRADESH,3122,ETAH,157622,10.8354964389409,8,5,692.996027938,154,192,9143,40297,8865,33785,0,41,5.152,702.514407938,4616,5049,90076,136243,0,184936,261560,9297,4.36638,9826,25,42.83,26.59,99.76,NA
2020-2021,April,31,UTTAR PRADESH,3123,MAINPURI,200050,39.09634136247,11,14,598.915589108999,59,281,12267,120810,33298,47249,65,155,2.292,648.439879108999,10285,11231,99462,147385,0,168979,236771,12326,47.23229,31400,35,65.96,7.78,101.41,NA
2020-2021,April,31,UTTAR PRADESH,3127,SHAHJAHANPUR,316481,37.4581779262478,7,57,924.689137172,189,425,10631,184998,54735,88849,107,124,1.756,995.742017171999,24399,26572,179513,288984,0,347072,501484,10820,69.29688,28153,40,63.37,54.18,101.13,NA
2020-2021,April,31,UTTAR PRADESH,3128,KHERI,482524,34.2937331991148,10,139,1264.198318397,1076,327,22908,530478,184516,180985,4349,7831,1.12,1447.239028397,51153,57990,306092,492571,0,583725,834175,23984,181.92071,126230,53,82.78,65.33,99.97,NA
2020-2021,April,31,UTTAR PRADESH,3129,SITAPUR,738791,219.968874678721,16,18,3058.404826878,3942,126,30081,145123,27592,320039,120,1007,22.788,3400.418256878,8801,9514,383966,748659,0,692641,1188094,34023,319.22543,33651,59,61.72,11.98,99.95,NA
2020-2021,April,31,UTTAR PRADESH,3135,ETAWAH,145616,34.7182417511565,8,10,678.886797420999,204,84,11980,62039,24436,56565,89,209,2.688,703.113647420999,7370,7777,95028,136682,0,164835,218935,12184,21.53885,12429,34,79.04,26.3,99.96,NA
2020-2021,April,31,UTTAR PRADESH,3141,HAMIRPUR,238709,30.5202028295408,10,9,1543.545147617,459,11,11207,87364,16964,57889,30,103,1.872,1572.080817617,8481,11322,110837,217206,0,186020,347469,11666,26.66367,35220,43,69.47,60.08,99.92,NA
2020-2021,April,31,UTTAR PRADESH,3143,FATEHPUR,358992,36.9374731052031,14,16,2698.091949373,1098,101,15064,213796,82380,107914,14,48,0.56,2777.622789373,15247,16361,171244,247121,0,316851,425279,16162,78.97084,77310,37,61.07,32.08,99.88,NA
2020-2021,April,31,UTTAR PRADESH,3146,BAHRAICH,517360,175.313911337258,15,3,3789.194585348,859,167,12995,60138,6258,78241,30,3499,10.464,3905.088865348,3847,4288,260690,412253,0,528484,738103,13854,105.43028,15830,71,42.44,14.07,100,NA
2020-2021,April,31,UTTAR PRADESH,3151,SIDDHARTH NAGAR,742974,6.71011562110796,9,26,4519.788260562,212,382,17440,509855,109210,81956,379,427,12.744,4566.744120562,51647,55454,291906,383187,0,419420,534261,17652,34.21186,250753,24,51.33,54.15,99.74,NA
2020-2021,April,31,UTTAR PRADESH,3152,MAHARAJGANJ,547934,23.4505320708331,11,127,3235.25096072301,349,191,12315,388858,101701,111257,1641,2884,18.85393,3345.29416072301,33981,38694,269621,468431,0,372694,612183,12664,91.18927,153689,50,28.86,21.14,99.93,NA
2020-2021,April,31,UTTAR PRADESH,3155,DEORIA,301750,13.6677733579225,11,12,737.000692791,608,723,13552,186532,60000,51508,6100,5195,4.704,767.199463791,15860,16295,150361,187554,0,277637,333695,14160,25.494771,61546,37,34.62,50.45,99.93,NA
2020-2021,April,31,UTTAR PRADESH,3159,BALLIA,298578,48.7405304611617,10,8,923.603053222,220,402,16633,143724,24401,40229,3370,5088,15.022,1008.676893222,13626,14604,174115,249036,0,320692,428530,16853,70.05184,53211,42,34.24,23.04,100.18,NA
2020-2021,April,31,UTTAR PRADESH,3162,MIRZAPUR,284686,25.6974185341902,11,24,1692.740744213,432,210,16606,269653,130861,149474,2913,3467,4.144,1766.178604213,22938,29031,182432,328000,0,346709,566765,17038,69.29386,118086,54,70.99,47.68,100.24,NA
2020-2021,April,31,UTTAR PRADESH,3168,KANNAUJ,141894,39.3038787497091,9,14,568.138718567999,270,276,13176,73039,23146,57505,25,54,1.792,598.637878567999,7921,8399,97268,146775,0,162923,226504,13446,28.70716,13536,42,63.42,46.2,102.38,NA
2020-2021,April,31,UTTAR PRADESH,3169,AURAIYA,125267,39.3369606239779,7,4,196.517397646,23,218,7234,31796,14578,55941,177,550,1.68,210.704977646,4172,4373,79429,117212,0,139675,193939,7257,12.50758,6829,32,48.68,52.83,108.96,NA
2020-2021,April,31,UTTAR PRADESH,3174,SANT KABEER NAGAR,384493,12.8569633331015,15,1,3929.325829744,324,233,10164,201326,73927,102384,813,572,3.36,3958.570239744,13312,15200,180376,298295,0,327018,493932,10488,25.88441,83131,44,59.73,12.33,99.94,NA
2020-2021,April,31,UTTAR PRADESH,3182,HAPUR,10606,0,0,0,0.3779,84,256,152,0,0,3711,0,5,0,0.58356,0,0,8374,9546,0,14219,16227,236,0.20566,0,22,0,0,0,NA
2020-2021,April,31,UTTAR PRADESH,3183,SHAMLI,25928,942.685714285714,4,0,28.048684925,13,191,2637,245,22,2823,0,32,5.798,36.156264925,61,64,19055,22795,0,43325,50927,2650,2.30958,46,12,98.44,63.57,100,NA
2020-2021,June,31,UTTAR PRADESH,3109,BIJNOR,684102,146.774811408008,12,290,1043.361392196,460,0,14184,1625069,699331,126712,4851,738,8.952,3437.505352196,127767,154850,182125,289225,6,260955,389728,14644,2385.19196,428153,19,79.91,92.21,103.68,NA
2020-2021,June,31,UTTAR PRADESH,3140,LALITPUR,1212486,154.713868566828,31,127,1742.842153159,563,0,7295,2584903,624369,62912,191861,19249,25.03632,5767.081903159,82036,117491,133245,256811,386,199519,366042,7858,3999.20343,1034446,42,91.2,91.41,100.9,NA
2020-2021,June,31,UTTAR PRADESH,3141,HAMIRPUR,902608,153.135667837303,30,98,1575.959766949,1286,0,12750,2053584,488891,59814,851,110,16.392,4737.121339949,67606,101010,119402,230967,255,198781,367366,14036,3144.769573,848219,45,75.32,92.89,100.62,NA
2020-2021,June,31,UTTAR PRADESH,3145,PRAYAGRAJ,1576558,152.762989712738,23,268,2801.503032736,2102,3,24222,4083108,2052791,216695,1758,207,25.59034,9064.571226736,173293,218273,269331,431128,102,463078,691143,26324,6237.477854,1535434,42,79.85,85.6,100.99,NA
2020-2021,June,31,UTTAR PRADESH,3149,AYODHYA,1130120,161.907748626294,22,183,1582.444187723,354,3,15398,2527106,1018032,104110,4143,459,14.042,5688.066617723,111515,129016,168273,269084,21,269652,399115,15752,4091.58043,1001778,36,77.39,79.32,101.52,NA
2020-2021,June,31,UTTAR PRADESH,3158,JAUNPUR,1905821,135.722467754801,25,208,1618.11312623,3269,20,27381,3849953,1465577,132483,18000,1716,46.65204,6890.01638523,153953,162243,278324,336773,5,561008,661721,30650,5225.251219,1595519,37,81.67,83.87,99.95,NA
2020-2021,June,31,UTTAR PRADESH,3164,GAUTAM BUDDHA NAGAR,3848,40.8759007205765,6,0,0,0,151,147,1249,585,585,2,19,0,0.51054,185,201,1339,1723,0,16558,19093,147,0.51054,224,14,49.61,49.61,113.65,NA
2020-2021,June,31,UTTAR PRADESH,3166,HATHRAS,278298,154.638695142442,19,50,133.065694473,228,0,4307,925465,271666,24995,928,87,10.41512,1574.607814473,48292,55373,58897,87735,17,93965,131715,4535,1431.127,114282,17,89.65,91.6,100.06,NA
2020-2021,June,31,UTTAR PRADESH,3167,AMROHA,684754,131.664121257365,16,131,849.542596569,1371,3,4785,1058245,296286,54437,331,74,10.75355,2253.625126569,65178,79415,114132,192098,7,168536,267251,6156,1393.32898,232737,13,95.24,93.55,100.8,NA
2020-2021,June,31,UTTAR PRADESH,3168,KANNAUJ,536530,159.377570151768,17,145,640.048005500999,1815,0,13960,961665,325770,58462,405,66,2.24,2174.966315501,55145,60782,102783,152916,1,170640,234986,15775,1532.67831,149977,38,78.43,84.43,102.53,NA
2020-2021,June,31,UTTAR PRADESH,3173,SANT RAVIDAS NAGAR,452549,167.825870091502,22,51,260.91246434,600,3,12122,1218550,504903,62547,3607,511,10.02941,2315.98401434,54407,69073,82455,148913,53,171149,283058,12722,2045.04214,493216,46,94.32,91.91,100.88,NA
2020-2021,June,31,UTTAR PRADESH,3180,KASHGANJ,523455,160.466569387079,21,148,1271.442509294,1328,0,5693,1180789,238928,28059,850,64,1.792,3168.006109294,54458,67099,78966,136985,71,147647,226817,7021,1894.7716,320965,21,76.77,93.14,100.12,NA
2020-2021,June,31,UTTAR PRADESH,3181,AMETHI,966709,146.273024476866,29,95,1950.120911717,1996,1,19728,2672115,765587,70996,8489,748,6.268,5864.972339717,91963,117598,155758,256875,155,275601,411916,21724,3908.583428,915808,49,72.1,78.85,104.83,NA
2020-2021,May,31,UTTAR PRADESH,3111,RAMPUR,430119,138.359595848719,11,79,1608.83311271,553,41,7677,583049,128784,34960,1183,203,1.568,2417.10535271,52099,56146,112618,150842,0,196775,251924,8230,806.70424,98724,24,71.82,78.07,99.91,NA
2020-2021,May,31,UTTAR PRADESH,3114,MUZAFFARNAGAR,120946,143.219739142792,14,12,268.846301326,752,4,2701,161851,48903,12703,400,86,0.336,500.984881326,10975,11437,33628,40317,0,93328,113479,3453,231.80258,36193,14,67.83,91.07,100.58,NA
2020-2021,May,31,UTTAR PRADESH,3119,MATHURA,265622,101.958481985284,17,51,737.761196469,192,90,14945,736620,252306,49588,1958,449,1.568,1490.375766469,42458,55442,88774,146631,0,167793,268101,15137,751.04657,245757,15,84.96,86.86,99.81,NA
2020-2021,May,31,UTTAR PRADESH,3124,BUDAUN,784746,97.5983663775955,12,299,689.206935084997,621,109,16341,819406,166804,48459,707,145,17.844,1506.777805085,64072,68042,160673,218844,0,290930,378980,16962,799.72687,134644,27,91.51,92.1,100.93,NA
2020-2021,May,31,UTTAR PRADESH,3125,BAREILLY,631897,120.079642948842,11,382,799.912478511,1421,38,16605,1277464,293801,71782,456,188,4.032,2337.918688511,113235,129692,193988,307169,3,309812,449304,18026,1533.97421,207633,29,86.4,91.67,101.72,NA
2020-2021,May,31,UTTAR PRADESH,3128,KHERI,1097411,132.723987244218,18,463,1507.393909713,2729,1,24577,2805316,992255,184242,32964,8190,1.12,5231.841159713,151397,177369,317032,506289,11,601023,855719,27306,3723.32725,635666,49,88.21,91.97,99.97,NA
2020-2021,May,31,UTTAR PRADESH,3135,ETAWAH,331177,118.164937614363,14,51,802.359246733999,872,5,12573,615366,245370,58708,1214,215,3.248,1532.754096734,43526,47227,107968,151570,0,182876,239511,13445,727.14685,115972,33,65.66,73.92,99.84,NA
2020-2021,May,31,UTTAR PRADESH,3137,KANPUR NAGAR,255242,107.560129122794,11,73,249.138116851,247,37,7097,325659,135904,55016,5375,2369,2.78835,602.205707751,27577,31504,73809,134230,0,215018,324926,7344,350.2792409,63903,25,66.65,82.55,100.81,NA
2020-2021,May,31,UTTAR PRADESH,3142,BANDA,828757,87.9994793038662,18,20,2044.749599802,1158,1,13468,975617,269637,90754,423,214,0.112,2903.399479802,53604,73889,155323,333143,5,263292,519879,14626,858.53788,407836,67,83.03,75.02,100.05,NA
2020-2021,May,31,UTTAR PRADESH,3144,PRATAPGARH,985548,96.6616979642894,18,49,1696.546617834,1922,68,12923,1678775,794833,157442,2186,558,11.246,3330.525037834,88376,95102,264094,353298,0,478563,617039,14845,1622.73242,691029,43,66.62,74.33,100.55,NA
2020-2021,May,31,UTTAR PRADESH,3145,PRAYAGRAJ,948264,108.78004111381,16,199,2801.503032736,1650,45,19476,2001274,1033555,211895,853,182,12.28634,4990.776052736,118940,145290,259029,417445,1,446907,670235,21126,2176.98668,751782,41,78.22,79.49,100.87,NA
2020-2021,May,31,UTTAR PRADESH,3147,GONDA,1091357,79.7106188988122,19,78,1991.769347199,1298,280,21183,1374425,326871,58458,2128,568,14.8975,3102.229520999,70458,74495,221584,270704,1,380923,452840,22481,1095.5626738,434705,36,62.98,61.31,99.92,NA
2020-2021,May,31,UTTAR PRADESH,3156,MAU,829089,97.8065750740308,19,312,3225.059009107,489,18,8053,1828968,546747,75372,12039,1649,2.576,5016.485969107,94675,103963,189224,255714,6,293150,379461,8542,1788.85096,819883,32,79.19,84.56,100.02,NA
2020-2021,May,31,UTTAR PRADESH,3169,AURAIYA,284898,113.094675163352,12,47,320.187990759,122,13,7489,458061,212961,57770,2422,565,1.792,840.022590759,35798,39274,84092,122689,0,146615,201964,7611,518.0426,101486,30,55,83.82,100.79,NA
2020-2021,May,31,UTTAR PRADESH,3170,KAUSHAMBI,364299,99.8475544001805,16,80,1020.423437523,277,47,13822,726652,384693,100608,283,93,2.796,1748.763688523,43783,54278,105362,190560,0,238998,377640,14099,725.544251,305110,65,76.53,71.28,99.8,NA
2020-2021,May,31,UTTAR PRADESH,3172,KUSHI NAGAR,985667,124.603232541522,16,222,2786.626289848,590,20,30831,1434475,436429,105439,2110,513,17.842,4591.870509848,84890,95565,224589,347035,0,459750,644117,31421,1787.40222,459346,36,86.08,82.58,100.03,NA
2020-2021,May,31,UTTAR PRADESH,3177,CHITRAKOOT,519190,118.806375820527,19,57,1625.558929577,346,0,15372,1112547,532176,95926,271,31,1.344,2948.679699577,57490,84780,107284,214728,0,153687,288843,15718,1321.77677,486907,52,59.24,69.97,100.61,NA
2020-2021,May,31,UTTAR PRADESH,3180,KASHGANJ,314846,131.020233073801,14,109,1271.442509294,892,5,5208,613797,127952,27589,501,64,0.784,2076.424769294,41768,49836,76195,133699,3,143824,222321,6100,804.19826,167117,23,75.93,92.18,100.02,NA
2020-2021,Feb,31,UTTAR PRADESH,3145,PRAYAGRAJ,9480586,192.560900221339,38,376,6747.008510207,11868,3,54261,8774331,4228081,221573,4735,252,486.0704,24129.009672207,230143,294097,283599,449197,10917,545994,793577,66129,16895.930762,3288617,69,56.81,54.57,102.81,NA
2020-2021,Feb,31,UTTAR PRADESH,3151,SIDDHARTH NAGAR,10852729,191.280116708577,45,211,12845.362894535,6073,0,30612,11535399,2255154,84767,15699,444,619.597,35529.884564535,252191,281770,318616,411517,17263,487328,607330,36685,22064.92467,5594693,49,60.3,52.32,100.71,NA
2020-2021,Feb,31,UTTAR PRADESH,3156,MAU,5666720,192.866806508519,39,456,3450.194091314,4747,2,18497,5960066,1693067,77396,41005,1680,308.0485,15253.231551314,152700,174085,194787,261723,7048,312958,401722,23244,11494.98896,2644664,65,73.48,71.86,102.69,NA
2020-2021,Feb,31,UTTAR PRADESH,3157,AZAMGARH,9769879,192.037243741626,36,350,8027.45850682801,16153,0,35543,10023770,3927178,169011,25318,865,599.47198,27876.302113828,273099,298760,348523,428666,9788,664950,780054,51696,19249.371627,4002245,57,63.06,55,102.36,NA
2020-2021,Feb,31,UTTAR PRADESH,3163,SONBHADRA,5935789,192.489224325519,39,387,4188.738019134,9236,1,24425,6536247,1886818,154433,2010063,148859,240.30536,17010.614529434,166987,245176,208217,491275,9338,387941,826210,33661,12581.5711503,3121181,66,58.7,55.19,101.08,NA
2020-2021,Feb,31,UTTAR PRADESH,3165,BAGHPAT,107406,189.585644300586,35,10,11.6325461,151,0,1104,137172,43245,2858,154,11,5.86979,277.5607561,3868,4518,6413,9222,144,34877,47826,1255,260.05842,34360,12,36.88,75.7,117.16,NA
2020-2021,Feb,31,UTTAR PRADESH,3166,HATHRAS,2090543,194.26404738495,32,57,337.651075179,1687,0,4868,1760559,523948,25470,1900,88,162.13127,3919.915515179,54578,64937,60212,89256,2780,97170,135573,6555,3420.13317,245398,24,79.27,81.03,101.4,NA
2020-2021,Feb,31,UTTAR PRADESH,3168,KANNAUJ,2733169,191.803577661173,36,232,1148.694279089,6976,0,18625,3045621,1020368,58801,939,67,141.35444,7131.658759089,83675,99108,105752,155972,5280,187164,252584,25601,5841.61004,552109,50,70.68,71.57,106.32,NA
2020-2021,Feb,31,UTTAR PRADESH,3179,MAHOBA,1961435,194.556073313663,41,58,655.252425924999,2542,1,11964,2048404,603284,50955,2761,231,97.1462,4737.693013925,48847,83509,62609,169511,4426,120111,293322,14506,3985.294388,775078,64,83.92,75.35,102.71,NA
2020-2021,Feb,31,UTTAR PRADESH,3182,HAPUR,247071,186.99115981673,32,17,2.8213,828,0,737,235063,100147,4732,16,6,1.4,443.76833,7232,7935,10659,12033,295,17940,20264,1565,439.54703,75405,41,50.28,76.31,100.31,NA
2020-2021,Feb,31,UTTAR PRADESH,3110,MORADABAD,3193658,191.332537002833,38,228,874.309182864001,2800,62,12598,3589590,814418,40329,2867,100,157.59715,7899.959947864,92042,110695,115949,175603,6516,208366,291327,15398,6868.053615,954692,45,72.05,69.89,101.77,NA
2020-2021,Feb,31,UTTAR PRADESH,3116,GHAZIABAD,0,197.670180722892,17,0,0.2434613,5,161,14,1992,189,33,0,0,0,4.1810513,111,112,158,269,0,17895,26183,19,3.93759,505,21,69.12,85.94,100,NA
2020-2021,Feb,31,UTTAR PRADESH,3125,BAREILLY,4134347,194.400849892216,27,636,2721.129010814,9497,0,17383,4660238,1028951,71495,2608,198,414.49959,12195.170879814,171393,213424,198482,311310,5465,320813,461006,26880,9059.542279,922601,40,60.7,60.8,101.74,NA
2020-2021,Feb,31,UTTAR PRADESH,3129,SITAPUR,13509451,190.929708851219,44,752,11366.382057417,24792,1,70857,13328718,5094201,332235,20946,1169,777.7683,37592.632828417,301575,401353,422628,800231,27569,803209,1326285,95649,25448.482471,3700387,76,61.33,52.41,103.01,NA
2020-2021,Feb,31,UTTAR PRADESH,3133,RAE BARELI,6997443,192.093681685499,37,279,3697.48478929,10936,0,43494,7064020,2389829,134866,20119,1169,491.19132,17758.21220229,188195,239049,232368,405232,9843,383950,603045,54430,13569.536093,2435961,55,56.06,58.86,100.29,NA
2020-2021,Feb,31,UTTAR PRADESH,3135,ETAWAH,4387764,192.401935647432,43,106,2218.95839354,7035,0,13975,4413872,1546596,60552,6666,226,153.34661,10864.68016854,101693,116031,117827,162264,7629,199806,257925,21010,8492.375165,901983,40,50.62,65.14,108.65,NA
2020-2021,Feb,31,UTTAR PRADESH,3136,KANPUR DEHAT,4430796,196.202474100642,40,301,1525.654465828,5324,1,16183,3969693,1416839,72754,22867,1242,219.00706,9533.297406028,98663,119785,118081,191598,4751,265618,388621,21507,7788.6358802,910154,50,66.56,74.45,103.3,NA
2020-2021,Feb,31,UTTAR PRADESH,3142,BANDA,5281723,194.597455670467,41,98,5730.06970378101,8304,0,27396,5004226,1333465,92479,3155,218,269.73476,15737.900935781,120770,181007,160727,340215,8323,284902,544443,35700,9738.096472,2124121,80,64.27,56.94,101.67,NA
2020-2021,Feb,31,UTTAR PRADESH,3143,FATEHPUR,6218833,193.345286911825,43,268,4713.614838743,9353,0,34277,6221685,2604901,117746,3082,120,370.94023,17113.889782743,143486,167325,190836,270282,9500,374742,490054,43630,12029.334714,2240460,61,68.51,69.96,100.7,NA
2020-2021,Feb,31,UTTAR PRADESH,3144,PRATAPGARH,8089769,191.459303586987,45,87,2711.909811267,6355,14,29874,9152586,4053039,160898,15546,611,424.44694,20659.834167067,202011,226819,279691,369599,18044,559433,704809,36229,17523.4774158,3894463,67,58.16,68.29,102.28,NA
2020-2021,Sep,31,UTTAR PRADESH,3109,BIJNOR,2542367,187.605271350812,18,333,1792.18689624201,1453,0,16140,2829787,1181491,128260,9332,756,91.41307,7192.42954624201,149994,185314,186361,294460,280,270768,401973,17593,5308.82958,723897,20,68.54,80.46,104.15,NA
2020-2021,Sep,31,UTTAR PRADESH,3111,RAMPUR,2152376,195.140593904121,23,212,2757.33162944701,1512,0,8782,1989311,422520,35574,3198,216,100.4128,6739.697729447,86277,94769,118078,156993,81,207183,263574,10294,3881.9533,355804,24,60.15,66.21,100.21,NA
2020-2021,Sep,31,UTTAR PRADESH,3115,MEERUT,880514,182.713892406343,45,52,285.046911194,405,3,3581,1038630,447195,16868,4366,123,5.683,2188.451211894,22589,25824,30891,38749,530,65149,78968,3986,1897.7213007,347539,33,47.4,81.39,103.07,NA
2020-2021,Sep,31,UTTAR PRADESH,3117,BULANDSHAHR,708500,179.125040239755,17,51,65.546836025,464,6,7385,742425,154875,15825,837,60,7.484,1402.899916025,42699,46248,55301,70309,43,144029,178707,7849,1329.86908,154496,9,81.74,91.16,116.29,NA
2020-2021,Sep,31,UTTAR PRADESH,3120,AGRA,2511312,186.317544325179,32,173,1196.857302421,1156,0,6704,2888990,935562,54489,21158,1190,80.83776,6660.390286221,88713,110282,111662,166623,599,206766,285524,7860,5382.6952238,835457,19,89.62,93.58,100.97,NA
2020-2021,Sep,31,UTTAR PRADESH,3126,PILIBHIT,2792521,193.327308032284,22,447,2957.409768704,3626,0,13530,2840699,528734,53336,7303,606,94.59018,8543.846854704,126099,153363,168918,273203,203,311626,448570,17156,5491.846906,487827,38,64.61,70.53,100.48,NA
2020-2021,Sep,31,UTTAR PRADESH,3135,ETAWAH,2577995,180.700614115796,33,96,1334.933937502,2666,0,14477,3123678,1110579,60371,4938,225,52.408,7031.847266502,91997,104132,116270,160839,1037,196291,254388,17143,5644.505329,615610,32,55.08,73.27,106.17,NA
2020-2021,Sep,31,UTTAR PRADESH,3137,KANPUR NAGAR,1274555,184.968954997246,28,139,302.715446282,797,0,8306,1503508,596122,56018,25093,2363,36.13638,3119.874862182,52374,63484,76773,137767,193,221453,332535,9103,2781.0230359,263651,28,61.94,78.13,102.02,NA
2020-2021,Sep,31,UTTAR PRADESH,3139,JHANSI,3573669,185.906286830287,47,253,2194.30789228801,3041,0,12177,3930359,1376431,91913,34748,2044,93.39992,9594.49228828801,82261,121822,125587,252360,4023,218031,418119,15218,7306.784476,1461151,44,74.71,70.61,101.16,NA
2020-2021,Sep,31,UTTAR PRADESH,3147,GONDA,5151001,189.930084036911,34,212,2642.770469765,5979,162,23854,4587389,1015564,60480,9715,581,244.39093,11599.993182565,131723,141661,231357,281454,833,400752,474538,29833,8712.8317828,1463309,40,68.58,66.44,100.68,NA
2020-2021,Sep,31,UTTAR PRADESH,3149,AYODHYA,3408439,189.298551346891,30,194,2219.019854837,4662,3,15550,3756800,1474294,105102,6365,473,134.05011,9464.637941837,125053,146945,171204,272643,561,277622,408792,20212,7111.567977,1413930,43,68.67,61.96,101.93,NA
2020-2021,Sep,31,UTTAR PRADESH,3152,MAHARAJGANJ,5925730,190.977325070125,30,755,4369.865980154,4381,0,11822,6568232,1522129,112986,30079,2958,163.87585,17077.575608154,215562,266545,287819,490876,1179,401552,647824,16203,12543.833778,2544445,46,65.88,71.17,100.04,NA
2020-2021,Sep,31,UTTAR PRADESH,3157,AZAMGARH,6474639,191.057897788611,28,332,5684.039517054,10425,0,23833,7051993,2843615,169106,17863,888,261.75208,19419.181175054,244294,265756,347450,427822,592,651226,766152,34258,13473.389578,2775919,43,74.72,76.61,101.42,NA
2020-2021,Sep,31,UTTAR PRADESH,3168,KANNAUJ,1614889,178.087047441716,27,194,1082.667199689,2659,0,15670,1963504,661759,58889,734,65,55.448,4634.861499689,70930,79923,105679,156403,384,183502,249037,18329,3496.7463,311957,36,75.3,80.16,105.08,NA
2020-2021,Sep,31,UTTAR PRADESH,3173,SANT RAVIDAS NAGAR,1570025,192.6569256905,28,57,636.752037464,993,1,13232,1720601,694536,63027,6010,514,84.38221,4035.991237464,60838,78196,83821,150424,334,177116,289844,14225,3314.85699,681945,46,87.66,84.97,101.02,NA
2020-2021,Sep,31,UTTAR PRADESH,3178,AMBEDKAR NAGAR,2809357,185.589547799861,24,99,2087.066208712,2750,1,12830,2782529,1091314,118720,5531,686,134.7967,7385.945897212,113115,130717,174806,285560,217,323392,481409,15580,5164.0829885,1017766,42,71.81,66.2,101.18,NA
2020-2021,July,31,UTTAR PRADESH,3114,MUZAFFARNAGAR,474772,175.465563700427,25,22,295.15179101,1293,0,3361,557406,178398,14545,1133,95,1.792,1274.99937101,21914,23113,38306,45420,21,100955,121752,4654,978.05558,144363,12,67.96,87.25,101.84,NA
2020-2021,July,31,UTTAR PRADESH,3115,MEERUT,380846,157.630767819885,37,46,284.997911194,187,3,2722,705504,316549,16513,1855,103,5.683,1402.772283394,18760,21363,29407,37083,38,62426,75859,2909,1112.0913722,236978,23,44.59,87.1,102.1,NA
2020-2021,July,31,UTTAR PRADESH,3116,GHAZIABAD,0,194.575906576521,16,0,0.2358613,0,161,17,1627,151,33,0,0,0,3.4016113,99,100,158,269,0,17848,26114,17,3.16575,416,17,73.78,81.69,100,NA
2020-2021,July,31,UTTAR PRADESH,3135,ETAWAH,1300029,167.766966499788,26,85,1080.134200044,1108,0,14795,2178434,792565,60006,3880,225,38.128,4772.954839044,81628,91477,114523,158934,118,191924,249536,15903,3654.692639,420015,32,62.47,84.51,102.5,NA
2020-2021,July,31,UTTAR PRADESH,3136,KANPUR DEHAT,1558974,185.39353020073,26,243,1086.707633186,801,1,15041,2236734,805735,72515,13442,1249,38.252,5271.719756986,83466,99642,116059,190106,93,257609,380236,15842,4146.7601238,505868,39,74.72,87.22,101.94,NA
2020-2021,July,31,UTTAR PRADESH,3141,HAMIRPUR,2131142,182.096798171376,35,113,1656.797748238,1571,0,12955,2705860,629217,59908,1211,116,38.572,6622.654171238,76081,114441,120370,232546,767,200370,369755,14526,4927.284423,1105794,45,72.93,92.34,100.71,NA
2020-2021,July,31,UTTAR PRADESH,3152,MAHARAJGANJ,4891842,190.563483952745,26,725,4286.324543722,2648,0,12444,5435665,1269903,112791,26328,2946,54.27793,14698.995073722,204392,251758,286168,488866,321,397735,643016,15092,10358.3926,2136587,46,76.55,83.33,100,NA
2020-2021,July,31,UTTAR PRADESH,3153,BASTI,5482786,186.904182852512,30,217,6009.75625622,6752,12,28345,6238733,1407371,105561,3105,235,54.06,17724.26919022,207470,241388,312828,452469,200,484554,672401,35097,11660.452934,2696508,37,91.82,91.49,100.3,NA
2020-2021,July,31,UTTAR PRADESH,3164,GAUTAM BUDDHA NAGAR,9086,159.692709399959,16,0,0,0,101,177,9766,3821,625,86,19,0,15.59559,588,663,1407,1805,0,16653,19206,177,15.59559,1707,12,6.05,64.95,108.69,NA
2020-2021,July,31,UTTAR PRADESH,3169,AURAIYA,1118362,177.097105402574,22,75,453.16017063,375,0,7661,1343952,617402,59482,6589,586,15.412,2848.67226063,59727,67438,88883,128160,27,154282,210675,8036,2380.10009,300230,30,59.89,90.24,104.77,NA
2020-2021,July,31,UTTAR PRADESH,3172,KUSHI NAGAR,3869221,194.735276689437,22,315,3443.116973923,6101,1,27381,2914477,841405,105775,4282,516,90.798,9209.429823923,128930,148294,230000,353268,31,469024,654674,33482,5675.51485,915217,35,82.68,83.71,101,NA
2020-2021,July,31,UTTAR PRADESH,3178,AMBEDKAR NAGAR,2366071,184.124762254721,21,91,1978.438612128,2491,1,11677,2209781,890028,118416,4186,684,24.31654,6071.509164728,103975,118942,172885,283271,42,312918,469693,14168,4068.7540126,834243,40,89.3,87.98,100.87,NA
2020-2021,Dec,31,UTTAR PRADESH,3109,BIJNOR,3655281,192.12981152654,23,354,2027.81945851201,3128,0,17710,3711504,1531082,129006,11017,769,222.27411,9380.99920851201,159203,198769,188369,296770,1507,274865,406767,20838,7130.90564,943677,24,65.37,69.01,104.51,NA
2020-2021,Dec,31,UTTAR PRADESH,3110,MORADABAD,2528599,189.971262011146,35,210,763.411992864001,2434,63,9114,3126367,711404,40325,2590,100,120.29608,6822.906917864,87616,103850,115744,175425,3557,207605,290573,11548,5939.198845,809505,30,78.26,79.01,101.75,NA
2020-2021,Dec,31,UTTAR PRADESH,3112,SAHARANPUR,1938582,192.56582790738,25,173,413.815203075,1364,0,13395,2076440,936998,70994,4521,315,133.47742,4545.806500075,80516,97788,99730,149528,864,156557,220472,14759,3998.513877,676046,27,69.77,79.78,100.56,NA
2020-2021,Dec,31,UTTAR PRADESH,3131,UNNAO,4339596,196.450237052836,40,269,3602.878259122,12780,1,17596,5609298,1863641,96599,9485,608,346.69591,14969.053387122,137950,158673,196114,277000,6931,434587,558962,30376,11019.479218,1420796,53,68.09,67.85,100.24,NA
2020-2021,Dec,31,UTTAR PRADESH,3145,PRAYAGRAJ,7386575,192.489683477191,35,347,6590.508381207,9803,3,40926,7660459,3670918,221358,3862,250,416.39562,21752.497283207,214214,273536,283058,448620,3790,541489,788172,50729,14745.593282,2777916,62,57.17,57.79,102.48,NA
2020-2021,Dec,31,UTTAR PRADESH,3158,JAUNPUR,7256373,191.615155362172,45,278,6833.44561464699,15013,4,35501,9406730,3385268,136575,37574,1749,473.02077,25331.186688647,207843,220268,290179,349241,6416,604841,707622,50514,18024.720304,3930036,44,63.04,57.15,100.15,NA
2020-2021,Dec,31,UTTAR PRADESH,3163,SONBHADRA,4776328,193.262131435657,35,357,3901.239209134,8416,1,20863,5483337,1600062,154418,1657607,148762,189.66801,14688.121179134,155804,225970,208036,491126,4110,387236,825280,29279,10597.21396,2609885,61,56.91,55.02,100.87,NA
2020-2021,Dec,31,UTTAR PRADESH,3165,BAGHPAT,90977,184.828476596656,31,9,9.7427461,135,0,1092,112078,36470,2860,114,11,4.13379,221.0285961,3609,4179,6390,9199,21,34825,47773,1227,207.15206,28035,11,38.65,74.67,115.08,NA
2020-2021,Dec,31,UTTAR PRADESH,3171,CHANDAULI,5614759,194.793395852143,41,367,4766.454197744,6943,1,19329,4879918,1445383,96484,22020,1355,236.58176,14508.793944744,118287,169782,144317,292824,4614,276510,500758,26272,9505.757987,1579531,48,60.69,49.76,101.62,NA
2020-2021,Dec,31,UTTAR PRADESH,3172,KUSHI NAGAR,5434371,188.757251167974,35,362,5009.479927137,13503,1,30328,5560056,1558056,105807,8260,521,327.59349,15832.082286137,157454,184750,232166,355627,2891,478580,664898,43831,10495.008869,1716747,40,67.83,58.98,104.27,NA
2020-2021,Dec,31,UTTAR PRADESH,3173,SANT RAVIDAS NAGAR,2336970,192.200115145286,32,60,636.752037464,1754,1,16561,2119062,837089,63585,7997,515,166.96599,4876.557631464,64965,83995,85040,151799,1325,184441,297894,18315,4072.839604,836961,57,83.87,79.59,102.68,NA
2020-2021,Dec,31,UTTAR PRADESH,3174,SANT KABEER NAGAR,5739793,190.933394662545,41,154,8112.58543367599,8634,2,11684,6230310,1915758,103339,11405,589,236.15143,20244.479244676,150445,186345,199901,319914,3110,374120,547051,20318,11895.742381,2679520,51,63.55,51.82,102.5,NA
2020-2021,Dec,31,UTTAR PRADESH,3177,CHITRAKOOT,4317642,195.953601985959,43,96,2714.150783397,4386,0,16900,4045199,1738096,97588,797,36,136.22184,10777.085771397,92933,144892,112951,223249,6518,165000,305013,21286,7926.713148,1712509,56,51.12,57.79,101.06,NA
2020-2021,Dec,31,UTTAR PRADESH,3180,KASHGANJ,2561821,193.92196049697,39,195,2814.023850954,4770,0,5607,2711792,515044,28504,1663,70,143.40678,8216.190841954,68825,86964,81932,140273,3231,151916,231628,10377,5258.760211,734228,21,67.27,73.13,101.54,NA
2020-2021,Dec,31,UTTAR PRADESH,3181,AMETHI,5201010,192.857614507644,43,131,3151.85710868399,8427,0,27050,5035690,1380085,72123,14337,759,222.12092,13085.689636684,114732,152618,158205,255996,3460,296050,432106,35477,9711.711608,1668107,56,56.78,58.65,104.9,NA
2020-2021,Dec,31,UTTAR PRADESH,3182,HAPUR,210063,198.491784411447,29,17,1.9321,709,0,742,194630,85305,4644,16,6,0.56,388.81666,6601,7255,10457,11818,70,17543,19843,1451,386.32456,61111,38,49.03,78.12,100.27,NA
2020-2021,Dec,31,UTTAR PRADESH,3183,SHAMLI,329297,187.99500058399,36,7,45.842878925,335,0,3286,436651,65399,3709,262,34,13.57504,880.299968925,12094,13171,22825,27457,197,51378,60644,3621,820.88205,97332,19,61.15,80.28,103.13,NA
2020-2021,July,31,UTTAR PRADESH,3117,BULANDSHAHR,176821,159.278903918571,14,50,64.269115855,421,23,6765,557933,119664,15715,501,56,6.14,959.078682855,38317,41358,54205,69065,5,141204,175675,7186,888.669567,117698,8,85.94,94.52,112.13,NA
2020-2021,July,31,UTTAR PRADESH,3119,MATHURA,1042694,166.046680703979,29,63,768.687708289,343,16,16869,1870966,605685,50607,5624,455,20.864,3896.228648389,64436,86090,91703,150774,124,172390,274650,17212,3106.6769401,621415,16,86.76,90.7,104.74,NA
2020-2021,July,31,UTTAR PRADESH,3121,FIROZABAD,1484090,172.365964894023,24,98,696.082486376999,651,1,6411,1518203,616567,47036,1497,229,20.71037,3333.658106377,61494,68416,96860,125011,26,188815,236139,7062,2616.86525,451071,20,82.83,84.61,101.64,NA
2020-2021,July,31,UTTAR PRADESH,3123,MAINPURI,1786002,168.685329193343,30,132,988.26342396,1087,8,13947,2246704,711498,51655,3801,277,58.7,4836.82346236,74615,85421,115184,165467,173,191230,262086,15034,3789.8600384,519170,31,78.38,83.31,106.58,NA
2020-2021,July,31,UTTAR PRADESH,3126,PILIBHIT,2186464,182.650400144134,20,439,2631.960265093,1901,0,13967,2492127,467368,54203,6287,613,65.38218,7249.222382693,121326,147038,170226,277815,103,320051,461718,15868,4551.8799376,437783,39,72.35,80.12,100.17,NA
2020-2021,July,31,UTTAR PRADESH,3127,SHAHJAHANPUR,2825475,184.11791414146,19,302,1862.638794719,1842,5,12516,2526691,733576,90204,1997,188,85.516,6600.245560719,126492,146717,191836,302866,138,371240,528219,14358,4652.090766,344191,34,67.7,73.46,106.1,NA
2020-2021,July,31,UTTAR PRADESH,3132,LUCKNOW,1101831,187.70947374352,24,102,1042.245824109,1850,6,8924,1295623,854855,95504,2982,374,37.2443,3511.497239109,51970,62100,81497,143612,49,206106,313118,10774,2432.007115,310025,26,69.32,78.19,100.77,NA
2020-2021,July,31,UTTAR PRADESH,3137,KANPUR NAGAR,1001947,180.697771805659,22,122,286.681790669,654,0,7744,1070158,430100,55718,17929,2364,20.92035,2241.353801469,47376,56966,75957,136769,19,218252,328724,8398,1933.7516608,198118,25,66.31,84.44,102.24,NA
2020-2021,July,31,UTTAR PRADESH,3143,FATEHPUR,3205004,175.893544051402,30,197,3025.828144493,4790,1,16073,3426917,1477163,116037,1345,93,57.192,9110.745907493,111840,128024,186720,265633,288,347004,459944,20863,6027.725763,1186747,32,86.08,91.63,99.93,NA
2020-2021,July,31,UTTAR PRADESH,3154,GORAKHPUR,3489300,187.999956452933,25,159,1248.517144559,1840,5,14456,3690260,1015185,88012,9909,861,34.00903,8220.213367559,146899,161741,221059,307344,84,456874,587871,16296,6937.687193,1429278,39,81.98,84.67,99.04,NA
2020-2021,July,31,UTTAR PRADESH,3158,JAUNPUR,4499821,174.269521341269,29,226,2071.743856402,6603,8,26891,5077041,1885419,132739,22425,1714,116.05052,11035.529425402,170169,179745,279863,338366,75,564361,665208,33494,8847.735049,2097522,36,79.76,82.59,100.01,NA
2020-2021,July,31,UTTAR PRADESH,3160,GHAZIPUR,3286856,174.176504673125,28,229,1686.102932816,3630,1,23029,5412438,1407590,106814,35141,2541,55.78256,11169.080818816,192935,228816,253556,387813,345,459638,665398,26659,9427.195326,1964696,37,76.85,77.72,108.41,NA
2020-2021,July,31,UTTAR PRADESH,3161,VARANASI,1098158,180.870821827602,19,155,726.133727569,4052,30,10728,1476076,552364,66856,5354,795,68.75843,3464.682949569,74608,97013,99135,179418,30,184253,290055,14780,2669.790792,635300,41,46.32,53.45,102.28,NA
2020-2021,July,31,UTTAR PRADESH,3162,MIRZAPUR,2541619,188.395697692136,31,161,1904.465984905,3613,1,18910,4390597,1906529,154805,42205,3626,60.144,10236.305835905,141199,197418,195145,346100,263,364827,591970,22523,8271.695851,1896649,52,83.6,84.64,101.17,NA
2020-2021,July,31,UTTAR PRADESH,3171,CHANDAULI,2299932,187.111577526114,32,340,2395.022515206,2650,1,17663,3575047,1094458,96288,16342,1371,59.548,9143.897354206,109012,153011,142991,292259,597,269884,493427,20313,6689.326839,1211175,42,72.35,70.27,100.87,NA
2020-2021,July,31,UTTAR PRADESH,3176,SHRAVASTI,1563245,187.397160430496,27,159,673.052454216,2981,0,8435,1563406,519093,50172,8795,1128,8.39648,3611.227384216,57394,70597,88101,156790,88,152451,244714,11416,2929.77845,466094,35,83.86,88.64,101.15,NA
2020-2021,July,31,UTTAR PRADESH,3182,HAPUR,94685,176.761918272451,23,16,1.9321,279,0,740,126885,58102,4384,16,6,0,226.21646,5455,6021,9728,11055,4,16345,18545,1019,224.28436,38759,23,43.96,80.26,100.18,NA
2020-2021,Nov,31,UTTAR PRADESH,3117,BULANDSHAHR,943739,188.495448210304,19,51,65.546836025,526,5,7596,871042,181719,15838,876,59,8.604,1716.025358025,44421,48184,55383,70365,70,144202,178861,8122,1641.874522,175634,9,75.98,84.92,117.94,NA
2020-2021,Nov,31,UTTAR PRADESH,3120,AGRA,3326258,193.155777957328,36,180,1355.187539263,1689,0,6538,3350338,1071640,54678,24178,1197,148.30093,7974.859897363,91914,114615,112289,167611,1525,208598,288402,8227,6471.3714281,976083,20,81.47,84.08,101.66,NA
2020-2021,Nov,31,UTTAR PRADESH,3123,MAINPURI,3415973,190.338939720907,39,147,1366.948594372,2556,8,13577,3384175,1060331,52187,5823,288,167.27986,7975.631267672,84898,98018,118421,168970,1367,199514,271262,16133,6441.4028133,760279,31,69.61,70.7,110.65,NA
2020-2021,Nov,31,UTTAR PRADESH,3127,SHAHJAHANPUR,3954799,191.507004370997,27,339,2548.886165728,3984,4,12781,3863192,1115149,90827,2927,188,257.10435,10204.273788028,141285,165617,195200,306902,1300,386638,545648,16765,7398.2832723,527130,33,56.69,61.85,106.94,NA
2020-2021,Nov,31,UTTAR PRADESH,3128,KHERI,7886825,193.395080752718,35,797,4574.515657163,12203,0,30142,8606150,3022747,188800,98166,8300,355.24284,21573.629239363,239071,291695,330571,525472,4794,653227,923014,42345,16643.8707422,1897146,54,73.67,70.9,101.86,NA
2020-2021,Nov,31,UTTAR PRADESH,3138,JALAUN,5621246,192.898139214355,48,467,5143.664930465,5216,0,24213,6299178,2047465,119462,8363,506,220.47491,17515.136988265,130247,199373,166262,351626,3618,250958,491529,29429,12150.9971478,2181607,52,72.32,70.86,103.24,NA
2020-2021,Nov,31,UTTAR PRADESH,3141,HAMIRPUR,3956859,192.928838161557,46,148,3034.623795351,2838,0,13021,4258191,938718,60179,1826,119,128.50432,11378.406538351,91601,140080,122235,235877,5005,204538,376531,15859,8215.278423,1701504,46,65.37,79.01,101.36,NA
2020-2021,Nov,31,UTTAR PRADESH,3144,PRATAPGARH,6711951,192.928010099553,41,80,2495.608429155,4796,14,16444,7436171,3347875,161118,11059,604,313.26954,17155.334707055,179061,198142,279773,370288,5346,557198,703177,21240,14346.4567379,3062896,46,59.34,74.99,101.44,NA
2020-2021,Nov,31,UTTAR PRADESH,3145,PRAYAGRAJ,6717496,193.535183612266,34,331,6590.508381207,6816,3,30960,7135825,3433217,220930,3498,237,397.05586,20797.896257207,208957,266348,282345,447807,2319,539297,785579,37776,13810.332016,2573156,50,59.3,60.42,102.26,NA
2020-2021,Nov,31,UTTAR PRADESH,3146,BAHRAICH,6465023,194.469695781101,40,200,11319.101395765,10392,0,18160,7110505,1233860,82683,60098,3761,379.86758,25526.746417765,175910,214502,291791,448890,6014,640995,862926,28552,13827.777442,2409329,71,51.25,53.05,100.14,NA
2020-2021,Nov,31,UTTAR PRADESH,3148,BARABANKI,5011313,189.112774891457,40,144,5648.77136248,4459,1,17992,5758773,2339097,145082,3712,194,330.25397,16869.60075248,142797,172836,221896,354968,4956,511353,721458,22451,10890.57542,1529477,37,50.21,56.78,99.95,NA
2020-2021,Nov,31,UTTAR PRADESH,3160,GHAZIPUR,7306109,193.652796653091,33,245,3016.39910138,6735,1,26303,7131596,1802910,107314,45760,2550,359.83233,17186.76653138,210242,251061,255664,390067,2045,477830,685089,33038,13810.5351,2559912,45,69.96,61.6,109.32,NA
2020-2021,Nov,31,UTTAR PRADESH,3161,VARANASI,2198092,192.28896904598,27,171,1560.871892105,5985,26,12077,2228402,816826,67405,8727,845,169.75788,6015.601004105,81367,107408,100884,181707,433,196657,304815,18062,4284.971232,923059,48,39.88,42.96,102.84,NA
2020-2021,Nov,31,UTTAR PRADESH,3163,SONBHADRA,4561415,194.596923877647,33,340,3901.239209134,6889,1,16089,5087704,1505036,154372,1517940,148558,171.98172,13973.736409134,151635,218920,207764,490739,2354,386360,824048,22978,9900.51548,2418579,52,57.57,55.63,100.74,NA
2020-2021,Nov,31,UTTAR PRADESH,3164,GAUTAM BUDDHA NAGAR,17981,194.235472351477,26,0,0,23,99,194,18482,7379,627,159,19,0,35.8986,693,788,1431,1829,0,16744,19321,217,35.8986,3438,21,18.17,58.35,113.01,NA
2020-2021,Nov,31,UTTAR PRADESH,3170,KAUSHAMBI,2845740,193.758449249231,34,160,2971.139044612,5041,22,14371,2775288,1327830,100149,984,95,123.43156,8471.925595612,80214,106527,109201,194132,1384,256184,395751,19412,5377.354991,1108353,66,62.83,56.65,100.9,NA
2020-2021,Nov,31,UTTAR PRADESH,3175,BALRAMPUR,4120156,188.329648168021,43,135,3411.495199913,3100,0,16117,4696560,822541,37004,71368,3624,270.29625,12526.806373913,107981,121793,145322,199861,2336,239693,314500,19217,8845.014924,1515223,39,68.15,67.26,100.58,NA
2020-2021,Nov,31,UTTAR PRADESH,3178,AMBEDKAR NAGAR,3311775,186.011559257187,28,105,4604.296450189,2941,1,18446,3495036,1346007,119107,7231,690,261.59851,11367.065920389,122130,142891,176740,287904,584,331394,490553,21387,6501.1709602,1267793,56,62.3,55.47,101.7,NA
2020-2021,Nov,31,UTTAR PRADESH,3182,HAPUR,190457,198.171903765361,29,17,1.9321,629,0,778,190659,84268,4618,16,6,0.56,380.32467,6531,7184,10376,11735,56,17374,19669,1407,377.83257,60006,36,47.63,78.4,100.28,NA
2020-2021,Nov,31,UTTAR PRADESH,3184,SAMBHAL,2522510,191.705199956362,32,246,1311.610266124,2603,114,10022,2566560,804108,52707,1132,62,168.91608,6400.755326124,79406,92436,114120,161056,1099,201035,265411,12625,4920.22898,601302,18,42.15,44.48,99.96,NA
2020-2021,Oct,31,UTTAR PRADESH,3120,AGRA,3018832,190.761806629527,34,175,1196.857302421,1564,0,6504,3143965,1012747,54641,23000,1194,120.37649,7314.718226221,90428,112587,112084,167311,1033,208104,287730,8068,5997.4844338,913673,20,86.65,90.18,101.37,NA
2020-2021,Oct,31,UTTAR PRADESH,3124,BUDAUN,4261895,188.81227268314,32,497,953.014657343997,3138,1,17643,3852002,723950,49904,3411,182,181.51076,8407.577937344,119349,130475,172014,230691,1179,308267,396983,20781,7273.05252,713813,29,83.88,87.56,100.26,NA
2020-2021,Oct,31,UTTAR PRADESH,3129,SITAPUR,8565455,191.47073561235,36,637,8490.69048205499,19859,1,39999,8940932,3447971,331813,14120,1150,330.68911,25940.647863055,246942,322669,420482,797870,5766,794713,1316367,59858,17119.268271,2399713,64,64.61,59.15,101.94,NA
2020-2021,Oct,31,UTTAR PRADESH,3137,KANPUR NAGAR,1380572,192.613745638868,30,150,302.715446282,846,0,8539,1647508,650476,56075,26986,2367,40.59846,3516.640774782,53553,65043,77000,138016,362,222145,333330,9385,3173.3268685,285037,29,59.67,72.22,102.12,NA
2020-2021,Oct,31,UTTAR PRADESH,3140,LALITPUR,3974496,190.203891938388,41,148,1807.184989909,1219,0,7647,4023612,955568,62463,295292,18946,137.10954,9597.361150409,97523,141731,134182,255532,3117,201385,364944,8866,7653.0666205,1549582,43,78.57,81.78,102.81,NA
2020-2021,Oct,31,UTTAR PRADESH,3143,FATEHPUR,4434131,192.003473111419,38,218,4349.49561096,7548,1,17432,4831921,2028980,117691,2424,119,166.54088,13793.49262896,127107,146327,190291,269896,2299,371264,486652,24980,9277.456138,1647282,36,73.41,78.11,100.08,NA
2020-2021,Oct,31,UTTAR PRADESH,3144,PRATAPGARH,6244089,192.51337143127,39,79,2396.690640835,4675,14,14486,6946483,3157982,161092,10189,605,175.08672,15944.685980035,175105,193094,279511,370044,4001,554736,700480,19161,13372.9086192,2858240,41,60.53,76.72,101.26,NA
2020-2021,Oct,31,UTTAR PRADESH,3146,BAHRAICH,6390237,194.772947612889,38,195,9108.182980057,10077,0,16203,6549130,1144658,82815,54022,3769,314.10004,22178.216564057,170776,207838,292160,449370,4560,639079,860946,26280,12755.933544,2208827,69,51.45,53.19,100.15,NA
2020-2021,Oct,31,UTTAR PRADESH,3147,GONDA,5403700,190.20326649068,37,231,3896.371478254,6802,162,24556,5107218,1130616,62392,11038,617,319.45895,13929.925891054,136840,147475,236747,287850,1445,424432,501690,31358,9714.0954628,1639882,41,64.4,61.29,100.73,NA
2020-2021,Oct,31,UTTAR PRADESH,3149,AYODHYA,3705986,192.264212314789,32,201,3809.18103701,5140,3,16235,4152909,1623934,105442,7131,477,197.10387,11990.84268401,127921,151039,172099,273760,1127,280234,411945,21375,7984.557777,1550600,45,66.49,57.52,101.85,NA
2020-2021,Oct,31,UTTAR PRADESH,3154,GORAKHPUR,4827453,191.58291724817,29,172,2613.602770077,2757,4,17751,4671800,1284665,89241,12356,876,206.71164,11770.685138077,156654,173092,224690,311574,562,477109,610237,20508,8950.370728,1773067,46,68.18,65.41,99.6,NA
2020-2021,Oct,31,UTTAR PRADESH,3155,DEORIA,3727104,191.019176852003,33,104,1328.211435771,4323,1,13295,3584483,922527,53749,100481,5665,256.3019,8431.563256771,106218,112688,164623,203584,442,302803,361758,17618,6847.049921,1158534,33,79.64,80.15,100.19,NA
2020-2021,Oct,31,UTTAR PRADESH,3162,MIRZAPUR,5688463,194.404854783374,36,172,4348.56985418299,6493,1,21197,5638645,2411274,155801,56204,3699,118.95488,15429.324358183,153420,215730,198754,350954,1292,379553,610300,27690,10961.799624,2381665,57,75.66,60.54,101.74,NA
2020-2021,Oct,31,UTTAR PRADESH,3163,SONBHADRA,4360349,193.176887240475,32,333,3474.20451086,6163,2,16450,4806237,1442160,154280,1411471,148409,131.11628,12889.85982086,149111,214616,207482,490314,1958,385339,822671,22613,9284.53903,2287906,52,58.92,56.98,100.62,NA
2020-2021,Oct,31,UTTAR PRADESH,3170,KAUSHAMBI,2558836,195.24957351219,32,157,2424.435763033,4568,22,13194,2583075,1244537,100217,873,94,45.664,7513.542684033,78581,103979,109037,193938,777,255768,395276,17762,5043.442921,1032404,63,65.67,59.53,100.92,NA
2020-2021,Feb,31,UTTAR PRADESH,3120,AGRA,4189276,196.096037647323,39,189,1505.665196914,2693,0,8546,3859876,1224535,54735,27730,1195,177.6419,9252.370991014,96541,121053,112585,167973,6115,210186,290508,11239,7569.0638941,1142979,40,65.59,65.68,101.71,NA
2020-2021,Feb,31,UTTAR PRADESH,3124,BUDAUN,4578625,194.254140406164,38,537,1191.699229954,6693,0,15082,4919143,930668,50072,4775,187,443.27636,11190.614539954,128707,141716,173046,231687,7944,311208,399972,21775,9555.63895,952433,30,77.12,79.17,100.5,NA
2020-2021,Feb,31,UTTAR PRADESH,3126,PILIBHIT,3654707,193.312104114232,27,465,3194.347304234,9152,0,16648,3776525,713220,53316,9505,609,273.84247,10768.669714134,136474,169252,168977,272754,3328,315652,453025,25800,7300.4799399,651624,53,59.4,61.72,102.09,NA
2020-2021,Feb,31,UTTAR PRADESH,3139,JHANSI,4763109,193.904102628915,54,309,4463.35257795101,7024,0,15778,5174682,1791893,92154,48293,2071,281.6319,14778.905173951,94281,141569,126341,253197,14801,221977,423355,22802,10033.920696,1893491,59,60.74,53.68,102.28,NA
2020-2021,Feb,31,UTTAR PRADESH,3149,AYODHYA,5456446,191.490040841999,41,234,4582.951884935,8397,3,22076,5949268,2328746,105944,10272,480,376.75605,16351.963657935,142358,171508,173434,275297,9540,283069,415272,30473,11392.255723,2289888,58,66.65,55.83,102.24,NA
2020-2021,Feb,31,UTTAR PRADESH,3152,MAHARAJGANJ,8819452,194.033016735901,42,862,7192.71418883,5522,0,19057,10239186,2299159,113174,44276,2973,460.87161,27520.98728383,243345,307123,290469,493635,13931,408934,656159,24579,19867.401485,4038655,59,54.46,56.29,101.03,NA
2020-2021,Feb,31,UTTAR PRADESH,3155,DEORIA,4513908,195.552004619479,39,127,1748.121953264,6350,1,18411,4849898,1237620,53591,136873,5682,503.46116,11735.655874264,122338,131125,164710,203532,6022,303512,362321,24761,9484.072761,1622468,50,71.52,68.71,100.21,NA
2020-2021,Feb,31,UTTAR PRADESH,3160,GHAZIPUR,8852822,195.164721172185,37,263,3160.04061138,10905,1,36893,8141512,2080893,107339,51809,2559,497.8022,19547.20200538,220025,264713,255845,390185,8421,484098,691950,47798,15889.359194,2972582,61,67.67,56.15,110.01,NA
2020-2021,Feb,31,UTTAR PRADESH,3167,AMROHA,2774353,196.125395387572,36,179,1246.317422687,5289,0,7004,3218045,848200,54431,1604,79,222.00794,7779.728842687,89174,115110,116159,193429,6449,172572,271197,12293,6311.40348,712627,23,77.44,71.69,103.27,NA
2020-2021,Feb,31,UTTAR PRADESH,3172,KUSHI NAGAR,5747701,193.73220873123,39,398,5340.807578037,18567,1,27776,6666506,1862376,105833,9761,521,419.89683,18675.873727037,167054,198481,232324,355758,9221,478789,665098,46343,12915.169319,2105200,41,65.98,56.91,104.39,NA
2020-2021,Feb,31,UTTAR PRADESH,3174,SANT KABEER NAGAR,6183006,192.555142908534,43,163,8502.56064367599,9944,0,12119,6982858,2155418,103273,12787,589,326.57623,22274.989074676,159196,197627,200275,320101,7747,375074,547887,22063,13445.852201,3080504,53,62.22,48.3,102.88,NA
2020-2021,Feb,31,UTTAR PRADESH,3177,CHITRAKOOT,5006256,196.174302704138,47,100,2789.506943397,6679,0,18350,4616369,1977291,97630,876,36,166.9448,12012.581439397,97338,152632,113187,223518,12271,165444,305592,25029,9056.129696,1957081,62,51.01,56.49,100.98,NA
2020-2021,Feb,31,UTTAR PRADESH,3184,SAMBHAL,2866722,193.995864862771,37,288,1367.265796124,5428,114,10942,3252516,1022650,52932,1544,63,260.52385,7937.536190124,87376,102960,114831,161856,5958,203176,267759,16370,6309.746544,799043,34,44.66,45.28,100.05,NA
2020-2021,Jan,31,UTTAR PRADESH,3123,MAINPURI,4089280,190.455352723514,44,155,1366.948594372,2870,8,14907,4006736,1253365,52551,6662,289,195.4813,9193.473075872,90725,105216,119817,170338,5029,203090,275051,17777,7631.0431815,899435,35,66.74,65,111.46,NA
2020-2021,Jan,31,UTTAR PRADESH,3125,BAREILLY,3923431,194.758219810062,26,618,2381.969490814,8820,0,16135,4385004,963114,71499,2242,198,391.20503,11313.330249814,168221,207488,198400,311186,3164,320647,460781,24955,8540.155729,823613,36,60.6,61.81,101.67,NA
2020-2021,Jan,31,UTTAR PRADESH,3127,SHAHJAHANPUR,4199493,195.879533782967,30,353,2548.886165728,6434,4,11973,4440507,1279623,90907,3329,188,322.17224,11569.102814928,146551,172698,195951,307780,3926,390897,550352,18407,8698.0444092,612918,37,53.72,58.41,106.88,NA
2020-2021,Jan,31,UTTAR PRADESH,3131,UNNAO,5760617,197.065534280978,42,275,3602.878259122,13831,1,18764,5975938,1987859,96657,9995,608,375.13268,15754.525087122,140738,162510,196310,277230,10846,435456,560005,32595,11776.514148,1526927,55,67.82,67.24,100.27,NA
2020-2021,Jan,31,UTTAR PRADESH,3140,LALITPUR,4303824,196.015052907894,45,159,1814.739429909,2111,0,10329,4606874,1102430,62091,340506,18821,186.87414,11031.780078409,102318,149649,133714,253433,10351,202297,364144,12440,9030.1665085,1754838,58,68.02,70.26,103.42,NA
2020-2021,Jan,31,UTTAR PRADESH,3141,HAMIRPUR,5032015,196.362288697775,49,151,3034.623795351,3495,0,14401,4762018,1030106,60068,2001,121,160.22524,12545.656568351,95712,147387,121410,234210,8707,203906,375137,17896,9350.807533,1891104,52,62.59,74.92,101.8,NA
2020-2021,Jan,31,UTTAR PRADESH,3143,FATEHPUR,5901575,195.104424750419,42,254,4471.888367189,8863,0,29777,5807740,2426512,117719,2760,119,327.89556,16130.941645189,136344,158141,190727,270211,8387,374360,489675,38640,11331.157718,2023442,56,69.15,72.23,100.65,NA
2020-2021,Jan,31,UTTAR PRADESH,3149,AYODHYA,5178082,191.588386731458,39,226,4382.002924935,6548,3,21651,5448225,2125786,105897,9576,478,348.29195,15168.461257935,137412,164699,173306,275151,7413,282710,414844,28199,10438.166383,2057147,55,66.02,56.07,101.91,NA
2020-2021,Jan,31,UTTAR PRADESH,3151,SIDDHARTH NAGAR,10299071,190.843940117591,43,204,12382.313104535,5431,0,29817,10625825,2076548,84807,14892,444,570.35196,33231.408164535,244151,271760,318709,411700,11412,485761,605646,35248,20278.7431,5135959,48,60.11,51.83,100.61,NA
2020-2021,Jan,31,UTTAR PRADESH,3160,GHAZIPUR,8401190,196.446785149846,36,255,3016.39910138,8619,1,34570,7778263,1957440,107316,49669,2558,444.85207,18741.39877538,215640,258372,255803,390140,6007,483309,691029,43189,15280.147604,2804304,57,67.74,57.68,109.94,NA
2020-2021,Jan,31,UTTAR PRADESH,3166,HATHRAS,1983892,194.657846130197,30,56,324.497305179,1134,0,5000,1665356,495665,25467,1803,88,134.09242,3700.335845179,53769,63442,60115,89160,2060,97009,135398,6134,3241.74612,223019,20,79.66,82.86,101.38,NA
2020-2021,Jan,31,UTTAR PRADESH,3179,MAHOBA,1861371,193.269076381462,40,55,584.619106924999,1964,1,12121,1896324,552384,50932,2444,231,92.37294,4341.999926925,46860,79960,62555,169441,3717,120006,293166,14085,3665.00788,715145,63,83.81,78.19,102.69,NA
2020-2021,Jan,31,UTTAR PRADESH,3180,KASHGANJ,2799042,194.953529593689,41,201,2814.023850954,5014,6,5822,2932703,557188,28528,1792,70,153.21734,8684.649201954,70271,88982,82057,140381,5996,152158,231878,10836,5717.408011,792355,21,64.88,70.42,101.47,NA
2020-2021,May,31,UTTAR PRADESH,3109,BIJNOR,411472,96.1846988885163,7,167,1043.361392196,244,74,11901,605407,269049,122810,1781,707,3.584,1629.254292196,78469,91383,172489,277297,0,244656,369959,12145,582.3089,160940,20,80.93,88.04,101.04,NA
2020-2021,May,31,UTTAR PRADESH,3115,MEERUT,97019,84.5292518557216,17,17,266.970886094,113,74,1730,174191,78462,15467,70,96,5.571,419.784235194,9951,10872,26886,34005,0,58876,71642,1843,147.2423491,59893,25,34.36,96.76,100.36,NA
2020-2021,May,31,UTTAR PRADESH,3118,ALIGARH,439648,118.015343388806,12,125,1359.46978689,184,43,9672,834040,252557,53435,1207,235,4.802,2348.56695689,67838,74682,137648,186481,0,236789,310424,9856,984.29517,187602,12,82.79,86.26,99.88,NA
2020-2021,May,31,UTTAR PRADESH,3127,SHAHJAHANPUR,719777,140.410974223579,12,209,1081.158184176,887,16,11255,1166570,348416,89984,787,177,1.756,2720.906486176,93029,105460,188168,299003,0,363714,520190,12142,1637.992302,155974,36,75.42,79.67,102.53,NA
2020-2021,May,31,UTTAR PRADESH,3134,FARRUKHABAD,276081,133.871766037487,14,67,634.678421801,343,0,8667,546002,81389,18223,502,146,2.808,1368.428941801,38294,40779,91158,119103,0,184271,228792,9010,730.94252,91920,35,86.02,84.46,100.4,NA
2020-2021,May,31,UTTAR PRADESH,3140,LALITPUR,729283,107.756853119289,21,92,1742.842153159,513,0,6497,1283722,319554,62452,100598,19078,0,3126.140583159,59152,81893,130857,253203,6,195046,359304,7010,1383.29843,517578,41,90.22,89.77,100.52,NA
2020-2021,May,31,UTTAR PRADESH,3153,BASTI,1396715,56.2203909389781,18,117,5574.415864596,1362,69,28316,2362824,576073,104263,1289,236,2.8,6905.604754596,127340,144808,304943,443355,0,470157,655912,29678,1328.38889,1029842,36,93.09,89.54,99.9,NA
2020-2021,May,31,UTTAR PRADESH,3159,BALLIA,679061,102.215439702613,17,103,1429.959673132,638,35,18185,1481706,242403,42923,32301,5479,16.814,2961.305976132,83851,93835,185024,262160,0,338301,449229,18823,1514.532303,534552,41,76.57,86.55,100.29,NA
2020-2021,May,31,UTTAR PRADESH,3163,SONBHADRA,740481,119.26051857095,16,196,1527.340102781,1846,15,15700,1476365,485645,153179,394222,146447,0.112,3288.172657781,90075,122253,203194,483989,2,370138,801435,17546,1760.720555,721755,52,81.36,73.47,100.01,NA
2020-2021,May,31,UTTAR PRADESH,3166,HATHRAS,167390,127.860078490578,12,44,133.065694473,137,7,3953,506048,147966,24107,427,86,2.618,782.717064473,38958,43607,57202,85574,0,91431,128520,4090,647.03337,59646,18,91.39,91.04,99.82,NA
2020-2021,April,31,UTTAR PRADESH,3110,MORADABAD,175731,91324.8636363636,11,0,478.226298137001,324,250,3766,22,0,37951,0,71,0.784,499.101768137001,2,3,104013,161360,0,183465,261901,4090,20.09147,7,23,54.05,20.01,100,NA
2020-2021,April,31,UTTAR PRADESH,3116,GHAZIABAD,0,0,0,0,0.2358613,0,161,10,0,0,33,0,0,0,0.2358613,0,0,152,263,0,17742,25998,10,0,0,20,0,0,0,NA
2020-2021,April,31,UTTAR PRADESH,3118,ALIGARH,193310,19.5116894391963,7,17,1030.77905736,31,374,8667,96754,30570,50019,98,189,2.058,1051.71539736,13317,14433,123286,169706,0,217897,288485,8698,18.87834,22711,12,49.37,63.03,99.9,NA
2020-2021,April,31,UTTAR PRADESH,3130,HARDOI,686186,69.4290835841297,9,20,2114.052382196,178,479,21452,166802,56637,158988,158,420,8.936,2238.797482196,17026,17669,290695,400697,0,608220,776282,21630,115.8091,32520,35,40.6,10.81,99.97,NA
2020-2021,April,31,UTTAR PRADESH,3134,FARRUKHABAD,121391,27.8042991425288,7,12,612.912047101,114,226,8136,67874,9897,16607,64,109,1.464,633.247937101,9437,9899,79550,106806,0,168034,211725,8250,18.87189,13921,37,64.73,59.42,100.09,NA
2020-2021,April,31,UTTAR PRADESH,3136,KANPUR DEHAT,174620,34.6213634389926,7,49,615.609942364,292,146,13072,78302,31521,69754,524,1161,3.888,646.607162364,10739,11558,103606,174906,0,240171,359270,13364,27.10922,17603,42,42.56,30.82,100.92,NA
2020-2021,April,31,UTTAR PRADESH,3149,AYODHYA,298878,19.617370290767,8,28,1083.563562723,36,314,11465,179594,77690,97806,223,421,13.37,1132.165182723,20541,21699,152541,248889,0,246608,370225,11501,35.23162,71000,35,47.53,23.77,100.2,NA
2020-2021,April,31,UTTAR PRADESH,3158,JAUNPUR,504024,50.1289778555657,12,7,1416.02862194,870,919,22779,172549,79495,123638,1057,1681,45.765,1548.29067194,13462,13946,252371,308918,0,510916,608794,23649,86.49705,77011,41,66.97,10.07,99.6,NA
2020-2021,April,31,UTTAR PRADESH,3164,GAUTAM BUDDHA NAGAR,1018,0,0,0,0,0,155,70,0,0,496,0,19,0,0,0,0,1175,1542,0,16299,18806,70,0,0,14,0,0,0,NA
2020-2021,April,31,UTTAR PRADESH,3170,KAUSHAMBI,160180,10.8584950769441,10,20,887.749348778,101,198,11424,102477,54616,99773,26,92,2.796,901.672808778,9433,10993,100065,183290,0,231220,367479,11525,11.12746,42245,63,27.25,29.25,99.64,NA
2020-2021,April,31,UTTAR PRADESH,3178,AMBEDKAR NAGAR,265023,22.3277402009168,10,13,1392.524012089,221,381,11196,165143,66096,115434,280,673,4.36054,1433.757252089,15521,16812,159124,266607,0,287195,439316,11417,36.8727,62056,39,62.35,50.8,99.89,NA
2020-2021,April,31,UTTAR PRADESH,3180,KASHGANJ,138436,12.6378734227719,8,37,1206.297496156,501,83,4405,100255,22040,26685,106,64,0.56,1219.527596156,12105,13577,69777,125915,0,135939,212882,4906,12.6701,28104,27,75.64,85.03,100,NA
2020-2021,March,31,UTTAR PRADESH,3112,SAHARANPUR,2403960,198.326526028839,29,187,1385.526560318,2576,0,14285,2542891,1110450,71114,5449,314,236.07628,6664.830221318,85815,104920,100121,149872,3739,157569,221541,16861,5043.227381,846035,34,66.45,76.3,100.83,NA
2020-2021,March,31,UTTAR PRADESH,3120,AGRA,4498551,199.632118594758,40,189,5161.23827106601,4060,0,7253,3946026,1249418,54714,28303,1195,343.60957,13382.383145166,96944,121671,112544,167919,7119,210077,290392,11313,7877.5353041,1169807,41,59.61,59.04,101.74,NA
2020-2021,March,31,UTTAR PRADESH,3131,UNNAO,6518439,200.468041587366,44,279,5683.43585536,15665,1,23378,6684434,2224977,96695,11191,608,560.7231,19644.31288636,150230,176596,196174,276934,16893,434925,559280,39043,13400.153931,1789594,62,68.91,65.05,100.24,NA
2020-2021,March,31,UTTAR PRADESH,3132,LUCKNOW,2521186,200.642104100317,40,129,3585.271140507,8823,3,6183,2629675,1711737,96058,6207,381,302.12628,9163.632671507,64273,79746,83079,145319,6215,210581,318512,15006,5276.235251,643335,38,60.21,59.32,101.66,NA
2020-2021,March,31,UTTAR PRADESH,3136,KANPUR DEHAT,4757902,199.791404521736,41,302,3012.541538611,5635,1,15997,4091172,1461012,72603,23466,1241,300.11383,11486.465368811,99341,120820,118034,191264,6299,265610,388254,21632,8173.8100002,943057,50,66.5,73.23,103.3,NA
2020-2021,March,31,UTTAR PRADESH,3137,KANPUR NAGAR,2083142,197.327645824006,37,168,1586.708573278,1540,0,11160,2217999,871240,55977,34812,2361,201.39642,6164.830204378,59192,73288,77315,137778,5415,223372,333957,12700,4376.7252111,413421,46,57.07,63.52,103.35,NA
2020-2021,March,31,UTTAR PRADESH,3146,BAHRAICH,10177142,200.85489973983,46,241,16256.823474628,12424,0,35709,9716720,1698026,81490,76083,3734,789.06378,36562.395468628,211144,259755,286858,440306,24935,639774,858411,48133,19516.508214,3488957,82,53.28,50.29,100.09,NA
2020-2021,March,31,UTTAR PRADESH,3151,SIDDHARTH NAGAR,11653937,197.621071470105,47,214,18824.49157571,7255,0,29591,12038600,2352809,84560,16196,444,810.6828,43425.98468571,255372,285814,318192,410726,23733,488465,608119,36846,23790.81031,5844190,49,60.49,52.61,100.76,NA
2020-2021,March,31,UTTAR PRADESH,3158,JAUNPUR,11198985,199.790288474869,48,294,13579.54582105,20058,4,46392,11078816,3985107,136713,44631,1749,842.74839,36556.69265705,229406,243495,290510,349489,20682,605981,708660,66450,22134.398446,4770600,54,61.75,54.03,100.25,NA
2020-2021,March,31,UTTAR PRADESH,3160,GHAZIPUR,9506386,200.220853389314,37,265,7922.17740264999,12855,1,35586,8279949,2121066,107303,52742,2559,636.16625,25136.52820065,221072,266475,255767,390023,9390,486050,694138,48441,16578.184548,3032713,61,67.91,55.28,109.98,NA
2020-2021,March,31,UTTAR PRADESH,3168,KANNAUJ,2934947,199.767935311689,37,235,1814.286038277,7269,0,18457,3154573,1057981,58730,991,67,267.20514,8383.316528277,84370,100363,105666,155827,6421,187122,252484,25726,6301.82535,576267,50,69.66,69.65,106.53,NA
2020-2021,March,31,UTTAR PRADESH,3171,CHANDAULI,7152376,198.573429065029,45,383,8892.40066052299,12188,2,17953,5659289,1676133,96340,26000,1338,384.78662,20515.031508523,124568,180299,144422,291844,12913,277290,500637,30141,11237.844228,1823011,53,60.57,47.32,101.93,NA
2020-2021,March,31,UTTAR PRADESH,3180,KASHGANJ,3167262,200.635659101435,44,203,5667.679843177,6205,6,5335,3234358,611540,28513,1894,70,255.59673,12412.552064177,71880,91292,82070,140287,8908,152723,232412,11540,6489.275491,872123,22,62.79,68.11,101.48,NA
2020-2021,June,31,UTTAR PRADESH,3110,MORADABAD,664477,132.423845458283,19,153,626.706653673001,637,68,5983,1306081,303310,39585,1273,95,2.128,2358.397338673,68083,78524,112391,171274,18,196404,277047,6620,1729.562685,349135,19,96.54,97.55,99.71,NA
2020-2021,June,31,UTTAR PRADESH,3112,SAHARANPUR,395531,158.999041855541,13,142,284.062029212,344,0,10846,865214,401511,68923,1872,302,5.87548,1665.619479212,62648,74109,95408,144165,3,145964,207432,11190,1375.68197,295406,21,83.33,95.66,100.05,NA
2020-2021,June,31,UTTAR PRADESH,3118,ALIGARH,730947,155.356085387101,18,154,1359.46978689,287,18,10389,1718995,506884,54358,2347,244,5.68625,4035.71937689,93383,103940,142469,192407,24,243796,319052,10676,2670.56334,398767,11,82.01,90.87,99.87,NA
2020-2021,June,31,UTTAR PRADESH,3125,BAREILLY,1050575,166.26840936616,15,528,799.912478511,2168,5,17231,2250015,500437,71930,956,198,6.496,4547.472629511,144730,169913,197385,311119,73,314935,455136,19399,3741.064151,366994,27,84.76,92.62,101.23,NA
2020-2021,June,31,UTTAR PRADESH,3130,HARDOI,2594616,150.445180336384,26,211,2688.224929875,2827,2,23050,4420184,1647638,166245,4287,456,11.624,9349.802719875,166722,180618,309730,422340,78,636145,807734,25877,6649.95379,886669,31,70.71,81.66,100.77,NA
2020-2021,June,31,UTTAR PRADESH,3132,LUCKNOW,466662,171.337222029152,20,99,815.526163182,1617,6,8490,1001364,666231,95302,2208,371,3.48622,2534.721643182,48383,57334,81100,143172,4,205427,312354,10107,1715.70926,241317,26,73.36,80.12,100.41,NA
2020-2021,June,31,UTTAR PRADESH,3138,JALAUN,1343703,143.643418514131,30,364,2902.663036539,1839,0,19985,3102225,1100271,119294,4352,505,3.136,7361.941076539,101687,153132,162786,348927,130,244426,484904,21824,4456.14204,1117268,40,90.53,91.73,100.58,NA
2020-2021,June,31,UTTAR PRADESH,3147,GONDA,1814460,139.88937651455,27,165,1991.769347199,2270,175,22370,3196081,718929,59784,6139,578,67.64134,6530.388470999,116445,124864,228118,277875,46,391001,463767,24640,4470.9777838,1022040,36,73.93,75.89,100,NA
2020-2021,June,31,UTTAR PRADESH,3153,BASTI,2322140,146.570848113116,27,209,5574.415864596,2856,13,29565,5536561,1271583,105579,2772,239,2.8,13692.200278596,199634,231598,312170,451886,73,482133,669927,32421,8114.984414,2403150,36,94.98,95.22,99.94,NA
2020-2021,June,31,UTTAR PRADESH,3156,MAU,1378420,161.871589789423,24,391,3225.059009107,1043,3,8381,3101568,906484,76461,19806,1665,18.464,8264.080439107,124516,139052,192396,259424,50,299148,386548,9424,5020.55743,1371973,32,85.41,90.94,101.92,NA
2020-2021,June,31,UTTAR PRADESH,3157,AZAMGARH,2056205,154.554586325351,22,311,4015.878721038,2763,0,26274,4976435,2069966,168435,11561,841,49.846,11757.033249038,218088,236298,344544,424752,37,630064,744246,29037,7691.308528,1992851,42,79.2,93.45,100.35,NA
2020-2021,June,31,UTTAR PRADESH,3161,VARANASI,465106,166.552897068848,17,148,651.293938294,2197,31,11869,1191204,456912,66660,4302,777,55.73043,2691.009140294,69306,88977,98384,178433,5,182958,288387,14066,1983.984772,517588,42,48.27,53.95,101.3,NA
2020-2021,June,31,UTTAR PRADESH,3165,BAGHPAT,27086,100.28604658473,15,7,7.8658195,24,42,1044,31813,11110,2794,26,11,1.058,40.8278195,2044,2274,5944,8604,1,33844,46539,1068,31.904,7856,6,35.19,80.12,115.69,NA
2020-2021,June,31,UTTAR PRADESH,3170,KAUSHAMBI,605674,147.730439053247,23,132,1020.423437523,929,29,14366,1528129,780512,100803,606,94,2.796,3280.731118523,64443,83154,107040,192653,55,241648,380937,15295,2257.511681,633651,63,83,76.48,101.11,NA
2020-2021,June,31,UTTAR PRADESH,3172,KUSHI NAGAR,1638742,177.723902128436,21,309,2786.626289848,1245,1,31572,2695124,780746,105772,3973,516,17.842,7594.347829848,124624,143073,229485,352717,9,467780,653303,32817,4789.87954,852121,35,86.86,87.55,100.26,NA
2020-2021,June,31,UTTAR PRADESH,3177,CHITRAKOOT,863191,162.61910863627,27,75,1625.558929577,440,0,16402,2043139,927740,96559,407,33,6.51696,4954.610319577,74502,113275,109466,218431,180,156974,294312,16842,3322.53443,889371,52,63.85,75.43,101.2,NA
2020-2021,June,31,UTTAR PRADESH,3183,SHAMLI,98039,120.989639356476,17,2,28.048684925,60,1,2968,85902,12387,3274,95,32,5.798,137.779204925,5011,5339,20643,24672,0,46521,54683,3028,103.93252,17082,12,64.31,88.87,100.27,NA
2020-2021,Feb,31,UTTAR PRADESH,3112,SAHARANPUR,2238688,192.695827313636,28,187,450.127243075,2121,0,14561,2437830,1074009,71155,5203,316,171.63102,5319.354950075,85015,103848,100136,149987,3105,157506,221590,16682,4697.596687,807785,33,67.54,77.58,100.76,NA
2020-2021,Feb,31,UTTAR PRADESH,3119,MATHURA,3641973,191.825609947892,42,67,3458.85295130299,2748,5,16104,3469157,1030861,51002,9959,459,170.13858,10283.723106603,81388,109881,93764,153155,4987,179916,282892,18852,6654.7315753,1155567,17,56.65,60.08,109.2,NA
2020-2021,Aug,31,UTTAR PRADESH,3118,ALIGARH,1966168,187.697161359032,25,181,1724.823969706,726,16,10853,2685440,790198,54829,3470,251,40.56879,6805.887409706,107154,120016,144558,194714,157,247229,322870,11579,5040.49465,634869,11,79.77,91.2,100.05,NA
2020-2021,Aug,31,UTTAR PRADESH,3136,KANPUR DEHAT,1776071,190.7174858701,29,254,1162.729195376,1019,1,15354,2579636,922084,72559,15639,1247,74.236,6156.782119176,86764,103942,116609,190572,321,258929,381676,16373,4919.8169238,582248,39,72.77,84.58,101.97,NA
2020-2021,Aug,31,UTTAR PRADESH,3147,GONDA,4880697,190.864193021071,32,193,2642.770469765,5470,162,23135,4205717,934563,60031,8701,580,208.87004,10878.848322565,128463,138068,229868,279769,402,394605,467683,28605,8027.2078128,1344893,39,71.41,70.51,100.35,NA
2020-2021,Aug,31,UTTAR PRADESH,3155,DEORIA,3069116,191.828722261464,30,95,883.418930958,3461,1,13657,3028233,782470,53502,84838,5583,140.01056,6832.450161958,100486,106304,163267,202064,88,298471,356929,17118,5809.020671,987684,34,88.57,92.21,100.12,NA
2020-2021,Aug,31,UTTAR PRADESH,3158,JAUNPUR,5126450,180.720913581995,33,233,2499.501272587,7854,5,28378,6018792,2216611,133810,25706,1724,191.70152,13568.418681587,180370,190743,282338,340946,318,571677,672912,36232,10877.215889,2489829,37,78.73,77.78,100.06,NA
2020-2021,Aug,31,UTTAR PRADESH,3163,SONBHADRA,3311584,185.862390464807,28,308,3474.20451086,3947,2,17676,3969044,1224020,153897,1120478,147832,89.1793,10940.34386786,139034,198190,206176,488584,956,377659,812715,21623,7376.960057,1909938,51,64.28,61.52,100.47,NA
2020-2021,Aug,31,UTTAR PRADESH,3170,KAUSHAMBI,1629196,185.004218051002,29,149,1333.413361358,3210,23,13296,2175436,1071344,100150,795,95,44.884,5402.945722358,73941,97189,108126,192979,260,246845,385619,16506,4024.648361,878880,63,78.49,71.12,100.9,NA
2020-2021,May,31,UTTAR PRADESH,3136,KANPUR DEHAT,397142,123.541675884624,14,176,897.348828144,454,3,13975,833518,319082,71959,5480,1235,4.448,1931.538934144,57161,65474,111998,185576,0,251365,373208,14429,1029.742106,190536,40,71.75,84.25,101.48,NA
2020-2021,May,31,UTTAR PRADESH,3146,BAHRAICH,1176640,101.758169790697,18,102,4161.769582452,2591,16,15328,1725442,318456,81502,16829,3679,10.8,5928.347782452,92722,108328,278335,433494,2,564507,779109,17919,1755.7782,580411,70,64.51,62.72,99.96,NA
2020-2021,May,31,UTTAR PRADESH,3151,SIDDHARTH NAGAR,1689758,134.178164770924,20,103,6209.995244886,375,25,19794,3345566,696082,84005,3200,432,12.744,10711.758304886,163389,178442,310975,403655,1,454193,571739,20169,4489.01906,1636568,25,80.87,86.63,99.44,NA
2020-2021,March,31,UTTAR PRADESH,3114,MUZAFFARNAGAR,1300616,199.931210304796,43,73,911.605749329,4238,0,3628,1489947,468298,16494,3004,132,57.70247,3948.177289329,34073,36495,44866,53066,3877,114187,137017,7866,2978.86907,446342,24,67.15,70.22,102.33,NA
2020-2021,March,31,UTTAR PRADESH,3122,ETAH,3710980,199.507893556782,48,98,5051.79781665401,4002,2,12362,3581440,704774,34824,1103,52,238.16346,12435.216779654,73806,88021,98477,146632,8441,204349,285108,16364,7145.255503,953020,39,61.92,54.23,107.47,NA
2020-2021,March,31,UTTAR PRADESH,3166,HATHRAS,2244878,199.065145875485,33,57,721.48344142,2101,0,4504,1812916,539463,25394,1922,88,186.96491,4517.33223142,54891,65460,60155,88952,3423,97220,135377,6605,3608.88388,256782,24,77.36,77.9,101.41,NA
2020-2021,March,31,UTTAR PRADESH,3174,SANT KABEER NAGAR,6639470,198.395742208233,44,163,11720.987195458,10813,0,11444,7146357,2199522,101996,12966,571,387.13367,26286.188876458,160955,199913,194249,304422,9739,367731,529868,22257,14178.068011,3159197,54,62.29,47.91,102.96,NA
2020-2021,May,31,UTTAR PRADESH,3110,MORADABAD,399668,66.4474162257658,12,95,626.706653673001,536,122,4510,541127,134139,39075,428,83,1.344,987.615563673001,44437,50121,109245,167642,0,191280,271151,5046,359.56491,143550,20,95.75,95.66,99.62,NA
2020-2021,May,31,UTTAR PRADESH,3122,ETAH,358483,131.225205394397,17,57,714.240677338,618,48,9554,534703,130118,34302,116,45,5.152,1421.057787338,30924,34822,92948,140050,1,188838,266696,10172,701.66511,128905,23,76.01,77.15,100.14,NA
2020-2021,Sep,31,UTTAR PRADESH,3110,MORADABAD,2075509,183.476092517353,28,189,763.411992864001,1442,63,7958,2279140,523422,40194,1948,100,12.304,4957.393007864,81137,95146,115063,174725,932,205291,288064,9400,4181.677015,593913,27,87,89.6,100.94,NA
2020-2021,Sep,31,UTTAR PRADESH,3114,MUZAFFARNAGAR,689367,185.941528386057,32,24,394.03702816,1575,0,4055,859665,280692,15844,1736,116,10.4643,2002.97556816,26383,27917,41931,49856,228,109170,131515,5630,1598.47424,229560,14,68.49,82.5,101.93,NA
2020-2021,Sep,31,UTTAR PRADESH,3116,GHAZIABAD,0,198.891220320265,17,0,0.2358613,2,161,16,1811,179,33,0,0,0,3.8377813,105,106,158,269,0,17873,26150,18,3.60192,471,16,68.28,84.32,100,NA
2020-2021,Sep,31,UTTAR PRADESH,3118,ALIGARH,2663007,189.536083619895,27,182,1724.823969706,770,16,11118,3023491,886806,55176,3823,253,52.62502,7508.055419706,110660,124046,145874,196207,379,250584,326671,11888,5730.60643,719288,11,79.62,90.58,100.13,NA
2020-2021,Sep,31,UTTAR PRADESH,3123,MAINPURI,2580107,184.969671377582,35,143,1245.486950066,2036,8,13636,2890521,906050,52000,5027,287,78.66656,6670.740704866,80869,93059,117068,167548,655,196698,268310,15672,5346.5871948,652438,31,71.78,75.65,109.53,NA
2020-2021,Sep,31,UTTAR PRADESH,3129,SITAPUR,7873453,189.246850206794,32,608,5963.868999178,18831,2,36785,7705236,2989945,330382,12203,1139,303.12638,20848.911810178,234267,304313,415615,791057,3566,766796,1281850,55616,14581.916431,2081736,63,67.72,64.13,101.7,NA
2020-2021,Sep,31,UTTAR PRADESH,3133,RAE BARELI,4140143,187.646935446288,28,239,1656.706015506,5826,0,24873,4639191,1552102,134092,11997,1147,198.94084,10560.946596506,164458,203111,230431,403092,975,375586,593091,30699,8705.299741,1543460,29,61.55,75.18,100.07,NA
2020-2021,Sep,31,UTTAR PRADESH,3138,JALAUN,5033962,183.281975010179,44,449,3457.855370481,4009,0,19206,5467106,1813384,120069,7542,510,64.468,13542.543223181,124230,189831,166067,352895,2024,250324,492355,23215,10020.2198527,1912730,40,81.25,81.3,102.54,NA
2020-2021,Sep,31,UTTAR PRADESH,3140,LALITPUR,3656088,194.266717791084,39,143,1807.184989909,1125,0,7420,3751306,886470,62889,272680,19269,104.26696,9198.990990409,94674,137145,134377,257343,2510,202115,368186,8545,7287.5390405,1449683,43,82.88,86.14,101.46,NA
2020-2021,Sep,31,UTTAR PRADESH,3141,HAMIRPUR,3105445,188.602345332703,41,124,1814.984779142,2088,0,13118,3562437,803955,60160,1524,119,60.5822,8594.406712142,85643,129897,121343,234166,2801,202639,373235,15206,6718.839733,1435838,46,71.61,88.3,100.97,NA
2020-2021,Sep,31,UTTAR PRADESH,3142,BANDA,3940347,186.228440764881,33,71,2991.437890011,5126,0,13503,3469977,922750,92097,1920,216,103.26106,9556.783012011,103356,152846,159431,338668,1518,277544,536437,18629,6462.084062,1430617,67,74.84,72.9,101.17,NA
2020-2021,Sep,31,UTTAR PRADESH,3143,FATEHPUR,3880707,187.91326150002,35,214,3148.247767963,7031,1,16459,4431927,1876992,116896,2174,117,107.10176,11583.528100963,123519,141997,188259,267556,1468,354332,468532,23490,8328.178573,1510750,33,76.99,82.04,100.06,NA
2020-2021,Sep,31,UTTAR PRADESH,3146,BAHRAICH,5577769,191.945532347613,36,189,8200.960615529,9462,0,16018,5988850,1055336,82073,49300,3757,165.356,19861.646629529,166349,202296,286636,442898,2812,599310,817761,25480,11495.330014,2015859,68,53.57,55.24,100.12,NA
2020-2021,Sep,31,UTTAR PRADESH,3151,SIDDHARTH NAGAR,8520981,192.281378416323,31,144,7028.293527801,3933,2,20984,6708162,1348528,84603,7669,442,223.41738,20150.257267801,212965,234939,316669,409522,989,468356,586661,24917,12898.54636,3199549,31,67.67,60.76,99.74,NA
2020-2021,Sep,31,UTTAR PRADESH,3156,MAU,4045442,190.803093359124,30,425,3247.975227292,2366,2,7759,4185547,1187604,76920,28238,1673,101.364,11335.492377292,137803,155123,193487,260657,344,305204,393594,10125,7986.15315,1837767,30,83.18,88.25,102.75,NA
2020-2021,Sep,31,UTTAR PRADESH,3163,SONBHADRA,3868673,190.039118490766,30,325,3474.20451086,5906,2,16345,4428632,1346208,154204,1277005,148158,109.12561,11999.46333486,144888,207633,207116,489841,1508,384293,821104,22251,8416.133214,2116811,52,61.63,59.48,100.51,NA
2020-2021,Sep,31,UTTAR PRADESH,3165,BAGHPAT,81524,178.293152179844,27,9,9.7427461,94,0,1068,91635,30036,2847,114,11,3.89524,177.0169161,3281,3780,6275,9059,13,34569,47480,1162,163.37893,22730,9,39.19,74.44,111.19,NA
2020-2021,Sep,31,UTTAR PRADESH,3172,KUSHI NAGAR,4725545,191.978262841412,24,323,3565.548267272,8494,1,28886,3340501,959286,105765,4752,516,146.23496,10124.819017272,134578,155267,230551,353602,139,470575,656169,37380,6413.03579,1024665,38,75.27,65.94,102.14,NA
2020-2021,Sep,31,UTTAR PRADESH,3184,SAMBHAL,2193962,185.655950292645,27,235,1252.837637024,790,114,11251,2066495,633806,52493,835,57,73.22712,5162.635687024,75413,86863,113222,160147,427,198839,263073,12041,3836.57093,470714,18,45.29,48.37,99.92,NA
2020-2021,Dec,31,UTTAR PRADESH,3114,MUZAFFARNAGAR,1005991,191.146162763048,39,25,412.60493456,2401,0,4112,1211184,389564,16369,2545,132,28.54328,2756.27995456,30308,32149,44186,52305,1058,112626,135287,6513,2315.13174,341216,17,70.35,80.53,102.34,NA
2020-2021,Dec,31,UTTAR PRADESH,3116,GHAZIABAD,0,197.144634525661,17,0,0.2358613,5,161,14,1929,189,33,0,0,0,4.0387813,111,112,158,269,0,17895,26183,19,3.80292,491,21,68.86,85.35,100,NA
2020-2021,Dec,31,UTTAR PRADESH,3118,ALIGARH,3851819,196.221723930819,32,188,1873.19341267,2409,13,11454,3811023,1110984,55353,4784,254,124.93648,9476.18492267,118198,132867,147023,197492,1800,254158,330785,13863,7478.05503,915808,18,67.92,75.51,100.31,NA
2020-2021,Dec,31,UTTAR PRADESH,3120,AGRA,3635127,194.609259466341,37,182,1355.187539263,2199,0,7479,3544849,1128294,54709,25524,1195,152.31477,8406.106697363,93337,116573,112520,167889,2170,209298,289417,9678,6898.6043881,1036025,32,74.85,76.67,101.64,NA
2020-2021,Dec,31,UTTAR PRADESH,3128,KHERI,8244522,194.31590822062,37,815,4574.515657163,12974,0,42736,9161535,3213867,188840,106180,8303,363.28772,22740.123319363,245561,301716,331011,526037,7840,655028,925328,55710,17802.3199422,2050605,64,70.21,65.5,102.25,NA
2020-2021,Dec,31,UTTAR PRADESH,3133,RAE BARELI,4770223,191.017300076812,33,260,3417.72429929,9196,0,35838,5993852,2010653,134780,16514,1166,375.35074,15242.36930029,176714,221116,232122,405091,3431,382766,601448,45034,11449.294261,2000251,48,56.65,63.83,100.16,NA
2020-2021,Dec,31,UTTAR PRADESH,3140,LALITPUR,4098713,195.780493034112,43,155,1814.739429909,2048,0,9366,4417240,1055190,62122,326196,18845,161.73845,10624.572130409,100496,146705,133729,253630,5528,202178,364187,11414,8648.0942505,1689655,55,68.52,70.88,103.39,NA
2020-2021,Dec,31,UTTAR PRADESH,3144,PRATAPGARH,7190937,192.975078485049,43,82,2495.608429155,5274,14,22362,7956611,3555138,161119,12294,608,333.94294,18183.827691155,184325,205003,279963,370415,7010,558217,704141,27636,15354.276322,3293879,58,57.71,72.48,101.78,NA
2020-2021,Dec,31,UTTAR PRADESH,3152,MAHARAJGANJ,7259062,191.948339541035,38,825,6793.71659883,4965,0,17421,8943461,2026067,113210,39309,2962,352.81968,24313.36116583,233188,291791,290159,493469,4858,407176,654271,22386,17166.824887,3488640,56,55.14,58.46,100.94,NA
2020-2021,Dec,31,UTTAR PRADESH,3154,GORAKHPUR,4963826,190.71779085656,32,189,3063.557060374,3820,3,27176,5321936,1459637,89288,13891,879,370.99619,13584.432020374,162972,180857,225352,312230,1924,479768,613049,30996,10149.87877,2038396,63,64.24,59.99,100.29,NA
2020-2021,Dec,31,UTTAR PRADESH,3159,BALLIA,4455279,195.122724030323,34,176,1820.300195588,8018,2,20253,4605169,735096,44980,98917,5972,348.60527,11154.636664588,134519,154489,194986,273400,800,390782,505941,28271,8985.731199,1635379,51,75.95,79.37,101.63,NA
2020-2021,Dec,31,UTTAR PRADESH,3166,HATHRAS,1784793,196.91594307479,29,56,324.497305179,1076,0,4882,1593670,474840,25446,1724,88,119.34786,3582.035475179,53410,62817,60059,89093,1223,96903,135272,5958,3138.19031,210860,19,81.24,84.86,101.36,NA
2020-2021,Dec,31,UTTAR PRADESH,3170,KAUSHAMBI,3132592,193.038214587678,35,170,2971.139044612,5715,21,17780,2961568,1405438,100048,1063,95,123.43156,8811.528595612,82465,109913,109292,194149,2275,256727,396284,23495,5716.957991,1188904,71,62.03,55.55,100.91,NA
2020-2021,Dec,31,UTTAR PRADESH,3176,SHRAVASTI,2223848,195.337912682883,39,174,1510.203027981,5819,0,10458,2622716,841388,50809,15417,1150,78.24582,6711.607537981,66489,84236,90900,160427,2851,161771,255646,16277,5123.15869,793882,46,74.72,72.55,101.42,NA
2020-2021,Jan,31,UTTAR PRADESH,3109,BIJNOR,4103969,193.765556621347,24,359,2027.81945851201,3789,0,18620,4006413,1652694,129234,11645,768,247.37583,10038.243738512,162271,203257,188778,297182,2351,275772,407775,22409,7763.04845,1018369,26,64.42,66.75,104.39,NA
2020-2021,Jan,31,UTTAR PRADESH,3117,BULANDSHAHR,1018139,191.527242863908,21,51,65.546836025,1773,4,6787,1009446,212667,15951,974,59,14.1648,2013.075728025,46536,50614,55896,70902,436,145298,180040,8560,1933.364092,206817,12,69.43,78.26,115.76,NA
2020-2021,Jan,31,UTTAR PRADESH,3118,ALIGARH,4306968,196.406145211813,33,189,1873.19341267,2679,13,11668,3994069,1165480,55381,5018,254,143.98975,9861.78012267,119565,134615,147117,197613,3757,254607,331299,14347,7844.59696,961703,20,65.33,72.05,100.43,NA
2020-2021,Jan,31,UTTAR PRADESH,3124,BUDAUN,4483255,192.947117865777,37,528,1117.824439954,6145,0,15531,4714371,888930,50024,4434,187,413.48838,10627.555789954,126920,139578,172824,231482,5217,310816,399603,21676,9096.24297,904239,30,79.95,82.26,100.53,NA
2020-2021,Jan,31,UTTAR PRADESH,3130,HARDOI,9379103,195.04796492215,46,269,5659.879700923,9057,2,29411,10601904,3901483,168549,11163,490,398.0152,26736.692895923,227181,249448,317037,430483,15601,655164,829101,38468,20678.797995,2149558,41,63.89,68.16,104.24,NA
2020-2021,Jan,31,UTTAR PRADESH,3135,ETAWAH,4163920,191.297528440995,41,104,2085.67709354,5823,0,14233,4151226,1456997,60555,6310,226,127.32325,10154.19308154,99454,113149,117747,162207,5401,199658,257793,20056,7941.192738,839359,38,50.78,66.19,108.74,NA
2020-2021,Jan,31,UTTAR PRADESH,3146,BAHRAICH,8993965,194.558509731365,43,216,11319.101395765,11529,0,28139,8377550,1459206,82384,69153,3755,548.46032,28166.798147765,190754,233407,291064,447213,14080,643339,864702,39668,16299.236432,2906356,78,50.77,51.69,100.12,NA
2020-2021,Jan,31,UTTAR PRADESH,3152,MAHARAJGANJ,8369522,193.846180459203,40,843,6793.71659883,5000,0,18585,9596507,2168117,113181,41244,2962,400.51652,25796.69539583,238470,299817,290290,493475,9811,408377,655568,23585,18602.462277,3760737,58,54.57,57.23,101.01,NA
2020-2021,Jan,31,UTTAR PRADESH,3154,GORAKHPUR,5754251,191.852049420026,33,193,3063.557060374,4254,3,28130,5625250,1543421,89282,14697,878,424.37383,14280.088300374,166416,185046,225402,312146,4177,480433,613656,32384,10792.15741,2172089,64,63.36,57.77,100.72,NA
2020-2021,Jan,31,UTTAR PRADESH,3157,AZAMGARH,9271463,193.569719580838,35,347,7645.04547682801,15047,0,33350,9368404,3681092,169181,23705,887,583.10622,26362.545048828,265100,289262,348735,429019,5989,664499,779654,48397,18134.393352,3702285,55,64.18,56.54,102.06,NA
2020-2021,Jan,31,UTTAR PRADESH,3165,BAGHPAT,101926,186.887534411354,33,9,9.7427461,143,0,1101,123869,39957,2860,114,11,5.70179,246.9402561,3735,4333,6403,9214,73,34853,47805,1244,231.49572,30793,12,37.79,75.32,115.62,NA
2020-2021,Jan,31,UTTAR PRADESH,3167,AMROHA,2632818,195.999391071492,34,176,1205.261902687,4394,0,6705,3056188,805180,54504,1462,79,192.54902,7387.920792687,87834,112659,116267,193727,5340,172637,271450,11099,5990.10987,668055,17,79.19,74.83,102.73,NA
2020-2021,Aug,31,UTTAR PRADESH,3114,MUZAFFARNAGAR,540888,181.301781937632,29,22,394.03352816,1471,0,3663,711136,229813,15268,1382,102,1.792,1685.12776816,24235,25636,40210,47542,71,104541,125723,5134,1289.30224,186786,12,67.64,83.77,101.78,NA
2020-2021,Aug,31,UTTAR PRADESH,3115,MEERUT,433882,174.480061547538,42,51,285.046911194,272,3,3277,898330,391713,16826,2594,116,5.683,1858.136648094,21183,24205,30386,38247,229,63873,77577,3549,1567.4067369,302166,30,46.43,84.37,102.66,NA
2020-2021,Aug,31,UTTAR PRADESH,3122,ETAH,1603185,185.730606412841,36,90,1256.388278905,1442,10,10030,2052694,436251,34590,535,48,5.152,5074.021292905,56787,66386,96265,144193,315,194249,273259,11472,3812.481014,508425,22,75.31,77.6,103.24,NA
2020-2021,Aug,31,UTTAR PRADESH,3124,BUDAUN,3509494,180.564183380146,27,479,953.014657343997,1725,4,17936,3040460,574313,49732,2751,182,43.54384,6486.540267344,112027,121805,170611,229349,159,305925,394786,19661,5489.98177,553514,28,86.99,92.11,100.28,NA
2020-2021,Aug,31,UTTAR PRADESH,3127,SHAHJAHANPUR,3218941,189.575858864963,21,309,1862.638794719,2318,4,12734,2829758,817780,90352,2188,188,114.184,7341.360827019,130311,151520,192763,304043,294,375249,532812,15052,5364.5380323,387757,34,66.39,72.27,106.31,NA
2020-2021,Aug,31,UTTAR PRADESH,3128,KHERI,4907775,193.533233471742,29,702,1886.945058062,10104,0,21971,6479101,2300222,186025,67857,8274,140.556,14566.714723262,218319,263919,323046,514103,1199,617705,876571,32075,12539.2136652,1456497,47,83.92,87.71,100.24,NA
2020-2021,Aug,31,UTTAR PRADESH,3129,SITAPUR,7514278,190.465011705351,29,584,5963.868999178,17526,3,35802,6622612,2579334,327894,10605,1134,228.89627,18806.523990178,221655,286577,409530,782915,1648,740504,1249386,53328,12613.758721,1811168,62,71.25,69.86,101.42,NA
2020-2021,Aug,31,UTTAR PRADESH,3130,HARDOI,6979232,182.858447785493,35,236,4512.140313487,5843,2,23270,6985233,2556812,167056,7102,470,98.978,17384.206951487,198482,216431,313042,425941,528,642663,814895,29113,12773.088638,1387885,31,68.45,78.97,102.78,NA
2020-2021,Aug,31,UTTAR PRADESH,3134,FARRUKHABAD,1234670,182.218824871937,30,121,827.728876157,1650,0,9487,1978712,280505,19127,2211,145,32.4808,4465.795430157,64974,70386,97022,125380,115,194502,239683,11137,3605.585754,332967,33,79.13,80.13,102.08,NA
2020-2021,Aug,31,UTTAR PRADESH,3137,KANPUR NAGAR,1141475,183.345910045628,25,126,302.715446282,753,0,8083,1275958,508405,55878,21622,2363,28.80438,2670.936633182,49810,60152,76377,137254,51,219857,330549,8836,2339.4168069,229011,27,63.49,81.44,102.16,NA
2020-2021,Aug,31,UTTAR PRADESH,3141,HAMIRPUR,2427917,187.529644640702,38,120,1814.984779142,1926,0,13064,3133983,715979,59987,1360,119,52.92268,7745.054642142,81309,122769,120915,233431,1531,201347,371335,14990,5877.147183,1271001,45,72.91,90.57,100.75,NA
2020-2021,Aug,31,UTTAR PRADESH,3145,PRAYAGRAJ,4240769,190.092752300924,29,309,3483.929301527,4950,3,26380,5732371,2790475,217816,2762,221,162.53434,14543.285447527,196137,249063,273288,436111,652,473194,703604,31330,10896.821806,2106119,44,75.31,79.48,101.82,NA
2020-2021,Aug,31,UTTAR PRADESH,3153,BASTI,6246302,189.842357194426,32,221,6460.377547434,8232,11,29480,6788443,1511635,105728,3211,233,137.5,19485.217755434,212068,247013,314539,454291,335,489338,677782,37712,12887.340208,2920200,39,85.63,82.81,100.51,NA
2020-2021,Aug,31,UTTAR PRADESH,3154,GORAKHPUR,3975208,189.327265634455,26,164,1354.555477046,2131,5,15188,3957909,1087631,88361,10589,869,128.30119,8976.257553046,149821,165127,221816,308236,136,460045,591457,17319,7493.400886,1520990,40,79.28,80.86,99.21,NA
2020-2021,Aug,31,UTTAR PRADESH,3157,AZAMGARH,5530966,190.255224263423,27,326,5683.937317054,9457,0,23383,6483603,2631592,168890,16062,889,175.90792,18195.238665054,238636,259315,346636,426931,330,638495,753069,32840,12335.393428,2567690,42,76,83.41,101.11,NA
2020-2021,Aug,31,UTTAR PRADESH,3159,BALLIA,3036856,193.9295985556,28,168,1536.550544711,1982,4,19834,3587371,578388,43844,76012,5687,129.12569,8622.650413711,125203,143408,190001,267879,122,351397,464061,21816,6956.974179,1276989,40,82.66,89.03,101.15,NA
2020-2021,Aug,31,UTTAR PRADESH,3166,HATHRAS,748591,192.220793807116,24,53,278.737916714,693,0,4332,1265194,375238,25263,1386,87,45.90388,2756.607746714,51583,60010,59427,88339,194,94757,132625,5025,2431.96595,162573,16,85.44,90.06,100.42,NA
2020-2021,Aug,31,UTTAR PRADESH,3171,CHANDAULI,2620213,192.180263136849,34,347,2920.183875257,3538,1,17490,3876234,1175935,96329,17724,1372,78.608,10448.148576257,111361,156902,143474,292725,776,270929,494695,21028,7449.356701,1298278,41,68.24,65.68,100.95,NA
2020-2021,Aug,31,UTTAR PRADESH,3173,SANT RAVIDAS NAGAR,1217307,191.228089996795,26,55,636.752037464,936,2,12977,1585212,646082,62704,4768,515,74.74541,3742.868077464,59542,76388,83212,149724,260,174110,286401,13913,3031.37063,631821,46,90.72,88.45,100.81,NA
2020-2021,Aug,31,UTTAR PRADESH,3175,BALRAMPUR,3353531,186.628545495374,34,129,2377.897813324,2352,0,12601,3286466,581691,36115,52492,3600,134.81641,8646.197917324,96516,108366,139904,194186,307,225824,299981,14953,6133.483694,1068450,26,76.07,82.06,100.38,NA
2020-2021,July,31,UTTAR PRADESH,3110,MORADABAD,1568891,174.956664348586,23,169,711.848424740002,962,63,7277,1752887,403110,39832,1772,95,7.56,3786.20104974,75504,87844,113231,172250,133,198224,279202,8239,3066.792625,462583,27,91.58,93.98,100.3,NA
2020-2021,July,31,UTTAR PRADESH,3120,AGRA,1737822,167.368216878015,26,159,1192.108932421,781,0,6582,2166167,712413,53586,16580,1160,24.528,4842.112014921,81047,100196,109311,162949,30,197501,271732,7363,3625.4750825,632773,18,92.43,96.13,100.24,NA
2020-2021,July,31,UTTAR PRADESH,3122,ETAH,1407221,181.624389446524,31,89,1027.856908604,1191,12,9890,1706812,369727,34558,444,47,5.152,4132.995782604,53406,62304,95794,143587,122,192836,271621,11081,3099.986874,417205,22,76.7,79.84,102.61,NA
2020-2021,July,31,UTTAR PRADESH,3124,BUDAUN,3080512,172.14052606964,23,462,907.298361015997,1307,5,17520,2527346,481820,49587,2303,182,42.97488,5300.859941016,105979,114994,169569,228275,37,304256,393063,18827,4350.5867,456009,27,88.89,94.21,100.36,NA
2020-2021,July,31,UTTAR PRADESH,3129,SITAPUR,6595773,184.04767644057,26,561,5305.810558369,13965,3,34571,5655332,2220276,327254,9251,1127,185.432,15899.749699369,209909,269860,407244,780089,430,733461,1240893,48536,10408.507141,1556104,61,71.47,73.54,101.33,NA
2020-2021,July,31,UTTAR PRADESH,3131,UNNAO,3080447,186.324808500501,27,239,1336.177042065,5858,1,16949,3278207,1116234,95459,6084,602,11.82168,7456.111637065,117300,132996,192422,272550,334,421684,544248,22807,6108.112915,863811,50,84.88,92.3,100.15,NA
2020-2021,July,31,UTTAR PRADESH,3139,JHANSI,2807491,175.23081576613,41,215,2034.90534204701,1171,1,12799,3066320,1096275,91545,27369,1978,63.78852,7471.83141204701,74712,109950,124832,251281,1500,216180,415550,13970,5373.13755,1161148,45,85.74,83.31,100.24,NA
2020-2021,July,31,UTTAR PRADESH,3144,PRATAPGARH,3868756,174.399699809563,31,75,1879.360451584,3408,17,13540,4891395,2270842,159046,6653,554,56.098,10466.036648084,156027,170959,271707,361399,223,494367,633832,16948,8530.57819649999,2037278,40,66.13,82.01,101.11,NA
2020-2021,July,31,UTTAR PRADESH,3146,BAHRAICH,4618885,187.424979784116,31,178,4555.008969819,7349,0,15758,4866223,864748,81971,41122,3724,157.448,13832.974443819,156603,189245,284362,440864,405,585096,802622,23107,9120.517474,1651347,69,64.19,69.03,100.08,NA
2020-2021,July,31,UTTAR PRADESH,3149,AYODHYA,2668319,184.047730136234,25,188,1897.665232099,3183,3,15274,3026327,1203757,104345,5045,461,39.674,7507.225382099,118000,137313,169229,270195,75,271520,401271,18457,5569.88615,1176124,41,76.19,77.95,101.73,NA
2020-2021,July,31,UTTAR PRADESH,3150,SULTANPUR,2832047,177.120028018503,31,133,2461.404696251,5610,0,18010,3607616,1025968,84181,7340,583,48.20256,8899.417726251,115623,130421,205247,285017,181,411626,532382,23620,6389.81047,1328801,46,74.11,82.25,100.36,NA
2020-2021,July,31,UTTAR PRADESH,3151,SIDDHARTH NAGAR,6633122,195.804911044975,28,141,6478.972287647,3374,2,19352,6008823,1208681,84502,6561,442,136.00144,18380.544257647,208137,229093,315492,408293,193,464445,582490,22726,11765.57053,2886164,28,80.14,84.05,99.54,NA
2020-2021,July,31,UTTAR PRADESH,3165,BAGHPAT,63952,143.463985604147,21,9,9.7427461,62,3,1057,60573,21036,2815,62,11,2.514,99.1571861,2792,3159,6095,8810,5,34158,46955,1119,86.90044,14885,8,33.37,71.66,111.18,NA
2020-2021,July,31,UTTAR PRADESH,3166,HATHRAS,657087,182.649305644685,22,51,268.369696714,407,0,4412,1168710,346116,25265,1171,87,38.44456,2441.454956714,50998,59178,59368,88321,111,94559,132445,4819,2134.6407,149449,16,86.07,90.63,100.24,NA
2020-2021,July,31,UTTAR PRADESH,3168,KANNAUJ,1266798,169.551636131757,21,168,1046.725245476,2116,0,14586,1329844,447184,58335,536,65,34.188,3335.685505476,62308,69331,103350,153356,11,172522,236677,16702,2254.77226,210387,38,75.48,81.92,103.67,NA
2020-2021,July,31,UTTAR PRADESH,3175,BALRAMPUR,2943612,182.215900879713,31,125,2281.818228115,1651,1,12836,2897651,518428,36032,43777,3596,106.9793,7668.778402115,93245,104496,138960,193226,162,224023,298107,14487,5279.980874,944398,25,78.34,86.69,100.31,NA
2020-2021,March,31,UTTAR PRADESH,3111,RAMPUR,3047704,198.60970205374,33,254,5889.71927786001,5338,0,10266,3355001,717036,35733,5473,216,341.24216,12894.31892786,99749,111768,120431,159641,3536,217652,275304,15604,6663.35749,619240,40,49.8,53.31,102.17,NA
2020-2021,March,31,UTTAR PRADESH,3119,MATHURA,3910844,195.720502289713,43,68,4620.36565579999,4166,5,14768,3538217,1048931,50983,10169,459,202.20368,11747.5854203,81909,110616,93743,153100,5293,180233,283257,18934,6925.0160845,1179335,17,55.93,59.09,109.13,NA
2020-2021,March,31,UTTAR PRADESH,3125,BAREILLY,4439567,199.297778001293,27,637,5874.730584224,10784,0,16276,4782181,1054392,71283,2951,198,661.3419,16066.852957224,172176,215125,198239,310138,6994,320340,459360,27060,9530.780473,954193,40,60.84,60.32,101.95,NA
2020-2021,March,31,UTTAR PRADESH,3133,RAE BARELI,7514033,199.076776160801,38,284,8410.354902004,14403,0,40576,7383805,2503109,134780,21036,1169,721.50929,23831.305144004,189900,241988,232325,404953,11858,384356,603249,54979,14699.440952,2567581,56,55.89,57.03,100.29,NA
2020-2021,March,31,UTTAR PRADESH,3134,FARRUKHABAD,3542456,199.706283827949,42,139,4007.591080583,7215,0,9874,3257107,446152,18981,5212,174,262.80721,10775.045640583,77299,85143,96622,124250,5787,200488,245284,17089,6504.64735,605226,44,63.18,58.57,104.08,NA
2020-2021,March,31,UTTAR PRADESH,3141,HAMIRPUR,5693988,201.405098079924,51,158,6694.85367367298,4257,0,16089,5115318,1120443,60022,2340,121,255.77295,17253.137858673,99025,153042,121269,233781,13279,203825,374738,20346,10302.511235,2026399,57,62.34,73.81,102.32,NA
2020-2021,March,31,UTTAR PRADESH,3147,GONDA,7576907,199.928414074703,46,270,9625.38880900403,12520,160,36822,7395197,1632991,62829,16258,625,703.77171,25114.260598804,160156,174645,239120,290245,17748,431389,509065,49342,14785.1000798,2528072,58,62.98,55.05,100.85,NA
2020-2021,March,31,UTTAR PRADESH,3153,BASTI,11719454,198.029140582477,46,267,15909.630604884,19039,11,43814,11930918,2509783,104740,5664,224,570.26694,40106.591923884,254413,304569,313612,449262,19158,492296,676508,62853,23626.694379,5192898,56,67.96,58.31,101.82,NA
2020-2021,March,31,UTTAR PRADESH,3154,GORAKHPUR,6511236,194.207808989812,35,200,6020.254581723,5030,2,30104,6111674,1689147,89058,15720,878,649.26759,18538.870339723,173013,193552,224945,311295,8102,480745,613610,35134,11869.348168,2410249,67,64.04,55.4,102.07,NA
2020-2021,March,31,UTTAR PRADESH,3165,BAGHPAT,115335,198.57610037162,37,10,30.01426187,189,0,1077,146655,45936,2857,163,11,8.65531,329.89135187,3923,4592,6413,9221,198,34885,47829,1266,291.22178,37144,12,35.91,74.89,117.54,NA
2020-2021,Sep,31,UTTAR PRADESH,3119,MATHURA,2164886,182.680317560733,34,66,971.926449289001,560,6,17223,2514952,788996,50849,7107,457,43.3691,5609.617849389,72269,96935,92826,152097,700,174648,277271,17783,4594.3223001,835824,16,75.3,79.19,106.41,NA
2020-2021,Sep,31,UTTAR PRADESH,3124,BUDAUN,3730457,184.90951721201,29,487,953.014657343997,2241,2,18131,3484718,655573,49825,3172,182,113.89784,7510.487727344,116415,126881,171329,229986,623,307043,395724,20372,6443.57523,640944,29,85.2,89.62,100.28,NA
2020-2021,Sep,31,UTTAR PRADESH,3125,BAREILLY,3159085,193.385151676227,20,568,1292.198696654,6290,0,14729,3245235,708263,71728,1414,196,194.5902,7762.591523654,158151,188273,197883,311053,551,317049,457030,21019,6275.802627,516432,28,71.66,79.51,101.63,NA
2020-2021,Sep,31,UTTAR PRADESH,3128,KHERI,6634093,193.746578366112,31,716,1886.945058062,11114,0,22303,6874853,2436860,187304,71529,8277,185.41144,15392.148953262,221742,268426,326911,519993,1707,635975,900639,33417,13319.7924552,1529649,47,80.9,81.09,100.58,NA
2020-2021,Sep,31,UTTAR PRADESH,3131,UNNAO,3916055,189.756353774612,34,254,1538.569310639,8277,1,18423,4433105,1485177,96193,7654,609,153.35496,10104.022677639,129200,147583,195001,275860,2464,430123,554080,26700,8412.09840700001,1128261,50,75.87,77.7,100.11,NA
2020-2021,Sep,31,UTTAR PRADESH,3155,DEORIA,3258378,193.092067655776,31,97,883.418930958,3695,1,13627,3235437,833497,53672,90650,5630,194.89192,7325.683051958,102290,108281,164150,203059,159,301035,359818,17322,6247.372201,1046552,33,86.2,88.77,100.16,NA
2020-2021,Sep,31,UTTAR PRADESH,3159,BALLIA,3566895,197.706299072063,29,169,1536.550544711,2254,2,19824,3759522,603391,44114,79514,5758,163.85373,9133.216083711,126878,145351,190850,268842,194,357399,470544,22078,7432.811809,1337448,40,82.21,87.41,101.35,NA
2020-2021,Sep,31,UTTAR PRADESH,3160,GHAZIPUR,6182110,192.131169754476,31,240,1856.432203571,5498,1,23320,6415389,1637963,106909,41183,2537,179.54353,14361.937663571,204719,243757,254141,388445,972,462802,668976,28818,12325.96193,2318282,38,75.05,70.53,108.48,NA
2020-2021,Sep,31,UTTAR PRADESH,3166,HATHRAS,1352460,191.178707739857,26,54,278.737916714,774,0,4508,1371860,406253,25486,1486,88,54.36404,2955.806176714,52285,61122,59925,89051,375,96441,134791,5282,2622.70422,178265,16,83.86,87.87,100.74,NA
2020-2021,Sep,31,UTTAR PRADESH,3169,AURAIYA,1489474,188.068954760645,27,80,511.470196951,506,0,7791,1779181,807679,60077,8573,594,52.63794,3910.195246951,64605,73360,90351,129769,281,159452,216286,8297,3346.08711,398326,30,59.13,83.18,104.65,NA
2020-2021,Sep,31,UTTAR PRADESH,3170,KAUSHAMBI,2102504,189.784685350007,31,154,1333.413361358,4298,22,12932,2403496,1166374,100170,820,94,44.884,5939.764682358,76722,101293,108603,193489,507,251154,390326,17230,4561.467321,963975,63,70.37,64.08,100.9,NA
2020-2021,Sep,31,UTTAR PRADESH,3171,CHANDAULI,3929857,193.306890753461,36,350,2920.183875257,3896,1,17948,4140360,1252448,96361,18690,1369,142.75728,11066.542337257,113335,160031,143687,292996,1214,271980,496134,21844,8003.601182,1370182,42,65.57,60.46,101.22,NA
2020-2021,Sep,31,UTTAR PRADESH,3176,SHRAVASTI,1992795,191.660656803166,32,164,727.025803909,4521,0,7878,1958669,641239,50206,11864,1128,37.08916,4518.112833909,60914,75861,89170,158041,584,155297,247945,12399,3753.99787,579366,36,80.44,79.36,101.06,NA
2020-2021,Sep,31,UTTAR PRADESH,3179,MAHOBA,1381566,195.088475693542,34,44,468.675878127999,977,1,10200,1493348,445222,50506,1944,224,46.25001,3428.275738128,42974,72748,61730,168241,985,114760,286806,11177,2913.34985,572546,55,88.66,86.32,101.88,NA
2020-2021,Sep,31,UTTAR PRADESH,3181,AMETHI,3580706,188.202165329692,38,114,2349.212414744,6294,0,19285,4042710,1125208,71419,12012,748,97.564,10055.244172744,105796,138176,156997,257518,1195,283004,419654,25579,7608.467758,1344516,46,62.52,68.02,104.97,NA
2020-2021,Sep,31,UTTAR PRADESH,3182,HAPUR,139882,188.513493560824,27,17,1.9321,401,0,791,170674,79111,4540,16,6,0,323.67562,6179,6803,10153,11507,38,17006,19274,1192,321.74352,53485,28,44.63,78.92,100.3,NA
2020-2021,Feb,31,UTTAR PRADESH,3122,ETAH,3455850,193.246518762866,47,97,1561.375293057,2745,2,13508,3455309,677486,34837,1017,52,136.89802,8375.537668057,72884,86662,98587,146792,5705,203919,284774,16253,6677.264355,921047,39,62.13,54.69,107.38,NA
2020-2021,Feb,31,UTTAR PRADESH,3130,HARDOI,9883306,194.555801037776,47,272,5908.612679566,10317,2,31226,11206469,4157075,168538,12247,490,500.49992,28211.948130566,234285,259236,317239,430647,21401,655677,829609,41543,21802.835531,2306162,45,63.92,67.29,104.31,NA
2020-2021,Feb,31,UTTAR PRADESH,3137,KANPUR NAGAR,1939926,191.149043777674,36,165,570.639570102,1378,0,11265,2145934,843331,56049,33939,2363,130.02414,4802.596031202,58734,72402,77331,137991,4016,223328,334151,12643,4101.9323211,396578,45,56.66,63.93,103.3,NA
2020-2021,Feb,31,UTTAR PRADESH,3138,JALAUN,6716833,194.534270314641,52,485,5342.051266046,8008,0,23188,7345995,2351123,119424,10071,508,297.67273,19930.201766646,138717,214140,166463,351456,15853,252076,492747,31196,14290.4777706,2548050,53,64.14,60.08,103.52,NA
2020-2021,Feb,31,UTTAR PRADESH,3140,LALITPUR,4535189,196.406899996012,46,175,1931.483829909,2165,0,11242,4865126,1174108,62055,364722,18810,211.04448,11697.971467409,104767,154126,133701,253281,14289,202269,363961,13407,9555.4431575,1859429,61,67.89,68.52,103.3,NA
2020-2021,Feb,31,UTTAR PRADESH,3150,SULTANPUR,7489349,191.090178033403,44,192,3114.325235045,12540,0,45707,6915500,1938500,85174,13475,597,259.53608,16588.702576945,155882,178090,210292,290133,11389,449415,573373,58247,13214.8412619,2666824,66,59.83,62.43,101.42,NA
2020-2021,Feb,31,UTTAR PRADESH,3154,GORAKHPUR,6063589,189.745769846471,34,200,3456.169608493,4600,2,30361,5977549,1649283,89253,15501,878,501.43211,15299.748086493,172048,192230,225399,312088,6130,481134,614353,34961,11342.146368,2346871,67,63.58,56.18,101.69,NA
2020-2021,Feb,31,UTTAR PRADESH,3158,JAUNPUR,10429055,192.382623213739,47,294,8612.15263949897,17708,4,48058,10840451,3904305,136864,43599,1749,611.33844,30078.635081499,227738,241667,290728,349800,16008,606223,709057,65766,20855.144002,4649975,54,61.65,54.66,100.21,NA
2020-2021,Feb,31,UTTAR PRADESH,3159,BALLIA,5181401,193.193682190909,36,183,1890.622195588,8774,1,26108,5258421,854155,45091,116798,5983,453.18833,12502.747680588,143137,165406,195435,273878,4745,392133,507456,34882,10158.937155,1933529,59,72.62,73.06,101.9,NA
2020-2021,Feb,31,UTTAR PRADESH,3161,VARANASI,2937570,192.159386869849,32,176,1642.052422105,6380,23,17461,2869929,1058066,67786,11553,856,226.15214,7383.042532105,87431,116874,101663,182607,2222,198164,306732,23841,5514.83797,1230364,59,39.62,37.89,103,NA
2020-2021,Feb,31,UTTAR PRADESH,3164,GAUTAM BUDDHA NAGAR,23122,197.691378715434,28,0,0,77,99,143,20287,8130,627,170,19,0,40.10565,700,796,1431,1829,14,16768,19348,220,40.10565,3839,22,19.15,55.55,112.11,NA
2020-2021,Feb,31,UTTAR PRADESH,3169,AURAIYA,2238849,193.493868529296,34,89,721.105652743,1531,0,9726,2495111,1129422,60435,12495,596,192.26756,5741.260010743,71817,82351,91344,130693,2722,164170,221246,11257,4827.886798,572378,45,55.12,73.07,105.5,NA
2020-2021,Feb,31,UTTAR PRADESH,3171,CHANDAULI,6660650,194.616430558236,44,383,5019.507287744,10225,1,19607,5477921,1621436,96499,24902,1353,313.97339,15994.414996744,123360,178280,144511,292673,10418,277316,501455,29832,10660.934319,1768591,52,60.48,47.45,101.92,NA
2020-2021,Feb,31,UTTAR PRADESH,3178,AMBEDKAR NAGAR,4558449,189.21585386969,33,119,4723.486130189,3453,1,26989,4685065,1774586,119007,9996,689,339.93899,13928.310864289,141347,170620,177345,288325,4599,333710,492926,30442,8864.8857441,1774061,68,61.82,49.81,101.72,NA
2020-2021,Feb,31,UTTAR PRADESH,3180,KASHGANJ,2949513,194.921810516554,43,203,2940.619410954,5387,6,5879,3118436,591006,28531,1862,70,171.25499,9190.386311954,71395,90551,82134,140423,7805,152720,232461,11266,6078.511911,840456,21,63.52,68.73,101.53,NA
2020-2021,April,31,UTTAR PRADESH,3115,MEERUT,42658,530.883177570093,4,1,266.970886094,66,309,859,428,220,14818,0,80,5.571,274.814066094,100,107,25350,32233,0,56774,69275,925,2.27218,144,40,32.95,100,100,NA
2020-2021,April,31,UTTAR PRADESH,3117,BULANDSHAHR,19806,0,0,0,43.044978095,303,791,3956,0,0,13632,0,6,3.004,47.681588095,0,0,36796,50307,0,113610,146227,4259,1.63261,0,10,100,65.48,0,NA
2020-2021,April,31,UTTAR PRADESH,3119,MATHURA,116792,12.8670549284848,11,10,661.423484569,129,232,13787,91519,33007,48511,255,368,1.344,674.543284569,7805,9897,84018,140077,0,160672,258335,13916,11.7758,29297,16,10.78,10.22,99.54,NA
2020-2021,April,31,UTTAR PRADESH,3124,BUDAUN,345047,1718351,1,0,556.293618317997,433,609,13923,1,0,46174,0,125,17.844,591.321128317997,1,1,146227,203215,0,272123,358766,14356,17.18351,0,29,61.02,15.85,100,NA
2020-2021,April,31,UTTAR PRADESH,3126,PILIBHIT,244905,4.11005498134908,8,65,1698.136545343,476,173,11704,205888,41577,53870,565,584,3.692,1710.290655343,24009,26994,163553,269823,0,307667,446800,12180,8.46211,39335,45,43.06,42.98,99.95,NA
2020-2021,April,31,UTTAR PRADESH,3133,RAE BARELI,375592,845.798853569567,3,5,1229.670062587,141,360,19711,1919,473,128092,0,1060,2.532,1248.432942587,526,543,212855,381405,0,343072,553936,19852,16.23088,837,27,37.95,36.41,100,NA
2020-2021,April,31,UTTAR PRADESH,3137,KANPUR NAGAR,112228,270.984287317621,11,1,243.130563147,45,336,6259,1782,418,53445,8,2354,2.78835,250.747853147,157,178,68354,127393,0,206569,314723,6304,4.82894,777,24,67.54,2.36,107.14,NA
2020-2021,April,31,UTTAR PRADESH,3138,JALAUN,355363,30.2815599571412,10,102,2596.216996758,364,33,17972,232391,92399,115960,175,479,0.896,2667.484616758,22274,29479,155248,337693,0,233213,468938,18336,70.37162,78242,39,76.67,71.74,99.68,NA
2020-2021,April,31,UTTAR PRADESH,3145,PRAYAGRAJ,416945,36.1935306121795,10,49,2003.371415893,354,552,16455,312147,161389,197081,185,138,10.38234,2126.730775893,29065,33802,230563,378942,0,404093,614376,16809,112.97702,113722,45,55.02,41.1,100.69,NA
2020-2021,April,31,UTTAR PRADESH,3147,GONDA,479862,25.3966781385605,10,10,1696.953020878,326,698,19439,120294,30454,55878,203,517,14.4495,1741.953200878,11525,11916,207727,255064,0,359044,427933,19765,30.55068,35550,37,30.81,21.32,99.84,NA
2020-2021,April,31,UTTAR PRADESH,3148,BARABANKI,401028,27.5123326366386,12,18,2060.558700375,627,335,12805,175591,70191,140797,97,179,0.832,2109.699880375,14149,15949,211732,342533,0,489383,694953,13432,48.30918,47470,36,27.36,19.16,99.97,NA
2020-2021,April,31,UTTAR PRADESH,3153,BASTI,614125,0,0,0,4678.097373048,827,253,25313,0,0,101058,0,202,2.8,4723.910763048,0,0,287853,423404,0,442163,623683,26140,43.01339,0,38,59.89,11.11,0,NA
2020-2021,April,31,UTTAR PRADESH,3154,GORAKHPUR,390835,17.6821142663433,7,37,821.176745472,197,764,11593,191745,55127,80464,480,823,1.63303,856.714345472,24619,25983,196409,279795,0,414680,541269,11790,33.90457,70812,38,64.13,59.3,98.91,NA
2020-2021,April,31,UTTAR PRADESH,3160,GHAZIPUR,368160,43.7202717291799,12,20,993.850579079999,403,576,19587,158393,51557,101490,1479,2310,5.56432,1068.66474908,12278,13418,234002,363170,0,423165,620497,19990,69.24985,58613,42,50.37,12.68,101.47,NA
2020-2021,April,31,UTTAR PRADESH,3165,BAGHPAT,7163,0,0,0,7.3144645,4,217,806,0,0,2716,0,10,1.058,8.9967245,0,0,5574,8178,0,33214,45831,810,0.62426,0,8,0,100,0,NA
2020-2021,April,31,UTTAR PRADESH,3167,AMROHA,181094,0,0,0,562.903432933,435,219,3662,0,0,53024,0,40,10.61355,613.322532933,0,0,105985,180843,0,157233,251956,4097,39.80555,0,14,17.07,1.45,0,NA
2020-2021,April,31,UTTAR PRADESH,3175,BALRAMPUR,329713,9.39479256796758,12,18,1450.030988538,133,296,12040,175672,32747,33401,3658,3364,18.60858,1485.143588538,14393,15270,120133,172159,0,198915,270279,12173,16.50402,56779,26,27.7,20.66,101.1,NA
2020-2021,April,31,UTTAR PRADESH,3176,SHRAVASTI,175099,39.9201260814164,9,32,480.581479897,84,118,8599,74555,27237,49114,1147,1140,1.68,512.023929897,7892,8688,78982,145923,0,139186,228952,8683,29.76245,20204,38,36.91,33.63,100.29,NA
2020-2021,April,31,UTTAR PRADESH,3184,SAMBHAL,201862,29.6100550055005,8,8,727.035111500001,49,284,8819,45450,13325,48637,0,33,4.65512,745.148001500001,5188,5448,99417,143881,0,175114,235908,8868,13.45777,10031,18,45.96,39.08,99.58,NA
2020-2021,June,31,UTTAR PRADESH,3111,RAMPUR,715104,182.225652581384,17,192,1608.83311271,910,2,8125,1356191,282636,35424,2474,209,1.568,4081.72901271,76236,83124,116533,155209,5,203856,259808,9035,2471.3279,244263,23,74.26,81.41,100.02,NA
2020-2021,June,31,UTTAR PRADESH,3122,ETAH,596004,159.084569183231,26,84,714.240677338,898,14,9878,1208089,274320,34459,284,46,5.152,2641.275858338,46315,53568,94678,142271,39,191200,269708,10776,1921.883181,290204,22,80.49,84.39,100.78,NA
2020-2021,June,31,UTTAR PRADESH,3126,PILIBHIT,926039,150.525553593688,18,402,1970.69103443,1337,0,13528,2041705,386581,54281,5454,613,12.18618,5056.16496843,112019,134958,170062,277941,29,319996,461843,14865,3073.287754,358306,40,79.16,86.81,100.07,NA
2020-2021,June,31,UTTAR PRADESH,3129,SITAPUR,2793526,157.369127630379,22,515,3880.463537068,9257,3,34481,4200536,1672712,326780,6767,1124,41.124,10531.934396068,187783,238761,405051,777274,114,728656,1234948,43738,6610.346859,1156432,59,72.17,72.55,101.01,NA
2020-2021,June,31,UTTAR PRADESH,3131,UNNAO,1304670,165.869912556827,23,228,983.949856742998,2196,1,17962,2548741,875534,95106,5119,603,7.242,5218.786324743,108192,121916,191272,271258,46,418875,541149,20158,4227.594468,683797,50,86.64,94.26,100.04,NA
2020-2021,June,31,UTTAR PRADESH,3134,FARRUKHABAD,459004,158.519346538127,21,107,634.678421801,606,0,9221,1174422,172227,18851,1177,147,2.808,2499.172501801,55154,59374,94538,122706,4,188925,233718,9827,1861.68608,194051,33,84.76,84.98,100.67,NA
2020-2021,June,31,UTTAR PRADESH,3152,MAHARAJGANJ,2071855,163.56844376561,24,694,3913.449479605,886,2,13543,4875024,1143659,112777,22996,2943,21.87793,11909.328299605,196647,241509,285131,487708,202,395665,640560,14429,7974.00089,1937238,45,78.39,84.54,99.95,NA
2020-2021,June,31,UTTAR PRADESH,3154,GORAKHPUR,1477833,169.471530168806,22,156,1001.721790273,597,5,14770,3243897,903352,87746,8665,862,1.74503,6500.948703273,141168,155193,220102,306322,47,453579,584258,15367,5497.481883,1262699,38,83.78,86.35,99.02,NA
2020-2021,June,31,UTTAR PRADESH,3163,SONBHADRA,1231102,163.236853294457,23,258,1527.340102781,2162,4,16765,2826035,902990,153632,769637,147315,20.66912,6161.139829781,121622,170535,204930,486748,214,373478,806624,18927,4613.130607,1379074,51,77.82,72.59,100.25,NA
2020-2021,May,31,UTTAR PRADESH,3129,SITAPUR,1680243,123.007627203021,14,318,3880.463537068,8133,12,31029,1657213,652536,325041,1817,1107,25.476,5944.437926068,113897,139161,398664,768498,0,717484,1220301,39162,2038.498389,442665,59,70.52,59.15,100.3,NA
2020-2021,May,31,UTTAR PRADESH,3132,LUCKNOW,280687,117.616669819184,13,80,815.526163182,1348,13,6668,481097,327247,94838,892,369,3.36135,1384.737783182,36584,42056,80204,142115,0,203943,310598,8016,565.85027,113176,27,73.58,76.32,100.34,NA
2020-2021,May,31,UTTAR PRADESH,3138,JALAUN,808207,118.843605651461,19,268,2902.663036539,779,0,20117,1467585,543158,117973,2019,479,0.896,4647.689966539,74524,107113,159232,343597,2,238851,476933,20896,1744.13093,525195,41,89.88,90.59,99.53,NA
2020-2021,May,31,UTTAR PRADESH,3141,HAMIRPUR,542899,128.970934996663,20,59,1575.959766949,1106,0,11885,942367,236792,59203,318,105,1.872,2793.211297949,46632,67885,116488,226579,3,194495,361016,12991,1215.379531,388002,45,77.34,89.53,100.15,NA
2020-2021,May,31,UTTAR PRADESH,3143,FATEHPUR,816460,98.9275957689592,19,149,2873.823331045,1754,16,16140,1273351,568066,114219,311,56,1.008,4134.526861045,66266,73849,182479,260647,0,339893,451769,17894,1259.69553,450250,34,81.16,82.66,99.86,NA
2020-2021,May,31,UTTAR PRADESH,3150,SULTANPUR,721451,91.8934847768474,20,86,2311.21821125,764,53,19007,1376883,419688,83190,3097,572,0.224,3576.70798125,68642,75422,199808,278811,1,399248,518288,19771,1265.26577,511051,48,69.7,75.26,99.93,NA
2020-2021,May,31,UTTAR PRADESH,3154,GORAKHPUR,888883,124.781489575821,16,130,1001.721790273,437,51,13664,1823405,510064,86384,4775,854,1.74503,3278.738740273,112401,121983,215927,301705,1,444862,574675,14101,2275.27192,709302,38,79.96,82.65,98.72,NA
2020-2021,May,31,UTTAR PRADESH,3158,JAUNPUR,1146309,83.3710638006847,17,149,1618.11312623,1676,191,25399,1739997,689644,129629,9262,1709,45.765,3114.53213523,98050,102582,269239,327041,0,543370,642965,27075,1450.654009,726434,39,78.12,72.19,99.77,NA
2020-2021,May,31,UTTAR PRADESH,3160,GHAZIPUR,837312,79.0159291533829,17,125,1387.449769911,1025,85,21345,2117250,597225,105516,13360,2458,6.01232,3066.426849911,121757,139659,248018,381245,2,446477,649813,22370,1672.96476,758482,39,73.85,70.01,104.5,NA
2020-2021,May,31,UTTAR PRADESH,3164,GAUTAM BUDDHA NAGAR,2315,0,0,0,0,0,155,85,0,0,518,0,19,0,0,0,0,1213,1582,0,16357,18866,85,0,0,24,0,0,0,NA
2020-2021,May,31,UTTAR PRADESH,3165,BAGHPAT,16291,56.1454568273092,12,3,7.8658195,7,185,905,7968,3021,2740,0,10,1.058,13.3974895,661,750,5756,8392,0,33485,46144,912,4.47367,2244,7,21.35,92.59,100.15,NA
2020-2021,May,31,UTTAR PRADESH,3167,AMROHA,411864,90.5773791124181,9,73,849.542596569,870,66,4084,352621,102983,53856,89,65,10.61355,1179.551006569,36754,42956,111025,188176,0,164165,261780,4954,319.39486,73963,15,90.37,83.29,100.25,NA
2020-2021,May,31,UTTAR PRADESH,3171,CHANDAULI,585897,116.63645489822,18,222,1679.074821819,1530,24,16510,1455253,479798,95915,6451,1357,3.472,3379.902330819,77658,103799,141671,290420,2,267413,490061,18040,1697.355509,498629,44,76.11,70.73,100.36,NA
2020-2021,May,31,UTTAR PRADESH,3178,AMBEDKAR NAGAR,602746,105.746687505789,15,67,1813.28005286,398,38,11650,1101134,463471,117818,2190,678,4.36054,2982.05332286,70376,78670,169067,278717,3,303221,458418,12048,1164.41273,431778,39,89.18,88.13,99.75,NA
2020-2021,Dec,31,UTTAR PRADESH,3111,RAMPUR,2401932,195.666258532565,29,241,2979.69905541001,3896,0,7969,2738479,582597,35722,4417,216,203.55348,8541.53193541001,93513,103448,120009,159273,536,216235,273864,11865,5358.2794,490890,26,52.47,56.63,100.96,NA
2020-2021,Dec,31,UTTAR PRADESH,3115,MEERUT,1197424,189.869051501474,52,52,285.046911194,1098,3,3942,1417008,606809,18259,9561,215,8.14041,2983.646970494,26975,30955,33506,41733,1157,68520,82822,5040,2690.4596493,485506,34,50.24,75.5,104.35,NA
2020-2021,Dec,31,UTTAR PRADESH,3119,MATHURA,2924294,186.054200498719,40,67,3295.94956801499,2122,6,16379,3157287,956394,50963,9144,459,134.16366,9304.37831331499,78650,105902,93649,153029,1993,179674,282610,18501,5874.2650853,1050617,17,60.9,64.38,108.99,NA
2020-2021,Dec,31,UTTAR PRADESH,3122,ETAH,2980663,193.884615384615,45,97,1338.902823057,2448,4,11042,3073629,608424,34833,785,52,115.70189,7413.898478057,68088,80404,98496,146674,2005,202976,283643,13490,5959.293765,798911,28,63.67,57.59,106.34,NA
2020-2021,Dec,31,UTTAR PRADESH,3123,MAINPURI,3732652,190.434669952379,42,152,1366.948594372,2701,8,14601,3676727,1151130,52514,6070,290,180.50758,8549.219101872,87336,101136,119374,169912,2122,201125,272921,17302,7001.7629275,827293,35,68.74,67.52,111.06,NA
2020-2021,Dec,31,UTTAR PRADESH,3124,BUDAUN,4382291,192.344266821901,35,523,1117.824439954,5291,0,16239,4454327,835622,50009,4012,187,376.43622,10061.903269954,124599,136776,172539,231208,3071,310251,399034,21530,8567.64261,844010,30,81.04,83.63,100.44,NA
2020-2021,Dec,31,UTTAR PRADESH,3125,BAREILLY,3516876,193.001610325798,24,606,2381.969490814,8314,0,15633,4115130,900164,71504,1956,196,344.44211,10668.678767814,165771,203164,198209,310992,1700,318729,458475,23947,7942.267167,756454,34,61.51,63.77,101.71,NA
2020-2021,Dec,31,UTTAR PRADESH,3132,LUCKNOW,1716532,196.007992393546,36,117,1540.780244644,3281,5,10086,2171840,1420575,96254,5132,379,171.57748,5969.337706644,59385,71791,82996,145503,1581,210423,318689,13367,4256.979982,501349,32,59.15,64.5,101.76,NA
2020-2021,Dec,31,UTTAR PRADESH,3136,KANPUR DEHAT,3695904,196.026883446297,37,294,1423.319325828,4552,1,14825,3511154,1242472,72806,20524,1242,178.27296,8484.398045028,94336,113834,118021,191718,1901,265156,388303,19377,6882.8057592,788149,45,67.28,77.81,102.81,NA
2020-2021,Dec,31,UTTAR PRADESH,3142,BANDA,4628060,193.30162972185,38,82,5536.03296378101,7080,0,21464,4369580,1145809,92441,2550,218,223.46398,14205.966295781,112715,168563,160552,339979,3996,284665,544125,28544,8446.469352,1806166,77,64.16,60.37,101.34,NA
2020-2021,Dec,31,UTTAR PRADESH,3146,BAHRAICH,6570758,194.60586601752,42,205,11319.101395765,10931,0,24890,7717621,1341930,82505,64936,3756,488.08213,26826.126708765,182709,223157,291241,447812,8644,641178,862641,35821,15018.943183,2638943,76,50.57,52.34,100.13,NA
2020-2021,Dec,31,UTTAR PRADESH,3150,SULTANPUR,5956519,193.182113838552,42,166,2890.777765045,10667,0,28508,6032192,1649036,85281,11095,594,205.23149,14749.125271445,140303,159623,210329,290252,5377,446233,569967,39175,11653.1160164,2224336,52,60.53,66.37,100.94,NA
2020-2021,Dec,31,UTTAR PRADESH,3155,DEORIA,3832392,193.294913767824,38,115,1646.251213264,5765,1,16496,4354697,1117459,53743,122538,5678,375.27358,10438.932604264,113495,120686,164767,203703,2106,303119,362043,22261,8417.407811,1410935,46,72.54,72.15,100.22,NA
2020-2021,Dec,31,UTTAR PRADESH,3178,AMBEDKAR NAGAR,3365938,186.702466185015,30,115,4604.296450189,3274,1,23192,3887182,1488624,119101,8122,690,290.13283,12151.893939289,126955,150319,177260,288399,1521,332564,491800,26466,7257.4646591,1421550,64,60.98,52.54,101.85,NA
2020-2021,Dec,31,UTTAR PRADESH,3179,MAHOBA,1726344,195.795052736954,38,47,584.619106924999,1931,1,11500,1723175,505008,50851,2166,231,87.5434,4046.053906925,45069,76630,62391,169206,1753,119774,292832,13431,3373.8914,652896,62,84.64,79.7,102.52,NA
2020-2021,Nov,31,UTTAR PRADESH,3111,RAMPUR,2363281,191.928143326388,27,235,2979.69905541001,2266,0,8931,2480883,531081,35704,3960,216,197.24852,7938.46025541001,91292,100827,119625,158892,317,214839,272400,11197,4761.51268,441544,24,55.38,59.61,100.5,NA
2020-2021,Nov,31,UTTAR PRADESH,3114,MUZAFFARNAGAR,918629,190.188729250428,37,25,412.60493456,1965,0,4197,1085926,353363,16154,2282,127,26.78096,2504.69475456,29094,30828,43381,51423,612,111338,133866,6162,2065.30886,300247,15,69.53,81.09,102.09,NA
2020-2021,Nov,31,UTTAR PRADESH,3118,ALIGARH,3489138,193.617767204461,30,187,1873.19341267,1830,15,10680,3554020,1037702,55308,4426,253,108.55204,8862.95962267,115829,130073,146812,197269,1002,252515,328917,12510,6881.21417,852507,12,74.96,84.03,100.24,NA
2020-2021,Nov,31,UTTAR PRADESH,3122,ETAH,2721972,193.208904983333,43,96,1338.902823057,2248,6,10114,2865171,573075,34822,757,50,106.82845,6981.496788057,66027,77671,98011,146127,1229,201800,282310,12362,5535.765515,742315,23,66.72,61.41,105.15,NA
2020-2021,Nov,31,UTTAR PRADESH,3126,PILIBHIT,3076254,193.338597294628,24,455,2990.835474234,4532,0,13398,3175756,592688,53246,8186,608,206.284,9337.081578134,129342,157714,168806,272601,386,312488,449354,17930,6139.9621039,532010,37,61.46,66.39,101.37,NA
2020-2021,Nov,31,UTTAR PRADESH,3130,HARDOI,8574702,193.172201694202,43,258,5659.879700923,6948,2,25821,9485409,3468674,168383,9257,473,340.05396,24323.107065923,217554,238097,316669,430210,4739,653887,827914,32769,18323.173405,1893552,34,65.38,71.41,103.77,NA
2020-2021,Nov,31,UTTAR PRADESH,3131,UNNAO,4278937,196.790216093364,38,265,3602.878259122,11551,1,16971,5249120,1746116,96681,8984,609,334.78707,14267.419920122,135467,155545,196153,277298,5192,434564,559220,28522,10329.754591,1326875,51,69.04,69.26,100.17,NA
2020-2021,Nov,31,UTTAR PRADESH,3135,ETAWAH,3115289,190.904851831238,37,98,2085.67709354,4152,0,13659,3620365,1274729,60469,5682,226,107.02339,9104.15292254,95772,108604,117197,161641,2119,197984,256005,17811,6911.452439,724004,32,52.19,68.72,108.08,NA
2020-2021,Nov,31,UTTAR PRADESH,3137,KANPUR NAGAR,1394238,192.236553592718,32,152,522.540990102,896,0,8715,1739658,685507,56077,28079,2366,102.44674,3969.246313602,54291,66017,77081,138065,447,222322,333468,9611,3344.2585835,300190,29,57.89,68.89,102.68,NA
2020-2021,Nov,31,UTTAR PRADESH,3139,JHANSI,3913710,192.008300865282,51,283,4134.63107540101,5316,0,11026,4484665,1550443,91991,40823,2060,178.83872,12924.398861401,86925,129407,125898,252689,6815,219952,420732,16342,8610.929066,1643808,45,66.93,61.7,101.83,NA
2020-2021,Nov,31,UTTAR PRADESH,3153,BASTI,8080397,188.764573600949,39,242,9752.65950608198,11015,11,34613,9046045,1959985,105854,4136,233,308.12249,27136.510268082,229676,270069,316358,457145,2075,494945,685251,45628,17075.728272,3879368,45,72.49,65.08,101.33,NA
2020-2021,Nov,31,UTTAR PRADESH,3162,MIRZAPUR,6371463,196.137201066133,38,172,5220.57017180699,7165,1,22607,5923091,2532036,155898,59542,3706,211.1888,17049.143875807,155792,219281,198918,351136,1670,379857,610690,29772,11617.384904,2494442,59,73.65,57.15,101.92,NA
2020-2021,Nov,31,UTTAR PRADESH,3168,KANNAUJ,1773128,189.113553925785,31,208,1082.667199689,4062,0,14890,2354115,783711,58832,777,67,109.67218,5644.289919689,73987,83966,105633,155899,948,184910,250148,18952,4451.95054,380679,36,74.84,78.92,106.23,NA
2020-2021,Nov,31,UTTAR PRADESH,3173,SANT RAVIDAS NAGAR,2123483,192.733457622666,31,59,636.752037464,1151,1,13962,1964234,781302,63562,7492,515,155.98627,4578.474411464,63291,81660,84954,151723,595,183722,297170,15113,3785.736104,774416,48,84.74,80.95,102.12,NA
2020-2021,Nov,31,UTTAR PRADESH,3176,SHRAVASTI,2188063,192.728351752422,37,171,1510.203027981,5539,0,8353,2399051,774612,50808,14078,1150,76.51452,6210.368997981,64124,80748,90811,160331,1801,161645,255513,13892,4623.65145,718355,39,77.44,75.55,100.98,NA
2020-2021,Nov,31,UTTAR PRADESH,3183,SHAMLI,323997,177.930827776655,33,7,45.842878925,246,0,3185,386022,56809,3699,187,34,13.22504,745.920058925,11409,12388,22734,27341,121,50725,59854,3431,686.85214,84295,14,59.98,80.67,103.28,NA
2020-2021,Oct,31,UTTAR PRADESH,3115,MEERUT,1029168,185.930914167636,48,52,285.046911194,548,3,4092,1169687,501044,17242,6133,130,7.04428,2466.900923194,24205,27706,31706,39671,734,66177,80123,4640,2174.809732,392817,33,48.73,78.25,103.8,NA
2020-2021,Oct,31,UTTAR PRADESH,3116,GHAZIABAD,0,194.630649350649,17,0,0.2358613,5,161,13,1925,189,33,0,0,0,3.9825013,111,112,158,269,0,17880,26163,18,3.74664,491,16,68.14,85.01,100,NA
2020-2021,Oct,31,UTTAR PRADESH,3122,ETAH,2464125,191.656031937432,41,95,1256.841778905,2114,7,9975,2662080,541109,34800,598,48,49.28813,6408.166803905,63671,74631,97770,145984,925,200966,281534,12089,5102.036895,681634,23,70.15,66.89,104.32,NA
2020-2021,Oct,31,UTTAR PRADESH,3123,MAINPURI,3100805,189.109732656762,38,146,1245.486950066,2431,8,13503,3146255,986258,52131,5631,288,97.69696,7293.058329266,82716,95383,117831,168357,1064,198558,270264,15934,5949.8744192,708169,31,71.48,73.66,109.79,NA
2020-2021,Oct,31,UTTAR PRADESH,3125,BAREILLY,3425520,191.545678564911,21,579,1292.198696654,6766,0,14850,3495922,767909,71509,1539,196,235.57063,8224.056843654,160654,193893,197795,310571,767,317330,457002,21616,6696.287517,593517,29,66.39,72,101.59,NA
2020-2021,Oct,31,UTTAR PRADESH,3133,RAE BARELI,4639169,192.948013084073,30,248,3214.677146071,6880,0,26022,5126538,1714333,134620,13218,1157,254.47884,13360.709197071,168495,209035,231700,404799,1720,381786,600540,32902,9891.553211,1692866,31,59.65,69.75,100.08,NA
2020-2021,Oct,31,UTTAR PRADESH,3136,KANPUR DEHAT,2937963,195.163032014921,34,279,1162.729206576,1384,1,15466,3120420,1104987,72636,18828,1244,89.95488,7342.59037017601,91506,110056,117242,191042,1049,261033,383830,16850,6089.90628360001,699761,39,69.53,80.7,102.49,NA
2020-2021,Oct,31,UTTAR PRADESH,3139,JHANSI,3873228,191.010793481443,49,270,2194.30789228801,4897,0,11174,4225291,1469841,91909,37999,2040,143.72128,10408.791038288,84796,125830,125716,252447,5119,218486,418637,16071,8070.761866,1558269,45,69.58,64.84,101.43,NA
2020-2021,Oct,31,UTTAR PRADESH,3148,BARABANKI,4953344,190.53995767803,37,143,2949.395055652,4325,1,17530,5193520,2122929,145009,3223,194,208.06322,13053.189085652,138159,166999,221662,354685,3415,510864,720857,21855,9895.73081,1384837,36,52.15,59.2,99.94,NA
2020-2021,Oct,31,UTTAR PRADESH,3151,SIDDHARTH NAGAR,9016951,191.17984943409,34,174,11254.406859253,4191,1,23149,7413896,1482642,84726,9007,442,309.64565,25737.927719253,218025,241185,317754,410737,1390,471306,589844,27340,14173.87521,3538836,36,62.61,54.15,99.97,NA
2020-2021,Oct,31,UTTAR PRADESH,3152,MAHARAJGANJ,6767874,189.679231385919,33,766,5969.023472093,4642,0,13023,7343191,1692182,113175,32453,2958,244.55964,20142.091360093,221096,274212,288963,492258,1983,405005,651883,17665,13928.508248,2842546,48,60.48,64.81,100.34,NA
2020-2021,Oct,31,UTTAR PRADESH,3157,AZAMGARH,7310011,192.026378420726,30,334,7067.347061616,12144,0,23674,7556510,3025221,169309,19117,892,328.0758,21905.915349616,249806,271895,348309,428762,876,659450,774657,35818,14510.492488,2971300,44,71.32,69.18,101.64,NA
2020-2021,Oct,31,UTTAR PRADESH,3158,JAUNPUR,6754574,188.004721849053,39,255,5578.714716007,10543,4,30543,7775005,2832290,135734,32454,1749,285.58004,20481.671280007,195396,207010,287929,346898,2062,598400,700980,41086,14617.376524,3222469,37,70.97,65.42,100.13,NA
2020-2021,Oct,31,UTTAR PRADESH,3159,BALLIA,4038381,195.490026720317,30,172,1536.550544711,2640,2,19700,3947558,633497,44736,83387,5905,227.16097,9480.793703711,128701,147538,193513,271798,255,381597,496225,22340,7717.082189,1402076,40,80.65,85.21,101.49,NA
2020-2021,Oct,31,UTTAR PRADESH,3164,GAUTAM BUDDHA NAGAR,16189,190.170842696629,26,0,0,23,99,173,17800,7190,627,156,19,0,33.85041,669,762,1431,1829,0,16739,19316,196,33.85041,3264,18,18.49,60.45,111.25,NA
2020-2021,Oct,31,UTTAR PRADESH,3166,HATHRAS,1483889,192.984887140237,27,56,278.737916714,843,0,4670,1463985,433497,25448,1568,88,88.60742,3192.615136714,52916,62055,59987,89076,585,96651,134991,5513,2825.2698,192268,16,82.43,86.25,101.07,NA
2020-2021,Oct,31,UTTAR PRADESH,3167,AMROHA,2236801,191.605086351016,29,168,1205.261902687,3393,0,6057,2472814,659761,54633,1094,79,112.63838,6055.937682687,84140,106771,116286,194046,836,172555,271614,9450,4738.0374,540603,13,83.54,82.64,100.88,NA
2020-2021,Oct,31,UTTAR PRADESH,3175,BALRAMPUR,4072495,188.712728788536,40,132,2970.941928666,2969,0,13372,4188584,733723,36863,64494,3622,218.64897,11093.982062666,103958,117065,144477,199135,1555,238402,313356,16341,7904.391164,1349333,29,69.85,70.52,100.48,NA
2020-2021,Oct,31,UTTAR PRADESH,3183,SHAMLI,320250,174.459612719601,30,7,45.529278925,204,0,3212,321834,46064,3632,167,34,8.12312,615.122748925,10674,11555,22527,27103,67,50463,59557,3416,561.47035,67843,15,59.28,81.34,102.81,NA
2020-2021,Oct,31,UTTAR PRADESH,3184,SAMBHAL,2493330,190.00163845501,30,242,1252.837637024,993,114,11402,2337568,725359,52708,994,60,101.68956,5795.944697024,77609,89974,113810,160836,736,200440,264886,12395,4441.4175,539349,18,43.77,46.4,99.96,NA
2020-2021,July,31,UTTAR PRADESH,3111,RAMPUR,1688427,191.942254743529,20,212,2390.31453081301,1072,1,8413,1711015,361776,35538,2914,216,52.244,5726.71930081301,82867,90744,117524,156380,20,205686,261908,9485,3284.16077,306984,23,67.63,74.96,100.07,NA
2020-2021,July,31,UTTAR PRADESH,3112,SAHARANPUR,933885,183.096760495767,16,150,339.972355795,379,0,11562,1145700,529427,69486,2326,307,7.04214,2444.754080795,68868,82233,96601,145623,76,148504,210552,11941,2097.739585,381851,22,77.27,92.81,100.1,NA
2020-2021,July,31,UTTAR PRADESH,3134,FARRUKHABAD,1083751,175.597328603537,26,118,693.922597554,815,0,9781,1662651,238598,19004,1774,147,2.808,3616.301337554,61692,66760,95997,124257,12,192031,237007,10596,2919.57074,277651,33,82.7,83.86,101.66,NA
2020-2021,July,31,UTTAR PRADESH,3145,PRAYAGRAJ,3722400,180.815023743927,27,299,3394.226459588,4078,3,25367,5162162,2536579,217523,2354,220,106.06234,12834.253245588,189500,239954,272186,434861,388,468947,698535,29445,9333.964446,1910958,43,77.72,82.81,101.7,NA
2020-2021,July,31,UTTAR PRADESH,3148,BARABANKI,3580292,182.420742947014,29,130,2658.305662304,3076,1,15528,3688473,1525219,144514,2241,192,104.76334,9491.608852304,124427,149661,220455,353197,577,506528,715629,18604,6728.53985,1022564,35,70.54,77.61,99.95,NA
2020-2021,July,31,UTTAR PRADESH,3155,DEORIA,2693964,185.319644343752,28,95,864.138502025,2933,2,13960,2793990,726674,53477,78604,5560,103.04432,6144.995153025,98051,103627,162804,201563,43,297368,355747,16893,5177.812331,913814,34,89.93,93.79,100.04,NA
2020-2021,July,31,UTTAR PRADESH,3157,AZAMGARH,4854891,186.192507786416,25,325,5332.91750123,7659,0,23126,5923136,2418639,168630,14313,882,126.37,16487.72295923,232113,252031,345710,425974,101,634024,748469,30785,11028.435458,2357407,42,77.65,89.9,100.88,NA
2020-2021,July,31,UTTAR PRADESH,3159,BALLIA,2665646,187.555398987369,27,165,1484.004007599,1640,4,19751,3339617,542396,43796,71331,5669,45.34929,7792.985286599,122145,139779,189492,267375,61,348630,461108,21391,6263.631989,1187609,41,82.85,90.78,101.18,NA
2020-2021,July,31,UTTAR PRADESH,3163,SONBHADRA,2906746,184.162858666158,26,288,2677.795178588,2915,3,17528,3460530,1080009,153706,961991,147501,55.74764,9106.553791588,131713,186686,205499,487554,470,374661,808320,20443,6373.010973,1682156,51,70.46,66.69,100.46,NA
2020-2021,July,31,UTTAR PRADESH,3167,AMROHA,1616767,165.054185739926,21,147,1172.458207487,1931,0,4934,1573975,428270,54671,518,77,37.24455,3807.614377487,74661,92823,115432,193510,105,170413,269313,6865,2597.91162,349385,13,89.84,91.52,100.7,NA
2020-2021,July,31,UTTAR PRADESH,3170,KAUSHAMBI,1430052,182.139018965492,27,145,1178.526435469,2702,26,13231,1917588,958538,100256,710,95,3.972,4675.174406469,70633,92416,107547,192501,169,244189,382899,15933,3492.675971,779621,63,81.61,75.36,101.02,NA
2020-2021,July,31,UTTAR PRADESH,3173,SANT RAVIDAS NAGAR,1068511,187.731819332898,24,53,498.906039814,774,2,12453,1425539,585137,62628,4252,512,44.24541,3219.341749814,57428,73426,82786,149265,148,172557,284653,13227,2676.1903,572770,46,92.44,90.59,100.88,NA
2020-2021,July,31,UTTAR PRADESH,3174,SANT KABEER NAGAR,3432676,183.395610277873,32,109,4797.609544242,5504,10,9840,4285556,1284113,103228,8240,581,80.91933,12738.050454242,132191,162439,197063,318864,148,357858,531122,15344,7859.52158,1805429,44,79.85,84.87,100.94,NA
2020-2021,July,31,UTTAR PRADESH,3177,CHITRAKOOT,2038074,180.782815439717,31,80,1943.642024699,1179,0,16243,2565617,1142914,96998,488,34,23.96864,6605.805310699,80803,124094,110854,220554,660,158973,297374,17422,4638.194646,1106136,52,62.74,73.86,101.32,NA
2020-2021,July,31,UTTAR PRADESH,3180,KASHGANJ,1235926,182.413749110495,25,158,2432.718040395,1937,0,6023,1531750,305672,28244,1080,64,9.724,5236.564642395,59117,73582,79893,138088,232,148817,228202,7960,2794.122602,421158,20,74.99,87.05,100.25,NA
2020-2021,July,31,UTTAR PRADESH,3181,AMETHI,2282489,180.358919884451,33,101,2088.647896037,4067,0,18641,3257133,917106,70951,10000,747,55.504,8018.681794037,98161,126625,155689,256005,333,276151,411733,22708,5874.529898,1101822,48,68.1,75.16,104.89,NA
2020-2021,July,31,UTTAR PRADESH,3184,SAMBHAL,1802188,177.099917426437,21,207,1135.385531521,368,114,10924,1464149,458405,51693,598,51,20.11912,3748.511321521,67567,77438,110509,156750,84,190476,253488,11292,2593.00667,331860,18,47.13,50.76,99.83,NA
2020-2021,Aug,31,UTTAR PRADESH,3110,MORADABAD,1787369,183.209729330699,25,178,763.411992864001,1353,63,7622,2006212,462008,40024,1853,95,8.176,4447.163567864,78638,91956,114086,173406,479,200887,282607,8975,3675.575575,527636,28,89.53,92.22,100.49,NA
2020-2021,Aug,31,UTTAR PRADESH,3116,GHAZIABAD,0,198.891220320265,17,0,0.2358613,2,161,16,1811,179,33,0,0,0,3.8377813,105,106,158,269,0,17848,26114,18,3.60192,471,16,66.57,83.48,100,NA
2020-2021,Aug,31,UTTAR PRADESH,3121,FIROZABAD,1690760,182.346891249278,29,106,781.850202274999,741,1,6835,1912585,766762,47293,2171,233,29.31757,4298.707062275,65842,73747,98133,126298,56,192128,239395,7576,3487.53929,576574,20,82.1,83.55,101.77,NA
2020-2021,Aug,31,UTTAR PRADESH,3140,LALITPUR,3261454,192.557550626631,38,139,1807.184989909,918,0,7433,3542355,839275,63038,260086,19294,71.67084,8699.927852409,92982,134517,134382,258009,1742,201803,368819,8351,6821.0720225,1380660,43,85.4,88.65,101.21,NA
2020-2021,Aug,31,UTTAR PRADESH,3156,MAU,3707799,190.375294156461,28,416,3247.975227292,2069,2,7822,3879738,1105195,76752,25919,1671,97.224,10731.261857292,135097,151819,193127,260245,164,302714,390706,9891,7386.06263,1703386,31,83.78,89.26,102.05,NA
2020-2021,Aug,31,UTTAR PRADESH,3161,VARANASI,1251084,185.20584157128,21,162,922.879501286,5418,29,9825,1691360,628374,66893,6427,803,86.09443,4141.471453286,77155,100913,99313,179608,104,185238,291150,15243,3132.497522,717089,41,44.41,50.57,102.29,NA
2020-2021,Aug,31,UTTAR PRADESH,3162,MIRZAPUR,2895556,191.407226281369,32,163,2053.53196632,5375,1,18596,4785352,2061080,155159,46580,3650,68.67952,11281.72101732,145094,203235,196667,347972,454,369403,597463,23971,9159.509531,2051060,53,81.43,80.07,101.23,NA
2020-2021,Aug,31,UTTAR PRADESH,3167,AMROHA,1841913,180.082080947274,24,155,1205.261902687,2315,0,5140,1933802,522503,54708,791,77,91.26247,4778.955255687,79117,99626,115919,193969,248,171157,270088,7455,3482.430883,429605,12,87.96,88.76,100.79,NA
2020-2021,Aug,31,UTTAR PRADESH,3168,KANNAUJ,1443207,177.484193254285,24,179,1082.667199689,2340,0,15329,1632088,551893,58664,621,65,55.448,4034.813419689,66679,74780,104551,154937,110,178640,243555,17669,2896.69822,261656,37,76.05,81.73,104.1,NA
2020-2021,Aug,31,UTTAR PRADESH,3169,AURAIYA,1274102,183.12409024885,25,78,511.470196951,455,0,7722,1562790,714470,59690,7541,590,48.84594,3422.161106951,62136,70357,89486,128794,99,155694,212174,8177,2861.84497,349096,30,59.55,86.45,104.92,NA
2020-2021,Aug,31,UTTAR PRADESH,3179,MAHOBA,1176050,194.058541610388,33,41,468.675878127999,952,1,10160,1388175,416711,50441,1821,224,34.76182,3197.309858128,41988,70969,61550,167970,726,113715,285291,11112,2693.87216,535260,55,90.4,89.36,101.75,NA
2020-2021,Aug,31,UTTAR PRADESH,3180,KASHGANJ,1408036,185.561674416972,28,176,2631.332993658,2332,0,6265,1766812,345766,28334,1180,65,58.232,5968.090924658,61647,77030,80537,138814,478,149804,229342,8597,3278.525931,486712,20,74.17,85.78,100.32,NA
2020-2021,Aug,31,UTTAR PRADESH,3183,SHAMLI,263712,163.090201546193,22,5,45.529278925,130,0,3094,192214,27442,3348,151,32,6.246,365.257478925,8450,9081,21581,25711,18,48255,56614,3224,313.4822,38735,12,62.47,88.1,102.5,NA
2020-2021,Aug,31,UTTAR PRADESH,3184,SAMBHAL,2053154,182.198413118312,24,217,1252.837637024,601,114,11214,1776692,550677,51902,729,51,64.51512,4554.457387024,72186,82908,111530,157905,241,192060,255257,11815,3237.10463,404049,18,46.33,50.07,99.88,NA
2020-2021,May,31,UTTAR PRADESH,3112,SAHARANPUR,237903,123.634911713603,8,67,284.062029212,238,36,9293,350507,166795,66969,708,281,3.52348,720.934529212,39925,45302,91776,139529,0,139793,199755,9531,433.34902,117014,20,81.95,93.31,99.97,NA
2020-2021,May,31,UTTAR PRADESH,3117,BULANDSHAHR,45044,73.8917588135814,9,19,54.347820655,337,226,5172,153740,39327,14895,69,21,3.34,171.289010655,16836,17904,49117,63634,0,133443,167433,5509,113.60119,32298,8,88.96,94.43,103.61,NA
2020-2021,May,31,UTTAR PRADESH,3121,FIROZABAD,378065,78.8929737783286,11,63,575.883445955,247,47,5219,283239,126207,44622,346,194,1.344,800.683115955,25711,28183,86989,114228,1,174188,220087,5466,223.45567,83494,22,84.89,85.78,99.88,NA
2020-2021,May,31,UTTAR PRADESH,3123,MAINPURI,454976,103.794064750901,17,86,897.622993541001,477,19,12678,866181,276666,50265,991,211,2.292,1798.959461541,48876,54830,108932,158321,0,182391,252014,13155,899.044468,205074,34,82.43,80.58,100.4,NA
2020-2021,May,31,UTTAR PRADESH,3130,HARDOI,1560603,108.409054277383,18,156,2688.224929875,2409,16,21088,2203754,814803,164580,1892,438,10.616,5087.909799875,120478,128900,304876,416966,1,628247,798995,23497,2389.06887,429674,33,67.3,73.59,100.19,NA
2020-2021,May,31,UTTAR PRADESH,3131,UNNAO,784730,133.419806701479,15,163,983.949856742998,1498,5,16103,1266228,437752,94187,2737,603,5.562,2678.910806743,79919,88282,188085,267751,0,413854,535645,17601,1689.39895,342031,53,85.67,92.21,99.97,NA
2020-2021,May,31,UTTAR PRADESH,3139,JHANSI,715196,100.988872868686,23,126,1797.26118633401,488,5,12072,1165889,429038,90243,10535,1941,0,2974.67934633401,49781,70164,122872,248040,13,211320,408262,12560,1177.41816,450770,47,86.11,81.84,99.58,NA
2020-2021,May,31,UTTAR PRADESH,3148,BARABANKI,912063,92.9923955280368,19,90,2387.371410942,1952,53,13247,1424162,605888,143683,896,187,0.90534,3712.639110942,73634,86668,218071,350426,3,501106,709389,15199,1324.36236,392143,36,68.33,71.41,100,NA
2020-2021,May,31,UTTAR PRADESH,3149,AYODHYA,679742,111.035257906032,15,137,1582.444187723,219,9,13779,1324242,546223,103348,2125,456,14.042,3066.861707723,84578,94852,165866,266071,0,265859,394398,13998,1470.37552,529196,35,68.46,68.27,100.08,NA
2020-2021,May,31,UTTAR PRADESH,3155,DEORIA,686275,98.6738548427594,19,73,801.456249251,762,92,14659,1330254,373233,52866,37818,5468,5.824,2119.893150251,68036,71096,158063,196149,0,288744,346039,15421,1312.612901,436659,35,89.03,91.63,99.91,NA
2020-2021,May,31,UTTAR PRADESH,3157,AZAMGARH,1236761,121.470195611478,15,236,4015.878721038,1251,18,24541,2304466,991694,165557,4335,736,38.814,6853.932079038,149676,159239,334064,413307,0,605927,718437,25792,2799.239358,911669,43,76.03,90.31,100.04,NA
2020-2021,May,31,UTTAR PRADESH,3168,KANNAUJ,322711,107.570150942344,12,110,640.048005500999,1315,14,13531,502046,172959,58342,175,60,1.792,1181.891645501,40920,44317,101097,151090,0,168324,232498,14846,540.05164,80370,40,78.15,82.48,102.35,NA
2020-2021,May,31,UTTAR PRADESH,3173,SANT RAVIDAS NAGAR,272198,127.409149741979,16,36,260.91246434,527,12,11709,710796,306216,62007,2349,499,9.41341,1175.94501434,42245,52273,80755,146638,1,166363,277387,12236,905.61914,290125,47,92.98,89.3,100.03,NA
2020-2021,May,31,UTTAR PRADESH,3175,BALRAMPUR,749872,90.6212456482955,19,76,1644.445829786,270,63,12584,1232563,233434,35048,18535,3523,18.60858,2780.018353786,62318,68426,132123,185673,7,213945,287058,12854,1116.963944,409151,25,80.38,87.45,100.69,NA
2020-2021,May,31,UTTAR PRADESH,3176,SHRAVASTI,398229,107.479164148657,16,128,621.742898536,184,8,9783,678446,231525,49997,5006,1128,2.016,1352.946988536,40058,47322,86737,155260,0,150385,242368,9967,729.18809,195227,36,82.18,87.81,100.74,NA
2020-2021,May,31,UTTAR PRADESH,3179,MAHOBA,262973,132.190581451745,19,26,300.014940776999,726,2,9498,554629,169494,49805,813,223,11.42,1044.602240777,28510,46271,60102,165459,7,110275,280170,10224,733.1673,217744,52,97.75,94.59,100.15,NA
2020-2021,May,31,UTTAR PRADESH,3181,AMETHI,581454,93.5018647918031,20,66,1950.120911717,893,21,18908,1366855,400473,70458,4264,753,6.268,3234.423825717,65814,81145,153433,254370,4,271593,407553,19801,1278.034914,467579,52,68.55,72.57,101.04,NA
2020-2021,May,31,UTTAR PRADESH,3183,SHAMLI,58968,70.8382874056781,12,1,28.048684925,29,125,2851,23987,3964,3150,39,32,5.798,50.838664925,1963,2041,19772,23698,0,44733,52673,2880,16.99198,3376,13,66.05,88.1,99.61,NA
2020-2021,May,31,UTTAR PRADESH,3184,SAMBHAL,459099,114.940005707992,12,139,997.073612696,126,125,9486,546602,177376,50681,109,42,5.10312,1630.441102696,44718,50216,106020,151735,0,183818,246112,9612,628.26437,121703,17,52.7,53.66,99.74,NA
2020-2021,Oct,31,UTTAR PRADESH,3177,CHITRAKOOT,3569186,194.991529583607,39,92,2561.86833397,2125,0,16549,3535387,1542145,97564,724,36,80.75253,9536.32605197,89267,138533,112461,222806,2918,163501,303320,18674,6893.705188,1502205,52,55.86,63.53,101.15,NA
2020-2021,Oct,31,UTTAR PRADESH,3179,MAHOBA,1564427,196.620325649318,36,45,468.675878127999,1024,1,10266,1572919,465939,50685,2041,229,50.73001,3612.084348128,43667,74043,62069,168733,1190,117841,290592,11290,3092.67846,599941,55,86.9,83.26,102.32,NA
2020-2021,Oct,31,UTTAR PRADESH,3180,KASHGANJ,2134574,191.142841906726,34,191,2631.332993658,3098,0,6439,2299984,442048,28437,1440,65,103.90374,7131.491514658,66004,83037,81421,139767,1573,151204,230910,9537,4396.254781,623492,20,71.64,80.91,100.68,NA
2020-2021,Dec,31,UTTAR PRADESH,3121,FIROZABAD,2111246,194.078333641579,37,118,802.669888329999,1223,1,8560,2795389,1101778,47522,3817,216,108.39376,6336.30803833,73757,83466,100164,127340,1071,201779,248912,9783,5425.24439,871667,32,79.09,79.5,103.12,NA
2020-2021,Dec,31,UTTAR PRADESH,3126,PILIBHIT,3131085,194.125732844976,25,457,2990.835474234,6730,0,11622,3367206,627348,53338,8533,609,220.18096,9747.629758134,130971,160001,168998,272880,785,315131,452418,18352,6536.6133239,560454,37,60.5,65.44,101.54,NA
2020-2021,Dec,31,UTTAR PRADESH,3127,SHAHJAHANPUR,4019479,193.714934756759,28,345,2548.886165728,5964,4,11334,4182119,1204903,90926,3173,188,288.53504,10938.810298028,144259,169446,195911,307823,2109,390173,549647,17298,8101.3890923,573146,34,55.05,59.91,107,NA
2020-2021,Dec,31,UTTAR PRADESH,3130,HARDOI,8714941,194.439470410383,45,261,5659.879700923,8093,2,29183,10046987,3682525,168328,10384,473,352.10564,25547.293655923,222587,244051,316508,429961,7239,654058,828029,37276,19535.308315,2029052,40,64.42,69.65,104.15,NA
2020-2021,Dec,31,UTTAR PRADESH,3135,ETAWAH,3535101,189.058443432539,39,103,2085.67709354,5076,0,13805,3872341,1360916,60547,5896,226,111.88099,9518.54570254,97547,110753,117608,162076,2937,199348,257489,18881,7320.987619,776696,35,52.02,68.08,108.72,NA
2020-2021,Dec,31,UTTAR PRADESH,3138,JALAUN,6057277,192.826695679384,49,471,5143.664930465,7426,0,23257,6663055,2156415,119470,8972,509,220.47491,18212.288628265,133785,205142,166492,351652,5009,251193,491469,30683,12848.1487878,2308730,53,67.65,65.32,103.52,NA
2020-2021,Dec,31,UTTAR PRADESH,3139,JHANSI,3973187,194.021133766941,53,291,4134.63107540101,6073,0,11300,4720247,1629984,92131,44042,2070,209.17126,13502.079081401,88866,132557,126187,253071,8450,221197,422288,17373,9158.276746,1721125,48,63.12,57.26,102,NA
2020-2021,Dec,31,UTTAR PRADESH,3141,HAMIRPUR,4559049,195.01102298867,48,148,3034.623795351,3351,0,14056,4536365,985936,60177,1893,121,141.69476,12022.730348351,93973,144352,122334,236057,6418,204920,377201,17407,8846.411793,1809650,50,63.81,76.57,101.48,NA
2020-2021,Dec,31,UTTAR PRADESH,3143,FATEHPUR,4559393,192.978804404972,40,242,4471.888367189,8319,0,28698,5468457,2286448,117621,2701,119,298.41464,15323.265945189,133841,154968,190391,269905,4956,373821,489188,37017,10552.962938,1885772,55,70.26,74.78,100.51,NA
2020-2021,Dec,31,UTTAR PRADESH,3147,GONDA,6094508,191.341102797209,42,244,4455.493481957,11400,161,27714,6223846,1368668,62836,13414,617,459.04406,16823.313114757,147118,159217,238860,290073,4262,429890,507595,39114,11908.7755728,2041964,49,62.42,57.79,100.76,NA
2020-2021,Dec,31,UTTAR PRADESH,3148,BARABANKI,5093273,190.056394532986,42,150,5648.77136248,6458,1,19313,6365156,2581051,145398,4085,198,349.18628,18095.34364248,148067,179534,222495,355777,7551,514318,725309,25771,12097.386,1687250,43,47.79,53.91,99.95,NA
2020-2021,Dec,31,UTTAR PRADESH,3151,SIDDHARTH NAGAR,10065548,188.666461634453,40,189,12382.313104535,5035,0,29041,9609872,1882715,84807,13347,444,489.02684,31001.945414535,235851,262137,318661,411665,6202,474263,592972,34076,18130.60547,4630297,47,60.47,51.48,100.56,NA
2020-2021,Dec,31,UTTAR PRADESH,3164,GAUTAM BUDDHA NAGAR,19774,195.888273563095,26,0,0,44,99,174,18599,7443,627,159,19,0,36.43326,693,788,1431,1829,0,16767,19347,218,36.43326,3438,22,18.52,58.06,112.92,NA
2020-2021,Dec,31,UTTAR PRADESH,3169,AURAIYA,1841677,192.065455792624,32,87,673.307782743,1140,0,7638,2224674,1007428,60492,11005,596,149.17456,5095.312600743,68955,78646,91277,130725,1068,163759,220878,8778,4272.830258,501488,31,56.61,76.57,104.85,NA
2020-2021,Nov,31,UTTAR PRADESH,3109,BIJNOR,3304201,191.28096969218,21,351,2027.81945851201,2128,0,17369,3391138,1407524,128754,10524,761,211.50249,8725.923598512,156312,194456,187653,296008,768,273334,405111,19497,6486.60165,863359,22,66.66,71.72,104.66,NA
2020-2021,Nov,31,UTTAR PRADESH,3110,MORADABAD,2424027,187.156198257058,33,206,763.411992864001,1823,63,8571,2854254,651054,40286,2165,100,110.91176,6216.237027864,85445,100958,115532,175212,2199,206906,289816,10394,5341.913275,740875,26,83.7,85.19,101.59,NA
2020-2021,Nov,31,UTTAR PRADESH,3124,BUDAUN,4311772,191.112186296433,34,507,1117.824439954,3720,1,17299,4155356,779488,49967,3624,182,357.25554,9416.471679954,122011,133724,172194,230862,1753,308629,397344,21019,7941.3917,778640,30,82.36,85.65,100.24,NA
2020-2021,Nov,31,UTTAR PRADESH,3125,BAREILLY,3462835,191.853569302977,23,592,2381.969490814,7612,0,14559,3805659,835447,71514,1731,197,329.64051,10012.902627814,163333,198949,197950,310729,1084,317772,457461,22171,7301.292627,678771,29,63.91,67.37,101.69,NA
2020-2021,Nov,31,UTTAR PRADESH,3132,LUCKNOW,1633674,195.724313494461,34,111,1540.780244644,3027,5,9635,2002970,1309387,96113,4760,381,153.56098,5614.640506644,58206,70230,82758,145178,953,209462,317447,12662,3920.299282,464889,29,60.91,67.93,101.79,NA
2020-2021,Nov,31,UTTAR PRADESH,3136,KANPUR DEHAT,3318194,196.671341654265,35,283,1423.319325828,2038,1,15014,3280562,1158553,72650,19521,1244,176.42144,8051.666065028,92597,111520,117425,191104,1359,261970,384823,17052,6451.9252992,736024,39,68.18,79.32,102.63,NA
2020-2021,Nov,31,UTTAR PRADESH,3142,BANDA,4480798,194.469723901192,37,74,5536.03296378101,5698,0,17079,4068797,1063421,92410,2194,217,206.85745,13655.468705781,108920,162425,160408,339827,2986,284497,543946,22777,7912.578292,1672365,72,67.12,63.84,101.2,NA
2020-2021,Nov,31,UTTAR PRADESH,3143,FATEHPUR,4486024,194.28717034822,39,224,4471.888367189,7845,0,20752,5115322,2134416,117619,2636,119,275.72243,14686.025165189,129776,149535,190302,269853,3024,372842,488218,28597,9938.414368,1741224,43,71.6,76.49,100.26,NA
2020-2021,Nov,31,UTTAR PRADESH,3147,GONDA,5580506,188.625522428659,39,237,4455.493481957,7503,161,25671,5665185,1244900,62626,12192,619,433.03636,15574.514644757,141657,152840,237808,288981,2201,427737,505280,33174,10685.9848028,1833782,43,62.73,59.17,100.78,NA
2020-2021,Nov,31,UTTAR PRADESH,3150,SULTANPUR,5345644,192.891374747069,41,162,2890.777765045,9526,0,24968,5612196,1536272,85272,10234,594,198.65784,13914.877622945,135503,154019,210009,289934,3876,444785,568360,34494,10825.4420179,2061390,47,62.76,68.99,100.69,NA
2020-2021,Nov,31,UTTAR PRADESH,3154,GORAKHPUR,4883950,192.624573623798,31,177,3063.557060374,3018,3,20717,4987966,1367670,89342,13218,879,353.02694,13024.632240374,158854,175736,225056,311945,1014,478334,611561,23735,9608.04824,1894220,53,65.91,62.57,99.82,NA
2020-2021,Nov,31,UTTAR PRADESH,3158,JAUNPUR,7040639,189.126718453,42,268,6833.44561464699,12292,4,31080,8631106,3120387,136008,35081,1749,428.2365,23585.409658647,202149,214158,288911,347927,3660,600381,703049,43372,16323.727544,3589588,37,67.61,61.75,100.11,NA
2020-2021,Nov,31,UTTAR PRADESH,3159,BALLIA,4240809,193.105344234244,32,175,1820.300195588,3704,2,19013,4282578,683002,44888,91182,5924,312.71036,10402.897544588,132003,151497,194234,272592,495,387063,501934,22717,8269.886989,1520605,39,78.5,82.53,101.59,NA
2020-2021,Nov,31,UTTAR PRADESH,3181,AMETHI,4496632,194.532666060328,42,127,3151.85710868399,7548,0,21847,4654167,1283052,72124,13379,754,202.66684,12408.399096684,110691,145525,158383,258424,2275,292187,429262,29395,9053.875148,1537995,49,58.94,61.74,105.07,NA
2020-2021,Sep,31,UTTAR PRADESH,3112,SAHARANPUR,1345760,186.517724847029,20,168,345.003564295,497,0,12343,1533954,700430,70462,3400,307,57.77526,3263.874925295,75266,90614,98254,147765,162,152628,215740,12840,2861.096101,498708,22,73.78,89.48,100.39,NA
2020-2021,Sep,31,UTTAR PRADESH,3122,ETAH,2042997,187.943785912483,39,91,1256.841778905,1683,7,10141,2392274,496865,34750,570,48,38.61088,5791.582983905,60788,71261,97030,145077,670,197617,277062,11824,4496.130325,602737,22,73.9,73.99,103.82,NA
2020-2021,Sep,31,UTTAR PRADESH,3127,SHAHJAHANPUR,3394997,190.771846071889,23,320,1862.638794719,2599,4,13126,3164893,911780,90589,2403,188,114.184,8014.547597019,134516,156783,194055,305772,532,383083,541893,15725,6037.7248023,430467,34,63.01,68.54,106.44,NA
2020-2021,Sep,31,UTTAR PRADESH,3130,HARDOI,7292308,185.667052897564,38,242,4512.381264678,6383,2,23660,7988572,2920633,167519,7848,470,102.08088,19446.608345678,206881,225860,314275,427372,1584,646207,819058,30043,14832.146201,1583978,31,66.99,75.61,103.22,NA
2020-2021,Sep,31,UTTAR PRADESH,3134,FARRUKHABAD,1963916,186.316039310529,33,122,827.728876157,2077,0,9877,2258021,316793,19294,2640,173,61.2216,5096.005770157,67708,73404,97796,126262,320,198778,244285,11954,4207.055294,381005,33,77.12,77.38,102.44,NA
2020-2021,Sep,31,UTTAR PRADESH,3144,PRATAPGARH,5361240,187.879238717718,37,79,2085.15629908,4462,15,14008,6377411,2918556,160202,9247,594,159.61088,14226.59841578,170237,187329,275972,366225,2693,529413,673523,18470,11981.8312367,2625041,40,62.31,79.47,101.11,NA
2020-2021,Sep,31,UTTAR PRADESH,3145,PRAYAGRAJ,5963487,192.442448448967,30,315,3483.929301527,5883,3,26372,6213697,3013864,218657,3000,224,182.18234,15623.902287527,200738,255368,277154,441593,1103,497865,738678,32255,11957.790646,2264351,44,70.19,73.26,101.96,NA
2020-2021,Sep,31,UTTAR PRADESH,3150,SULTANPUR,3790542,186.667783520269,37,140,2499.824173848,8161,0,19680,4795054,1327017,84715,9073,583,103.83968,11554.484874248,127919,145141,207491,287258,1992,423239,545144,27841,8950.8210204,1756070,43,70.08,77.01,100.49,NA
2020-2021,Sep,31,UTTAR PRADESH,3154,GORAKHPUR,4241229,189.034289845398,28,170,1354.555477046,2551,4,15534,4311533,1183059,88810,11478,871,161.7526,9666.583865046,153763,169625,223363,310001,285,468157,600289,18085,8150.275788,1641636,41,73.11,72.42,99.41,NA
2020-2021,Sep,31,UTTAR PRADESH,3162,MIRZAPUR,4989821,191.930419240871,34,167,2053.53196632,5842,1,19329,5215689,2240155,155518,51913,3679,94.0096,12158.03533032,149380,209591,197881,349750,824,374710,604188,25171,10010.493764,2218491,54,78.23,71.26,101.52,NA
2020-2021,Sep,31,UTTAR PRADESH,3164,GAUTAM BUDDHA NAGAR,13325,189.347826086957,25,0,0,14,100,172,16422,6836,630,156,19,0,31.0947,636,725,1432,1832,0,16686,19243,186,31.0947,3031,15,19.2,64.07,111.24,NA
2020-2021,Sep,31,UTTAR PRADESH,3167,AMROHA,2061026,187.586236098769,27,165,1205.261902687,2598,0,5451,2228220,599339,54656,985,79,93.12687,5478.222802687,82022,103695,116213,194038,456,172423,271515,8049,4179.83403,488571,12,85.29,85.15,100.79,NA
2020-2021,Sep,31,UTTAR PRADESH,3174,SANT KABEER NAGAR,4593898,191.243044475761,35,112,5106.567999783,6913,2,10054,4969381,1495904,103123,9393,586,108.07133,14718.234845783,139129,171803,197491,317654,583,360656,532719,16967,9503.595516,2093554,46,74.15,68.48,101.48,NA
2020-2021,Sep,31,UTTAR PRADESH,3177,CHITRAKOOT,2959061,191.073063209939,37,90,2561.86833397,1776,0,16385,3231881,1421347,97476,655,34,58.29114,8795.41349997,86840,134423,112101,222334,2006,162139,301662,18161,6175.254026,1378226,51,58.59,67.21,101.14,NA
2020-2021,Oct,31,UTTAR PRADESH,3127,SHAHJAHANPUR,3909051,189.681256545085,25,328,1862.638794719,2845,4,13465,3508931,1011925,90692,2647,188,132.45118,8650.874386819,138018,161319,194649,306324,865,384876,543742,16310,6655.7844121,478310,33,58.69,63.89,106.63,NA
2020-2021,Oct,31,UTTAR PRADESH,3135,ETAWAH,2898751,187.927754965791,36,97,1334.933937502,3390,0,14082,3406104,1204333,60422,5404,225,52.408,7788.356716502,94230,106803,116865,161329,1608,197461,255486,17472,6401.014779,677450,32,53.12,70.66,107.08,NA
2020-2021,Oct,31,UTTAR PRADESH,3172,KUSHI NAGAR,4934379,179.916590726602,27,339,4574.918650849,10680,1,28199,3987794,1137683,105841,5800,521,166.15557,11915.777230849,142768,165546,231751,355187,499,477890,664166,38879,7174.70301,1215987,38,70.77,60.54,103.61,NA
2020-2021,Oct,31,UTTAR PRADESH,3176,SHRAVASTI,2162752,191.726795047259,34,169,1329.93399143,5325,0,7668,2177380,707983,50768,12814,1150,37.08916,5541.64404143,62494,78367,90684,160190,1159,161380,255208,12993,4174.62089,648746,37,78.15,76.34,101.01,NA
2020-2021,June,31,UTTAR PRADESH,3115,MEERUT,161301,132.800625022929,28,38,266.970886094,130,4,2374,436128,197307,16064,754,103,5.571,851.722595994,15212,16972,28277,35712,1,60655,73751,2504,579.1807099,144160,21,40.44,91.6,100.96,NA
2020-2021,June,31,UTTAR PRADESH,3116,GHAZIABAD,0,148.941176470588,12,0,0.2358613,0,161,17,1139,87,33,0,0,0,1.9323013,93,94,154,265,0,17774,26030,17,1.69644,333,17,60.28,65.22,100,NA
2020-2021,June,31,UTTAR PRADESH,3119,MATHURA,441615,149.833347609673,24,60,737.761196469,207,37,16244,1389245,458458,50385,4046,455,3.584,2822.897486469,56926,75611,91059,149835,18,171331,273075,16451,2081.55229,464552,15,91.1,92.87,104.54,NA
2020-2021,June,31,UTTAR PRADESH,3124,BUDAUN,1304697,145.914045629154,18,432,689.206935084997,859,13,17260,1805074,353184,49231,1588,176,17.844,3340.907435085,95146,102702,166788,225386,1,299707,388332,18119,2633.8565,317013,26,91.65,94.59,100.23,NA
2020-2021,June,31,UTTAR PRADESH,3127,SHAHJAHANPUR,1196681,163.350894274924,17,285,1081.158184176,1299,6,12097,2074418,605280,90214,1661,188,8.404,4478.142538176,118513,136804,191157,302362,48,369840,527013,13396,3388.580354,281422,34,72.71,77.64,105.36,NA
2020-2021,June,31,UTTAR PRADESH,3128,KHERI,1824526,161.990629592607,25,663,1507.393909713,3473,0,25979,5123043,1815967,185308,60464,8259,5.076,9811.319519713,203069,243965,320707,510926,324,608539,865154,29452,8298.84961,1170076,47,87.68,94.73,100.01,NA
2020-2021,June,31,UTTAR PRADESH,3135,ETAWAH,550605,147.295357632512,21,76,802.359246733999,1006,0,14235,1503974,563082,59643,2774,224,3.36,3021.003128734,69893,77807,112479,156643,18,188957,246248,15241,2215.283882,285849,32,65.57,86.08,100.2,NA
2020-2021,June,31,UTTAR PRADESH,3136,KANPUR DEHAT,660277,159.478787766317,22,226,897.348828144,600,1,14594,1670470,616217,72333,10136,1247,5.344,3566.738134144,75873,89640,114844,188788,22,255572,377956,15194,2664.045306,378609,39,75.46,88.28,102.24,NA
2020-2021,June,31,UTTAR PRADESH,3137,KANPUR NAGAR,424358,156.526519641515,18,115,249.138116851,304,2,7593,800702,328091,55630,13099,2363,4.69235,1507.141440151,42952,51187,75542,136293,5,217524,327881,7897,1253.3109733,154694,25,68.56,84.39,101.94,NA
2020-2021,June,31,UTTAR PRADESH,3142,BANDA,1377868,145.991662768838,24,36,2044.749599802,1431,0,14310,1900631,530693,91249,879,215,20.3904,4839.902799802,78901,113172,156946,335586,42,265322,522848,15741,2774.7628,795894,66,86.54,83.1,100.25,NA
2020-2021,June,31,UTTAR PRADESH,3143,FATEHPUR,1357424,144.848670023485,26,185,2873.823331045,2556,1,17118,2624708,1147275,115792,865,87,2.576,6678.253961045,99784,113680,185906,264729,112,345044,457817,19674,3801.85463,922993,32,86.55,90.99,99.91,NA
2020-2021,June,31,UTTAR PRADESH,3144,PRATAPGARH,1638545,135.448804426928,26,70,1696.546617834,2142,23,13773,3715624,1730487,158893,5228,556,11.246,6740.560902834,140282,153278,269624,359258,66,487727,626841,15915,5032.768285,1548598,41,67.67,81.79,101.12,NA
2020-2021,June,31,UTTAR PRADESH,3155,DEORIA,1140982,155.642587742538,25,93,801.456249251,855,7,15427,2376071,625837,53307,67083,5533,5.824,4505.458640251,91847,96802,161700,200277,23,295225,353279,16282,3698.178391,782021,34,91.79,94.81,100,NA
2020-2021,June,31,UTTAR PRADESH,3160,GHAZIPUR,1392091,134.405565300931,24,205,1387.449769911,1998,8,22997,4305176,1150901,106294,28344,2517,6.01232,7179.858229911,175462,207058,251910,385740,102,454893,659502,24995,5786.39614,1563081,38,77.03,77.75,106.71,NA
2020-2021,June,31,UTTAR PRADESH,3169,AURAIYA,473663,153.428217301666,18,64,320.187990759,228,0,7642,985119,452010,59108,4931,583,1.792,1833.430510759,52671,58978,87684,126813,3,152066,208180,7870,1511.45052,220396,30,59.95,89.95,102.85,NA
2020-2021,June,31,UTTAR PRADESH,3174,SANT KABEER NAGAR,1453851,141.756831650255,29,71,4504.595944982,645,24,13409,3645898,1104127,103302,6874,585,4.032,9676.937434982,123686,150839,196153,317798,62,355162,528017,14054,5168.30949,1543150,42,79.07,88.5,100.57,NA
2020-2021,June,31,UTTAR PRADESH,3178,AMBEDKAR NAGAR,1002109,161.857326153111,19,86,1813.28005286,798,8,12669,1874408,766676,118272,3675,679,4.36054,4851.50726286,96186,109372,171715,281900,13,309037,465241,13467,3033.86667,725233,39,93.05,92.67,99.79,NA
2020-2021,June,31,UTTAR PRADESH,3179,MAHOBA,437211,170.033435411413,27,33,300.014940776999,783,2,10092,998582,305424,50143,1341,224,11.42,2009.358220777,36740,61468,60848,166816,151,111234,281858,10875,1697.92328,392023,54,97.29,95.08,101.32,NA
2020-2021,June,31,UTTAR PRADESH,3182,HAPUR,40102,124.998699176145,18,16,0.9091,147,9,749,89943,39597,4302,9,6,0,113.33668,4821,5332,9449,10755,1,15959,18131,896,112.42758,27238,22,41.47,75.71,100.16,NA
2020-2021,Feb,31,UTTAR PRADESH,3111,RAMPUR,2838174,195.501210713526,32,253,3227.42376541001,4876,0,10551,3200179,684042,35763,5102,216,235.87708,9719.68953541001,98656,110361,120418,159696,2737,217562,275286,15427,6256.38869,586649,40,50.28,53.99,101.56,NA
2020-2021,Feb,31,UTTAR PRADESH,3117,BULANDSHAHR,1072872,193.725350899579,22,55,89.977976025,1911,4,7019,1065832,225651,15970,974,59,17.83584,2172.600598025,47486,51772,55991,71004,610,145913,180699,8930,2064.786782,222527,15,65.3,71.83,114.86,NA
2020-2021,Feb,31,UTTAR PRADESH,3123,MAINPURI,4309112,189.738467322031,45,162,1483.942003372,3122,8,15385,4329905,1355114,52573,7608,289,242.44586,9941.883246872,94770,110266,119960,170427,6452,203597,275577,18507,8215.4953835,977362,37,64.14,61.99,111.71,NA
2020-2021,Feb,31,UTTAR PRADESH,3128,KHERI,11105575,192.283533515982,39,872,4880.373235909,15237,0,55985,10363802,3634167,188899,122189,8307,445.28436,25253.542288109,262893,330038,331342,526472,16182,659330,930193,71222,19927.8846922,2431720,71,68.26,59.96,102.84,NA
2020-2021,Feb,31,UTTAR PRADESH,3131,UNNAO,6070296,195.728236130428,43,278,3688.181369122,14520,1,24201,6469594,2152281,96904,10907,608,436.2915,16787.295090122,148781,174380,196638,277615,13598,435979,560606,38721,12662.822221,1721381,62,68.39,65.78,100.25,NA
2020-2021,Feb,31,UTTAR PRADESH,3141,HAMIRPUR,5302526,195.710990916449,50,158,4697.53144083498,3728,0,16411,4979330,1090500,60058,2237,121,194.3642,14636.991724835,98065,151248,121330,233988,10341,203819,374882,20139,9745.096084,1977236,57,62.6,74.12,102.3,NA
2020-2021,Feb,31,UTTAR PRADESH,3148,BARABANKI,6919033,190.580183217457,46,173,6124.01322248,8722,1,27408,7720880,3118343,145465,4838,198,433.2769,21271.75737248,164376,202304,222666,355888,17621,514732,725704,36130,14714.46725,2108666,57,46.78,51.12,99.93,NA
2020-2021,Feb,31,UTTAR PRADESH,3162,MIRZAPUR,8314491,194.964524206596,42,190,5543.50963180699,8610,1,28914,7237490,3151435,156418,74752,3710,289.33829,19943.385864807,168540,239649,199829,352267,11677,382996,615005,37524,14110.537943,3057948,66,71.37,54.05,102.21,NA
2020-2021,Feb,31,UTTAR PRADESH,3170,KAUSHAMBI,3727291,195.083935958082,37,186,3103.287714612,5873,20,20028,3246686,1529460,99857,1136,95,158.39028,9595.440831612,86399,115228,109174,193675,4902,258105,397554,25901,6333.762837,1318634,73,62.55,54.74,100.88,NA
2020-2021,Feb,31,UTTAR PRADESH,3175,BALRAMPUR,5446500,192.034313636837,49,148,3572.154089913,4005,0,20643,6104436,1072240,37303,92488,3642,341.72747,15636.493333913,122295,138896,148029,202650,8970,244685,319674,24648,11722.611774,2011774,50,66.59,63.52,100.69,NA
2020-2021,Feb,31,UTTAR PRADESH,3176,SHRAVASTI,2812924,196.817016343548,42,181,1575.292147981,6810,0,12288,2943241,940230,50790,17797,1150,83.65903,7451.750297981,69807,89395,91015,160538,6943,161997,255896,19098,5792.79912,914427,53,73.44,68.98,102.37,NA
2020-2021,Feb,31,UTTAR PRADESH,3181,AMETHI,6261434,192.157407370219,46,142,3341.77633868399,10846,0,35048,5875999,1617230,71957,16851,737,288.27037,14921.214044184,125707,168981,157901,252528,9284,299392,434161,45894,11291.1673355,1998302,64,54.53,53.36,104.38,NA
2020-2021,Feb,31,UTTAR PRADESH,3183,SHAMLI,440559,189.079895696947,39,8,49.399858925,378,0,3684,543033,82785,3716,402,26,16.06592,1092.232008925,13678,15369,22866,27511,1183,52123,61551,4062,1026.76623,132148,27,62.14,75.66,103.41,NA
2020-2021,April,31,UTTAR PRADESH,3111,RAMPUR,189120,101.031969309463,5,4,994.066188742,304,289,6779,8602,1609,33121,6,189,1.568,1004.324958742,1458,1530,104737,141996,0,185607,239463,7083,8.69077,1212,26,21.67,6.29,100,NA
2020-2021,April,31,UTTAR PRADESH,3125,BAREILLY,277841,7.40175150519978,7,64,632.054802818,302,630,15746,190008,47449,70497,39,147,3.136,649.254722818,23772,26157,179504,289049,0,291717,427041,16048,14.06392,35176,31,37.96,43.73,110.45,NA
2020-2021,April,31,UTTAR PRADESH,3131,UNNAO,345040,34.4187281833359,7,37,640.861169317998,682,301,14704,138369,47376,91374,371,588,5.114,693.600019317998,17639,18609,177186,254987,0,398870,518440,15386,47.62485,35244,56,85.26,64.29,99.98,NA
2020-2021,April,31,UTTAR PRADESH,3132,LUCKNOW,123416,1459.77392510402,4,0,770.669300192,856,82,4910,1442,1036,92486,4,349,3.13735,794.856590192,290,309,76948,137936,0,199361,304776,5766,21.04994,242,30,66.01,48.23,102.85,NA
2020-2021,April,31,UTTAR PRADESH,3139,JHANSI,314466,20.5779586390927,13,23,1723.105492835,151,117,11526,149900,50924,88865,1304,1917,0,1753.951852835,11025,14635,120505,244287,0,207661,402579,11677,30.84636,55871,48,67.8,27.93,99.5,NA
2020-2021,April,31,UTTAR PRADESH,3140,LALITPUR,320660,41.3583431655229,10,16,1565.335099174,281,40,5964,143237,35429,61232,9999,18564,0,1624.575549174,13103,16739,125581,245234,0,188505,349533,6245,59.24045,56256,39,87.94,81.48,99.94,NA
2020-2021,April,31,UTTAR PRADESH,3142,BANDA,364398,39.0400770979236,13,5,1952.920210271,437,41,13316,130224,31817,89921,64,213,0.112,2003.871760271,9517,12093,152570,328980,0,260126,515192,13753,50.83955,54464,69,33.35,25.93,100.2,NA
2020-2021,April,31,UTTAR PRADESH,3161,VARANASI,123004,8.94468904788112,7,24,632.673918294,106,419,11968,98118,43724,64079,144,624,12.59843,654.048698294,12374,14316,90269,166942,0,170743,271630,12074,8.77635,48906,44,26.7,21.65,100.38,NA
2020-2021,April,31,UTTAR PRADESH,3166,HATHRAS,73600,7.09499736596831,6,19,102.88089561,23,258,3426,98708,29198,21376,60,75,1.61,111.49422561,14284,15529,49932,76650,0,82041,117210,3449,7.00333,10237,20,65.56,62.31,99.95,NA
2020-2021,April,31,UTTAR PRADESH,3171,CHANDAULI,257615,34.5647695088069,10,57,1387.642405509,689,330,15768,148292,49695,94447,1102,1338,3.472,1442.371193509,14635,17970,135723,281725,0,258796,477615,16457,51.256788,51587,47,58.03,35.76,101.19,NA
2020-2021,April,31,UTTAR PRADESH,3172,KUSHI NAGAR,433390,23.3601197018799,8,67,2260.402657561,207,342,28304,141017,44598,104053,170,494,17.73,2311.074397561,17318,18970,215752,336402,0,445464,626883,28511,32.94174,49656,37,50.78,35.59,99.93,NA
2020-2021,April,31,UTTAR PRADESH,3173,SANT RAVIDAS NAGAR,119684,15.1113516768708,9,17,177.135981068,200,267,11361,139486,62956,58475,774,442,8.74141,206.955611068,14234,16781,73944,137615,0,154221,262192,11561,21.07822,58537,47,87.62,82.91,99.93,NA
2020-2021,April,31,UTTAR PRADESH,3177,CHITRAKOOT,228284,28.1043841336117,10,17,1474.83565645,233,28,13644,159028,79252,93341,33,29,1.344,1520.87349645,15412,20872,100493,203027,0,143908,272818,13877,44.69384,67741,52,32.71,32.56,100.33,NA
2020-2021,April,31,UTTAR PRADESH,3181,AMETHI,255661,48.4176679749324,11,14,1724.836293958,409,170,17323,140899,43809,67763,373,736,5.484,1798.540303958,12248,13742,146167,244642,0,259907,392634,17732,68.22001,46505,56,18.72,12.95,102.24,NA
2020-2021,March,31,UTTAR PRADESH,3124,BUDAUN,4827182,198.886226610627,38,539,2805.866525167,7581,0,14239,5031238,950783,50053,4902,187,597.79396,13410.099895167,129371,142605,172958,231565,9354,311064,399738,21820,10006.43941,976991,30,74.89,76.89,100.5,NA
2020-2021,March,31,UTTAR PRADESH,3139,JHANSI,5114748,197.754672657185,55,313,7684.917088421,8045,0,15230,5280122,1826982,92017,48889,2065,349.45155,18476.056615421,95246,143289,126305,252815,16368,222869,424233,23275,10441.687977,1930072,59,60.09,52.48,102.36,NA
2020-2021,March,31,UTTAR PRADESH,3140,LALITPUR,4870002,200.676690964169,47,177,3626.642863694,2540,0,11055,4964845,1199319,61904,372181,18739,280.52937,13870.458891194,105386,155264,133469,252540,16776,201874,362887,13595,9963.2866575,1895843,61,67.55,67.62,103.3,NA
2020-2021,March,31,UTTAR PRADESH,3144,PRATAPGARH,8687000,199.441775555766,46,88,6301.47194597,6770,14,29833,9397390,4147163,160626,16296,607,536.08642,25579.87983787,203593,230159,278588,366093,22670,558298,700855,36603,18742.3214719,4010144,67,58.67,67.08,102.41,NA
2020-2021,March,31,UTTAR PRADESH,3149,AYODHYA,5859271,199.163968119078,43,239,6545.530246502,9784,3,20958,6240221,2442829,105936,10907,480,595.70168,19569.503689502,143809,173730,173442,275287,10842,283384,415625,30742,12428.271763,2425506,58,67.25,56,102.28,NA
2020-2021,March,31,UTTAR PRADESH,3155,DEORIA,4847149,199.412417036849,40,128,4233.46212112,6916,1,17967,4976155,1270480,53460,140085,5672,612.64728,14769.18036212,123133,132133,164422,202986,7358,302665,360988,24883,9923.070961,1671353,50,71.19,67.38,100.27,NA
2020-2021,March,31,UTTAR PRADESH,3156,MAU,6085068,198.755796665406,39,459,5883.122651432,5199,2,18365,6173765,1755161,77252,42453,1673,409.76618,18563.604641432,154390,176357,194444,261140,9529,312691,401230,23564,12270.71581,2742121,65,71.88,68.93,102.68,NA
2020-2021,March,31,UTTAR PRADESH,3157,AZAMGARH,10491145,197.730300510516,37,353,15276.432689654,19146,0,33886,10397706,4063911,167953,25859,862,816.4523,36652.300309654,276760,303224,346546,425790,12625,661479,775197,53032,20559.41532,4159277,57,62.3,54.11,102.35,NA
2020-2021,March,31,UTTAR PRADESH,3159,BALLIA,5563921,201.157017195992,37,185,3780.577063084,9018,1,26213,5434115,884613,45078,121133,5992,570.09485,15281.775558084,144828,167563,195434,273827,5924,392470,507809,35231,10931.103645,2000651,59,71.23,69.75,101.88,NA
2020-2021,March,31,UTTAR PRADESH,3162,MIRZAPUR,8928313,200.905352192961,44,191,9174.79568495301,10330,1,27618,7532987,3289916,156339,78558,3711,396.51179,24705.481537953,170385,243305,199761,352081,18637,383438,615428,37948,15134.174063,3184487,66,71.44,54.06,102.16,NA
2020-2021,March,31,UTTAR PRADESH,3164,GAUTAM BUDDHA NAGAR,24829,199.507428626918,29,0,1.579927,87,99,133,20596,8160,627,170,19,0.33244,43.002917,703,799,1431,1829,16,16768,19348,220,41.09055,3906,22,19.54,55.35,111.93,NA
2020-2021,March,31,UTTAR PRADESH,3169,AURAIYA,2404133,199.365804913186,35,89,1648.022643694,2356,0,9014,2584962,1170103,60427,12929,596,261.27764,7062.830581694,72509,83234,91333,130661,3510,164296,221370,11370,5153.530298,594097,46,54.72,71.98,105.63,NA
2020-2021,March,31,UTTAR PRADESH,3175,BALRAMPUR,5848591,199.675357136151,50,148,5010.49374278599,4409,0,20377,6284018,1103580,37255,96695,3639,433.71644,17991.845566786,123450,140381,147929,202439,10481,244530,319348,24786,12547.635384,2079158,50,66.77,62.97,100.76,NA
2020-2021,March,31,UTTAR PRADESH,3178,AMBEDKAR NAGAR,4894979,195.416582451926,32,129,7889.943999393,3809,1,27538,4867121,1839132,118253,10296,687,501.53903,17902.644551393,149960,181666,176419,286479,5646,332424,490527,31347,9511.161522,1850891,68,62.26,49.44,101.66,NA
2020-2021,Jan,31,UTTAR PRADESH,3111,RAMPUR,2693383,195.347944712387,30,247,2979.69905541001,4779,0,9176,2961459,629522,35739,4702,216,218.86204,8983.71038541001,95631,106120,120222,159495,1702,216873,274540,13955,5785.14929,533289,35,50.94,55.18,101.06,NA
2020-2021,Jan,31,UTTAR PRADESH,3115,MEERUT,1318346,192.813068470645,54,52,285.046911194,1755,3,3433,1514357,653029,18567,11830,215,8.66631,3213.591420494,27937,32120,34047,42394,2710,69438,83926,5188,2919.8781993,522064,35,51.28,74.58,104.35,NA
2020-2021,Jan,31,UTTAR PRADESH,3116,GHAZIABAD,0,195.493150684931,17,0,0.2358613,5,161,14,1971,189,33,0,0,0,4.0890313,111,112,158,269,0,17895,26183,19,3.85317,505,21,68.49,85.65,100,NA
2020-2021,Jan,31,UTTAR PRADESH,3133,RAE BARELI,6640465,193.467405779288,35,267,3417.72429929,9809,0,37769,6487374,2186318,134847,18188,1166,422.59257,16391.27105029,180654,227157,232291,405191,7883,383503,602208,47578,12550.954181,2186583,50,55.44,60.88,100.26,NA
2020-2021,Jan,31,UTTAR PRADESH,3134,FARRUKHABAD,3130616,195.877584784724,40,133,1184.027158571,5477,0,9931,2959289,407240,19124,4205,174,154.99813,7135.609108571,73365,79878,97357,125456,2274,201239,246570,15408,5796.58382,518432,40,65.45,62.23,103.77,NA
2020-2021,Jan,31,UTTAR PRADESH,3139,JHANSI,4520116,194.126450278994,54,295,4134.63107540101,6598,0,11472,4919812,1694112,92155,46120,2071,255.20065,13940.488121401,90713,135728,126268,253134,11510,221632,422857,18070,9550.656396,1786206,49,61.3,55.17,102.14,NA
2020-2021,Jan,31,UTTAR PRADESH,3145,PRAYAGRAJ,8996928,194.705400282452,37,355,6590.508381207,10799,3,45247,8120316,3891522,221498,4240,252,444.12198,22845.324133207,219097,279963,283420,449027,8295,543587,790641,56046,15810.693772,2961957,65,56.17,55.76,102.65,NA
2020-2021,Jan,31,UTTAR PRADESH,3147,GONDA,6696029,193.097458504907,44,248,4455.493481957,11655,160,31518,6677416,1467184,62857,14201,618,520.43485,17869.848921757,151083,163880,239104,290307,8293,430509,508252,43173,12893.9205898,2213826,53,63.16,56.42,100.8,NA
2020-2021,Jan,31,UTTAR PRADESH,3150,SULTANPUR,7107276,195.044025068668,44,172,2890.777765045,11512,0,32702,6390527,1753954,85237,11985,597,240.22618,15595.345028945,144624,164967,210335,290227,8697,448837,572759,44214,12464.3410839,2375860,57,59.68,64.59,101.12,NA
2020-2021,Jan,31,UTTAR PRADESH,3155,DEORIA,4283628,196.101068587949,38,123,1646.251213264,6052,1,17085,4586520,1176910,53714,128736,5682,462.91312,11103.379064264,118118,125549,164775,203684,4142,303564,362464,23137,8994.214731,1490757,47,71.58,70.44,100.22,NA
2020-2021,Jan,31,UTTAR PRADESH,3163,SONBHADRA,5632972,193.086588978794,37,371,3901.239209134,8743,1,22963,5976823,1724226,154438,1835303,148827,217.39239,15659.075259134,160749,234511,208158,491260,6345,387533,825713,31706,11540.44366,2848031,64,57.35,55.58,100.99,NA
2020-2021,Jan,31,UTTAR PRADESH,3169,AURAIYA,2124633,195.801906329778,33,89,673.307782743,1167,0,9217,2347128,1062401,60508,11478,596,171.95732,5440.986470743,70011,80001,91353,130807,2167,164103,221272,10384,4595.721368,530790,41,55.77,74.92,104.86,NA
2020-2021,Jan,31,UTTAR PRADESH,3170,KAUSHAMBI,3537141,196.00477370003,36,176,2971.139044612,5784,21,18502,3107380,1468122,100013,1118,95,134.4076,9196.159781612,84005,112166,109323,194166,3709,257747,397447,24286,6090.613137,1252066,72,62.14,55.03,100.9,NA
2020-2021,Jan,31,UTTAR PRADESH,3171,CHANDAULI,6320853,195.627559139594,42,375,4766.454197744,9010,1,19330,5173184,1527051,96504,23500,1355,286.10804,15172.735826744,120418,173430,144423,292630,8147,276872,500916,28340,10120.173589,1663724,51,60.77,48.37,101.78,NA
2020-2021,Jan,31,UTTAR PRADESH,3172,KUSHI NAGAR,5454479,192.82435942235,38,392,5009.479927137,16812,1,28361,6167129,1727481,105744,9161,521,353.20329,17254.410206137,162269,191441,232182,355575,6092,478319,664461,45173,11891.726989,1921858,41,66.7,57.97,104.41,NA
2020-2021,Jan,31,UTTAR PRADESH,3177,CHITRAKOOT,4750859,197.027279709943,45,99,2714.150783397,6066,0,16356,4321087,1851186,97624,821,36,145.09945,11372.970403397,94866,148313,113114,223440,9098,165300,305406,22422,8513.72017,1829242,58,51.26,57.87,101.03,NA
2020-2021,Jan,31,UTTAR PRADESH,3181,AMETHI,5942004,195.454062439848,45,132,3151.85710868399,9645,0,29097,5377015,1471172,72079,15379,754,259.06406,13920.515424184,118171,157654,158130,254515,7573,296894,431952,38742,10509.5942555,1789633,59,54.59,55.15,104.65,NA
2020-2021,Jan,31,UTTAR PRADESH,3183,SHAMLI,418084,186.895731762277,37,8,45.842878925,352,0,3593,488164,73685,3709,346,26,14.77736,972.977918925,12884,14149,22867,27508,747,51500,60794,3945,912.35768,112171,25,61.52,79.39,103.55,NA
