fin_year,month,state_code,state_name,district_code,district_name,Approved_Labour_Budget,Average_Wage_rate_per_day_per_person,Average_days_of_employment_provided_per_Household,Differently_abled_persons_worked,Material_and_skilled_Wages,Number_of_Completed_Works,Number_of_GPs_with_NIL_exp,Number_of_Ongoing_Works,Persondays_of_Central_Liability_so_far,SC_persondays,SC_workers_against_active_workers,ST_persondays,ST_workers_against_active_workers,Total_Adm_Expenditure,Total_Exp,Total_Households_Worked,Total_Individuals_Worked,Total_No_of_Active_Job_Cards,Total_No_of_Active_Workers,Total_No_of_HHs_completed_100_Days_of_Wage_Employment,Total_No_of_JobCards_issued,Total_No_of_Workers,Total_No_of_Works_Takenup,Wages,Women_Persondays,percent_of_Category_B_Works,percent_of_Expenditure_on_Agriculture_Allied_Works,percent_of_NRM_Expenditure,percentage_payments_gererated_within_15_days,Remarks
2018-2019,Nov,31,UTTAR PRADESH,3112,SAHARANPUR,663518,167.105007498259,19,71,494.977636155,1999,1,3129,627479,266140,61276,1073,205,70.93955,1614.466016155,32760,38289,79881,123874,78,118395,173833,5128,1048.54883,196048,14,59.15,89.7,108.2,NA
2018-2019,Nov,31,UTTAR PRADESH,3117,BULANDSHAHR,169192,164.291153025103,18,10,52.428605265,1444,68,1551,185035,42914,11156,0,0,14.52775,370.952490265,10176,11196,29376,41578,33,106804,138976,2995,303.996135,48439,36,78.05,92.97,125.46,NA
2018-2019,Nov,31,UTTAR PRADESH,3118,ALIGARH,1247098,172.318847336432,29,92,2332.747560978,3815,8,3118,1398500,448854,46286,1611,161,163.00284,4905.629480978,48219,53626,104826,150174,84,193363,262324,6933,2409.87908,332341,24,60.22,69.88,100.66,NA
2018-2019,Nov,31,UTTAR PRADESH,3127,SHAHJAHANPUR,2121400,169.745054358602,26,164,1844.40205344,10050,1,14141,1553388,488677,86689,470,81,156.08508,4637.28643844,59424,69283,156132,259553,142,309183,459452,24191,2636.799305,343025,73,51.46,36.84,121.21,NA
2018-2019,Nov,31,UTTAR PRADESH,3140,LALITPUR,2802826,163.57239663138,41,108,2322.05267152999,4183,0,8436,2577910,626118,60781,210136,18674,166.58881,6705.39065152999,62382,89965,117739,235194,2423,174854,330626,12619,4216.74917,952687,59,77.33,76.8,100.55,NA
2018-2019,Nov,31,UTTAR PRADESH,3145,PRAYAGRAJ,3139140,169.94964556324,32,178,2099.754718792,26434,0,25329,2551513,1275261,162985,2480,101,313.27703,6749.319048792,77918,99102,178858,298653,263,368104,569725,51763,4336.2873,989798,82,71.74,31.54,113.31,NA
2018-2019,Sep,31,UTTAR PRADESH,3111,RAMPUR,966773,189.214254793614,25,33,712.725509586,1426,24,3500,667607,138332,28308,1200,151,75.6596,2051.592719586,25895,27981,85642,120427,15,159863,210969,4926,1263.20761,112457,52,68.77,67.12,143.38,NA
2018-2019,Sep,31,UTTAR PRADESH,3122,ETAH,1208833,171.612240955074,31,45,361.83710605,2522,10,6829,773804,223281,33645,189,12,57.32293,1747.10242105,24589,27562,68329,109654,64,149350,219662,9351,1327.942385,200186,73,79.34,69.32,138.25,NA
2018-2019,Sep,31,UTTAR PRADESH,3133,RAE BARELI,1764520,163.705877883476,26,128,2874.412759181,15257,0,18525,1842568,592736,115787,4072,825,214.95712,6105.761999181,69139,82074,178360,327352,147,311646,517401,33782,3016.39212,728238,66,40.97,31.78,100.44,NA
2018-2019,Sep,31,UTTAR PRADESH,3149,AYODHYA,2343391,174.231017968671,29,96,1683.388561742,12146,1,12264,1484417,601051,87647,3500,366,139.6868,4409.390211742,49990,57553,128950,212593,336,228819,348566,24410,2586.31485,584399,67,66.35,64.72,119.06,NA
2018-2019,Sep,31,UTTAR PRADESH,3150,SULTANPUR,2012964,177.941460124863,35,85,1960.69202009,11002,4,24440,2132256,641207,61262,5373,398,251.07627,6005.93575009,60078,68890,135871,199701,54,290658,393833,35442,3794.16746,854325,83,55.41,32.63,115.38,NA
2018-2019,Sep,31,UTTAR PRADESH,3155,DEORIA,2064861,191.781871041699,33,50,1042.371390513,4587,3,9590,2001174,616096,49733,60476,4653,166.10082,5046.361150513,60502,63425,127681,160928,87,236645,289071,14177,3837.88894,703921,50,80.38,77.7,101.11,NA
2018-2019,Sep,31,UTTAR PRADESH,3175,BALRAMPUR,1580911,187.360937404872,30,56,427.934710915,4248,0,5997,1379724,271937,32105,25600,2777,109.7829,3122.781430915,45951,52252,109130,161021,116,182434,252760,10245,2585.06382,423715,62,66.57,76.43,128.62,NA
2018-2019,Sep,31,UTTAR PRADESH,3177,CHITRAKOOT,1686730,164.767476564903,32,50,494.690638226,5586,0,13388,1011197,520398,83692,126,6,70.0386,2230.853018226,31524,48075,80189,166146,282,125969,246700,18974,1666.12378,448986,74,69.93,59.29,103.84,NA
2018-2019,Sep,31,UTTAR PRADESH,3178,AMBEDKAR NAGAR,1690489,173.328036525322,31,31,1077.909236683,6605,2,13384,1445682,607612,99900,2212,497,132.58189,3716.263351683,46044,53608,115053,208030,75,246023,393235,19989,2505.772225,614911,75,80.02,65.08,103.39,NA
2018-2019,March,31,UTTAR PRADESH,3111,RAMPUR,1493148,178.114549406692,39,61,1614.181410146,3715,2,3613,1824095,406020,28519,2331,150,248.4072,5111.567200146,45659,50051,86403,121102,382,161265,212280,7328,3248.97859,295903,40,41.94,44.85,124.96,NA
2018-2019,March,31,UTTAR PRADESH,3120,AGRA,1578091,177.252793438645,38,75,1251.47593057,4638,15,2353,1478597,450512,37922,12237,931,260.72045,4133.05086677,38857,46422,73656,109403,270,157826,214990,6991,2620.8544862,431924,49,65.67,62.03,106.59,NA
2018-2019,March,31,UTTAR PRADESH,3123,MAINPURI,1808193,172.67102386254,41,106,925.301525261999,7454,8,5855,2038467,626286,42671,2357,148,284.21729,4729.360655262,49016,60149,86712,131446,651,158421,224880,13309,3519.84184,584541,71,61.01,52.4,113.53,NA
2018-2019,March,31,UTTAR PRADESH,3124,BUDAUN,2852643,177.514348473244,38,275,1467.802542729,11721,3,10578,2767960,513675,43615,1432,89,445.23931,6826.568012729,71234,80026,128614,182357,683,258307,344202,22299,4913.52616,566564,66,62.68,56.55,118.01,NA
2018-2019,March,31,UTTAR PRADESH,3128,KHERI,4471267,173.68113510463,39,421,1145.8202122833,44846,0,16839,5468236,1953862,166848,29640,6899,610.06326,11253.1778272833,138267,177977,257675,427393,971,524384,761006,61685,9497.294355,1528057,86,73.08,45.51,105.85,NA
2018-2019,March,31,UTTAR PRADESH,3140,LALITPUR,3218856,173.385457805668,50,123,3386.31311388701,9261,0,4268,3665125,885868,60862,285913,18667,350.92591,10092.032784287,73237,106613,118634,236327,5544,176670,333061,13529,6354.7937604,1333074,59,72.77,71.31,100.42,NA
2018-2019,March,31,UTTAR PRADESH,3146,BAHRAICH,4766790,179.00689169226,44,371,3887.307204305,48469,0,21070,6002932,1022118,75340,36108,2812,795.52199,15428.491177905,135807,168776,215285,352412,1255,445414,644903,69539,10745.6619836,2129191,85,59.91,34.98,109.14,NA
2018-2019,March,31,UTTAR PRADESH,3147,GONDA,5018642,182.303709737541,50,167,7604.01929906499,28243,160,18489,6588768,1353792,52511,16853,492,1091.67743,20707.265219065,130244,141405,183149,228310,2080,331098,398497,46732,12011.56849,2402057,70,51.77,54.6,117.68,NA
2018-2019,March,31,UTTAR PRADESH,3150,SULTANPUR,3059164,181.520395036522,45,120,3772.507636306,28977,2,18113,3969152,1108394,61109,9123,397,615.01451,11592.342536306,86428,99571,136280,199835,779,293948,397270,47090,7204.82039,1597503,80,48.67,29.77,116.37,NA
2018-2019,March,31,UTTAR PRADESH,3154,GORAKHPUR,4696838,176.444703576163,41,117,1378.580058235,19570,0,9362,4128531,1144240,70556,11141,754,560.01562,9223.169963235,99799,112351,164929,238205,602,376528,498895,28932,7284.574285,1625794,73,53.17,56.17,114.86,NA
2018-2019,March,31,UTTAR PRADESH,3158,JAUNPUR,4217070,186.892800721841,46,118,4750.77179311799,26775,15,14072,4599350,1746239,98720,18642,1512,797.73189,14144.357713118,98642,105892,177150,229785,2260,400194,493473,40847,8595.85403,2012213,70,84.63,65.06,107.69,NA
2018-2019,March,31,UTTAR PRADESH,3162,MIRZAPUR,2592113,177.878603627612,41,104,2979.708085473,22665,1,14609,2767385,1233431,118021,28368,2686,459.53385,8361.827730473,66571,91368,125898,238163,463,301282,506224,37274,4922.585795,1246517,83,59.09,35.87,115.69,NA
2018-2019,March,31,UTTAR PRADESH,3163,SONBHADRA,2648434,177.132295709978,39,182,3433.393558077,22082,4,11208,3320659,1058353,123205,1000305,120578,434.82669,9750.179767477,84986,122103,153409,377426,967,343063,758985,33290,5881.9595194,1488477,84,72.34,44.01,104.5,NA
2018-2019,March,31,UTTAR PRADESH,3164,GAUTAM BUDDHA NAGAR,10489,176.176683562636,22,0,0,164,76,57,9667,2193,548,76,14,0.62298,17.65398,433,489,1270,1769,1,16005,18473,221,17.031,1451,23,11.37,91.83,112.59,NA
2018-2019,Aug,31,UTTAR PRADESH,3120,AGRA,1014999,173.569779932598,26,58,339.687458588,2195,40,2998,821930,265825,37796,7087,931,55.4386,1821.748150788,30473,35927,72947,108542,10,155964,212619,5193,1426.6220922,231708,49,85.78,84.91,107.05,NA
2018-2019,Aug,31,UTTAR PRADESH,3123,MAINPURI,779170,163.633404568299,30,81,368.499670929,3081,12,5957,1087013,358521,42375,1359,146,84.16644,2231.382490929,35286,42331,85634,130037,141,155610,221235,9038,1778.71638,316664,72,67.88,60.52,106.05,NA
2018-2019,Aug,31,UTTAR PRADESH,3128,KHERI,1955127,167.999483887895,26,272,238.2396837033,11036,4,36128,2370609,937058,167786,16790,6897,151.58826,4372.4388287033,90197,112873,257346,428182,78,519474,756065,47164,3982.610885,679428,87,81.32,57.15,110.13,NA
2018-2019,Aug,31,UTTAR PRADESH,3131,UNNAO,1917276,162.16433893483,27,92,589.484227434,12020,1,16166,1436878,532995,86801,2462,537,127.23135,3046.819287434,52167,58331,150247,223591,28,365108,481460,28186,2330.10371,413693,84,71.56,47.27,105.59,NA
2018-2019,Aug,31,UTTAR PRADESH,3132,LUCKNOW,696872,179.24666223602,25,29,426.838270435,3772,49,5455,558233,376669,85584,1268,324,55.146,1482.598290435,21692,25197,69426,125029,17,190268,293771,9227,1000.61402,177990,79,65.23,65.16,120.97,NA
2018-2019,Aug,31,UTTAR PRADESH,3139,JHANSI,2546939,174.280059710769,42,162,1671.861098404,5333,1,12391,1808384,611228,84685,20562,1851,174.95964,4998.473453404,43051,63228,108133,225484,848,186524,371882,17724,3151.652715,674146,52,61.7,58.35,117.21,NA
2018-2019,Aug,31,UTTAR PRADESH,3148,BARABANKI,1106804,197.656279981646,23,44,1401.09214257,10736,9,14669,1222623,524307,135989,927,157,154.764,3972.44728257,51744,60844,196019,323858,111,447275,646082,25405,2416.59114,352607,70,60.96,56.89,102.61,NA
2018-2019,Aug,31,UTTAR PRADESH,3149,AYODHYA,1906492,174.153315997809,27,88,1642.119000742,11603,2,11408,1295990,542781,87594,3236,365,139.6868,4038.815360742,46898,53583,128754,212374,271,228523,348231,23011,2257.00956,511295,66,69.09,67.53,119.8,NA
2018-2019,Aug,31,UTTAR PRADESH,3152,MAHARAJGANJ,2055110,184.672636545058,29,521,2487.671564243,11507,0,8345,3278643,884390,103441,15857,2766,294.84343,8837.271465243,112518,140156,211100,387988,140,325171,554402,19852,6054.756471,1263771,70,59.65,61.2,109.92,NA
2018-2019,Aug,31,UTTAR PRADESH,3169,AURAIYA,469103,164.771194944064,23,29,219.41617954,3436,1,12074,467411,237297,52030,1948,573,41.31908,1030.89394954,20262,22343,70504,106446,5,131028,184600,15510,770.15869,165986,83,58.27,28.83,109.05,NA
2018-2019,Aug,31,UTTAR PRADESH,3173,SANT RAVIDAS NAGAR,402473,169.651418499083,28,10,358.749872798,3350,6,10382,519669,224720,44883,3238,368,65.07,1305.445702798,18081,23796,49972,101924,12,130901,234708,13732,881.62583,220304,81,85.45,42.3,121.11,NA
2018-2019,Aug,31,UTTAR PRADESH,3174,SANT KABEER NAGAR,1860870,180.483847279714,33,103,1867.218562324,6281,9,14945,2385852,870122,93519,4592,515,220.16865,6393.464692324,70740,84187,143001,246898,158,268132,425582,21226,4306.07748,1051908,70,68.54,68.58,102.46,NA
2018-2019,Aug,31,UTTAR PRADESH,3175,BALRAMPUR,1399182,187.40194123214,29,55,416.623238917,3803,4,5838,1299690,257968,32074,24281,2774,109.7829,2962.050428917,44676,50685,108820,160636,85,181994,252227,9641,2435.64429,399116,61,68.37,77.68,129.16,NA
2018-2019,Aug,31,UTTAR PRADESH,3176,SHRAVASTI,700356,175.807533477968,25,65,339.972767743,3760,2,3577,534680,199243,50302,3032,1345,42.234,1322.214487743,21227,25693,72125,137461,15,125980,214296,7337,940.00772,185358,68,83.67,70.66,125.9,NA
2018-2019,July,31,UTTAR PRADESH,3110,MORADABAD,739895,166.999874032462,27,128,322.280583105,3672,68,4989,1119336,273138,35806,177,17,68.07108,2259.641373105,41214,50295,92149,148026,62,157447,233327,8661,1869.28971,347847,69,95.09,83.94,107.46,NA
2018-2019,July,31,UTTAR PRADESH,3128,KHERI,1258363,160.763071559263,24,248,183.0859795473,6962,5,39562,2099826,832495,167807,14902,6898,85.84249,3644.6732445473,84728,105538,257147,428040,27,518806,755271,46524,3375.744775,600309,87,83.79,58.09,110.5,NA
2018-2019,July,31,UTTAR PRADESH,3130,HARDOI,1832899,175.664381899274,26,121,1259.315692925,10221,14,27997,2332039,924641,145906,2303,378,198.59075,5554.468337925,88995,98530,250818,354512,21,562203,728271,38218,4096.561895,595611,78,81.65,62.64,130.55,NA
2018-2019,July,31,UTTAR PRADESH,3135,ETAWAH,274809,181.225881487479,24,25,296.489505847,2028,13,9552,486649,218344,42873,1230,146,55.92277,1234.346215847,20074,21740,62560,93612,8,141461,192861,11580,881.93394,140029,72,53.62,57.31,122.91,NA
2018-2019,July,31,UTTAR PRADESH,3144,PRATAPGARH,938954,151.69743090689,30,63,2993.69307227,2983,106,38122,2494460,1293330,125427,2492,423,208.61727,6986.34207727,81221,89578,187136,259887,74,369621,508687,41105,3784.031735,1149943,80,56.57,51.52,113.26,NA
2018-2019,July,31,UTTAR PRADESH,3145,PRAYAGRAJ,1833199,155.454849281368,25,129,1210.750503502,16220,1,25608,1603186,876931,163472,1631,98,136.28722,3839.268103502,61862,77794,178723,299084,47,366965,568957,41828,2492.23038,627466,82,80.78,31.43,112.21,NA
2018-2019,July,31,UTTAR PRADESH,3146,BAHRAICH,1716044,180.737544907825,29,163,1334.457064078,11454,2,37865,2568539,504024,76229,12377,2807,196.716,6173.487392678,85913,104545,213363,351273,62,433514,631927,49319,4642.3143286,969044,82,69.82,49.35,112.38,NA
2018-2019,July,31,UTTAR PRADESH,3152,MAHARAJGANJ,1400312,185.929829516432,28,511,1840.761145023,10661,0,6050,3161771,855645,103459,15489,2766,192.10524,7911.541815023,110263,136873,211019,387949,113,324812,554005,16711,5878.67543,1219172,68,63.56,63.8,109.78,NA
2018-2019,July,31,UTTAR PRADESH,3155,DEORIA,1186204,181.992632158008,31,48,870.335625234,3413,3,9761,1834187,568359,49728,55938,4652,120.15672,4328.577545234,58024,60760,127638,160881,39,236509,288919,13174,3338.0852,638441,48,85.77,83.17,101.16,NA
2018-2019,July,31,UTTAR PRADESH,3157,AZAMGARH,2494424,167.280591798771,29,102,2354.791312769,7349,50,20671,3390443,1330499,120819,3488,375,213.1894,8239.533827769,116190,124555,235408,300333,30,481833,584046,28020,5671.553115,1393370,68,74.7,76.21,132.59,NA
2018-2019,July,31,UTTAR PRADESH,3159,BALLIA,1902044,157.282913399967,29,82,1200.369323045,3259,18,19460,1915542,319008,36219,47635,4775,138.4615,4351.651088045,64013,71538,151503,219808,58,292678,397839,22719,3012.820265,715218,71,82.39,78.99,154.91,NA
2018-2019,July,31,UTTAR PRADESH,3163,SONBHADRA,870739,160.084110298604,27,133,1099.080451964,5449,8,21873,1607781,550452,123193,461480,120699,127.91896,3800.801321364,58338,81902,152718,377010,58,340505,755582,27322,2573.8019094,750767,85,84.11,55.21,105.34,NA
2018-2019,July,31,UTTAR PRADESH,3173,SANT RAVIDAS NAGAR,261874,168.060328370453,27,10,304.369192357,2401,9,10898,451015,196168,44918,3012,369,40.36,1102.706482357,16677,21925,50012,102013,9,130785,234611,13299,757.97729,191868,81,86.39,42.31,123.44,NA
2018-2019,July,31,UTTAR PRADESH,3175,BALRAMPUR,941804,184.931001003512,27,54,341.589555252,2980,13,5945,1195800,238836,32052,22468,2774,81.3857,2634.380165252,43166,48819,108677,160471,65,181685,251886,8925,2211.40491,369205,60,70.6,80.19,129.21,NA
2018-2019,July,31,UTTAR PRADESH,3177,CHITRAKOOT,1019934,155.404059622051,26,38,420.601376357,3742,0,13161,685384,355874,83642,112,4,55.942,1541.657936357,25869,38999,79849,165747,71,125507,246133,16903,1065.11456,309086,73,72.69,60.06,104.16,NA
2018-2019,July,31,UTTAR PRADESH,3178,AMBEDKAR NAGAR,959149,157.561262202193,29,30,963.693988632,4397,6,14790,1240863,533820,99925,1624,497,108.36149,3027.174883632,42445,48996,114914,207911,36,245731,392912,19187,1955.119405,525643,75,82.76,67.22,102.38,NA
2018-2019,Jan,31,UTTAR PRADESH,3111,RAMPUR,1317565,171.636028569406,37,60,1128.638958487,2977,3,4059,1667238,369506,28526,2154,151,93.9504,4084.170448487,44070,48219,86371,121166,284,160999,212139,7036,2861.58109,267433,41,44.78,47.2,122.98,NA
2018-2019,Jan,31,UTTAR PRADESH,3112,SAHARANPUR,846358,160.041568133316,23,81,526.704853855,2130,1,3526,901556,390920,61407,1571,205,75.68155,2045.250763855,38978,46044,80234,124324,113,119143,174817,5656,1442.86436,284639,13,65.3,90.21,109.98,NA
2018-2019,Jan,31,UTTAR PRADESH,3117,BULANDSHAHR,183436,161.320067000395,20,15,52.428605265,1651,62,1601,235521,55003,11187,0,0,14.52775,446.898990265,11624,12851,29520,41759,45,107620,139943,3252,379.942635,61428,35,77.84,92.6,123.24,NA
2018-2019,Jan,31,UTTAR PRADESH,3119,MATHURA,958257,170.279413047333,37,33,790.384978516,1195,18,4211,1043355,372205,40222,2440,247,94.55024,2661.553988516,27855,38773,57799,100945,146,129884,215982,5406,1776.61877,351208,20,60.51,77.9,129.63,NA
2018-2019,Jan,31,UTTAR PRADESH,3124,BUDAUN,2469544,167.673529545369,35,258,1112.304681448,9717,3,11779,2333496,440920,43642,1158,89,188.2825,5213.242286448,66138,73724,128598,182408,372,258015,343974,21496,3912.655105,469582,67,63.14,59.83,115.68,NA
2018-2019,Jan,31,UTTAR PRADESH,3126,PILIBHIT,1923140,165.812822526285,30,209,3199.282562378,11865,0,7428,2158545,416957,50278,3997,504,200.2837,6978.710652378,71366,86862,131071,224016,477,278559,411381,19293,3579.14439,468779,68,54.36,49.27,102.55,NA
2018-2019,Jan,31,UTTAR PRADESH,3137,KANPUR NAGAR,893589,158.277035670896,32,76,240.98184201,4688,2,6264,775366,288144,49401,14391,2382,63.56357,1531.77173241,23888,27869,62561,116503,84,200091,308052,10952,1227.2263204,201880,71,71.16,62.21,112.26,NA
2018-2019,Jan,31,UTTAR PRADESH,3141,HAMIRPUR,1990654,160.764654780467,42,54,1353.80147475,6693,6,9602,1946515,492384,52160,1039,74,159.23603,4642.34562475,45588,67884,88594,179195,931,163520,315659,16295,3129.30812,749895,60,66.04,68.59,112.13,NA
2018-2019,Jan,31,UTTAR PRADESH,3143,FATEHPUR,2948497,155.36523278735,40,133,1776.918278911,18004,0,17511,2935254,1250711,98531,243,19,205.919,6543.201488911,72602,83421,141202,211974,441,268838,373428,35515,4560.36421,1262594,85,67.04,48.35,113.46,NA
2018-2019,Jan,31,UTTAR PRADESH,3155,DEORIA,3052079,178.485209061384,41,61,1952.082844119,8357,3,7632,2957385,890927,49781,87088,4664,243.78902,7474.366664119,71165,75106,128290,161590,402,238593,291238,15989,5278.4948,1041276,48,68.22,64.58,100.79,NA
2018-2019,Jan,31,UTTAR PRADESH,3159,BALLIA,3373143,172.952692639638,41,107,1954.079543697,17470,2,14015,3627797,571576,36162,91572,4775,295.12538,8523.577518697,87178,97608,152963,220881,533,298054,403219,31485,6274.372595,1387287,71,66.42,57.56,128.15,NA
2018-2019,Jan,31,UTTAR PRADESH,3163,SONBHADRA,2053002,171.96669629261,37,170,2107.464005782,18206,7,14263,2901961,952830,123291,881771,120717,249.569,7347.439465182,78152,111804,153362,377672,653,342615,758589,32469,4990.4064594,1296790,85,76.06,45.13,104.78,NA
2018-2019,Jan,31,UTTAR PRADESH,3171,CHANDAULI,1793485,172.619777300901,39,159,1697.647991824,8230,2,11538,2028477,681170,76995,10032,1019,174.9639,5374.164371824,51852,74598,95666,208162,407,233856,444138,19768,3501.55248,735871,69,66.24,49.06,108.91,NA
2018-2019,Jan,31,UTTAR PRADESH,3174,SANT KABEER NAGAR,3467350,172.529129010131,42,117,3135.937136281,13623,2,10960,3659170,1311497,93549,6252,515,323.10031,9772.171576281,86126,103964,144146,248061,901,270610,428397,24583,6313.13413,1617648,66,62.91,62.13,103.46,NA
2018-2019,Jan,31,UTTAR PRADESH,3181,AMETHI,2732818,170.694957919848,41,67,2018.722564981,10865,3,19821,2626654,797865,57979,12496,811,242.95371,6745.242214981,63378,74791,111141,185959,784,227466,346137,30686,4483.56594,876101,74,51.68,44.73,108.21,NA
2018-2019,June,31,UTTAR PRADESH,3109,BIJNOR,301432,132.344458294827,11,106,366.995224268,2221,236,5871,465290,194201,108633,873,581,77.17298,1059.953734268,41315,49319,145486,243682,2,206877,324796,8092,615.78553,131690,43,66.41,73.67,130.45,NA
2018-2019,June,31,UTTAR PRADESH,3110,MORADABAD,554921,130.30891914866,25,110,297.935383883,3043,75,5239,985834,241546,35794,165,17,57.65308,1640.218093883,38851,47314,92038,147891,28,157357,233205,8282,1284.62963,311719,70,95.4,81.66,105.44,NA
2018-2019,June,31,UTTAR PRADESH,3118,ALIGARH,393593,151.115080000659,18,60,1161.312471662,1678,46,3684,668057,212737,46234,721,163,76.96139,2247.808731662,35542,39371,104519,149923,9,192856,261814,5362,1009.53487,148424,25,77.64,77.85,100.85,NA
2018-2019,June,31,UTTAR PRADESH,3120,AGRA,448178,143.747636517745,20,48,313.528773993,1269,96,3546,507315,166109,37681,4013,931,46.38718,1089.169276193,24473,28564,72563,107995,0,155142,211455,4815,729.2533222,142994,52,88.88,83.74,107.2,NA
2018-2019,June,31,UTTAR PRADESH,3121,FIROZABAD,571500,155.235095030651,22,31,172.122513584,2518,37,2791,471269,233675,38493,820,107,41.62453,945.321923584,20776,23498,66273,89356,2,135559,175277,5309,731.57488,139615,58,90.33,74.49,112.66,NA
2018-2019,June,31,UTTAR PRADESH,3127,SHAHJAHANPUR,1000451,146.529941359806,17,94,664.96996363,4119,51,14574,625339,206239,86537,198,80,74.75985,1656.03868363,36497,41543,154458,257583,1,305915,455643,18693,916.30887,146036,73,60.68,40.54,131.07,NA
2018-2019,June,31,UTTAR PRADESH,3130,HARDOI,1453175,155.452041116977,22,97,1147.616584668,8319,86,29274,1632513,657967,145891,1440,378,193.59075,3878.982114668,73185,80965,250184,353748,4,560453,726290,37593,2537.77478,432576,79,80.65,54.95,137.45,NA
2018-2019,June,31,UTTAR PRADESH,3136,KANPUR DEHAT,214295,172.196786179061,18,44,221.26134482,1134,28,14220,265105,111727,55083,1556,842,41.50028,719.26391482,14244,16360,70666,127629,0,212536,328011,15354,456.50229,94147,81,83.79,42.62,111.56,NA
2018-2019,June,31,UTTAR PRADESH,3142,BANDA,509257,139.972893848795,25,18,968.874934328,4166,0,15890,675640,214870,84769,387,173,100.29561,2014.883404328,26870,36752,121875,273413,9,211413,446555,20056,945.71286,290396,80,79.15,50.8,100.94,NA
2018-2019,June,31,UTTAR PRADESH,3146,BAHRAICH,1668376,162.161438336548,27,139,1211.248191773,8464,15,38786,2140417,427325,76253,10214,2807,179.506,4861.685185373,78666,95452,213125,351099,32,432141,630434,47250,3470.9309936,814510,82,72.61,51.44,113.66,NA
2018-2019,June,31,UTTAR PRADESH,3149,AYODHYA,912989,143.401495698387,21,63,1374.003394699,8263,15,11962,760180,327585,87422,2027,365,84.6868,2548.799684699,35259,39809,128155,211674,12,227549,347052,20225,1090.10949,313971,67,76.75,56.76,117.93,NA
2018-2019,June,31,UTTAR PRADESH,3155,DEORIA,898640,153.505160633716,27,43,719.457261804,2949,11,9936,1501366,461660,49715,46864,4646,114.63072,3138.762271804,53997,56476,127410,160629,25,236019,288386,12885,2304.67429,518492,48,85.19,81.03,101.41,NA
2018-2019,June,31,UTTAR PRADESH,3159,BALLIA,1755733,120.56437005432,24,68,1173.142500265,2474,52,19493,1330075,226864,36154,33476,4760,137.0896,2913.828645265,54399,60643,150616,218871,8,291288,396346,21967,1603.596545,496918,72,82.56,75.35,179.16,NA
2018-2019,June,31,UTTAR PRADESH,3160,GHAZIPUR,713519,85.7793459907207,24,47,839.428697695,2131,255,14754,1305272,332323,74635,9156,1345,81.82985,2040.912332695,53571,61803,158331,262412,23,340482,523780,16885,1119.653785,475191,66,74.27,63.97,186.17,NA
2018-2019,June,31,UTTAR PRADESH,3165,BAGHPAT,11227,183.287719719239,19,3,15.874021023,251,69,401,16669,6378,3706,0,11,1.168,47.594251023,862,971,7628,11406,0,31892,44276,652,30.55223,4529,6,34.38,55.77,109.28,NA
2018-2019,June,31,UTTAR PRADESH,3180,KASHGANJ,475017,138.946323252027,19,66,378.13353704,1046,9,1663,434732,93952,24918,466,71,39.63327,1021.81093704,21847,25735,60788,112398,1,129670,206172,2709,604.04413,102486,31,66.53,77.42,115.84,NA
2018-2019,June,31,UTTAR PRADESH,3183,SHAMLI,75312,129.565052116506,21,2,61.3541746,84,36,798,98913,8866,2571,27,16,15.529416,205.0402706,4520,4894,17365,21437,0,35697,42772,882,128.15668,24255,8,73.44,85.48,125.44,NA
2018-2019,Feb,31,UTTAR PRADESH,3109,BIJNOR,1572739,170.08154094203,21,217,758.996396268,6803,1,5404,1771981,722463,108654,3848,578,129.31767,3902.126656268,82234,101714,146199,243943,258,208814,326640,12207,3013.81259,469822,32,55.11,72.85,112.45,NA
2018-2019,Feb,31,UTTAR PRADESH,3115,MEERUT,339543,163.075372063916,37,21,108.607863535,1125,9,675,328371,164030,12646,224,8,6.88701,650.987103535,8684,10451,19334,25799,91,53717,66231,1800,535.49223,109358,44,62.4,79.48,130.32,NA
2018-2019,Feb,31,UTTAR PRADESH,3116,GHAZIABAD,1261,161.968085106383,12,0,0,3,161,3,188,51,19,0,0,0,0.3045,15,15,71,200,0,17610,25865,6,0.3045,100,0,36.17,64.89,100,NA
2018-2019,Feb,31,UTTAR PRADESH,3118,ALIGARH,1837588,173.680669971277,32,108,2335.435560978,4548,7,3448,1751896,554333,46301,1961,161,167.83884,5545.979110978,54238,60502,105078,150393,133,194670,263728,7996,3042.70471,411613,25,62.35,71.73,101.1,NA
2018-2019,Feb,31,UTTAR PRADESH,3120,AGRA,1573335,175.271745726293,36,73,598.962392613,4204,16,2596,1404109,429617,37930,11629,931,91.04243,3151.011178813,37973,45361,73664,109421,202,157739,214871,6800,2461.0063562,408986,50,71.14,67.8,106.01,NA
2018-2019,Feb,31,UTTAR PRADESH,3133,RAE BARELI,3301929,166.517194058071,36,165,3425.517517676,22792,0,17907,3444134,1086188,115809,7580,832,304.32712,9464.919934076,93099,112974,178816,327681,1915,313647,519739,40699,5735.0752964,1317312,65,44.72,36.53,100.38,NA
2018-2019,Feb,31,UTTAR PRADESH,3146,BAHRAICH,4427106,174.360287487903,43,368,2166.752619385,47561,0,20328,5577626,958954,75459,33826,2815,359.136,12251.053347985,129279,159957,215505,352925,973,445426,645141,67889,9725.1647286,1992790,85,64.04,37.43,109.36,NA
2018-2019,Feb,31,UTTAR PRADESH,3150,SULTANPUR,2965417,172.697571786327,45,113,2831.970702075,27058,2,18095,3748764,1058575,61209,8540,398,333.99239,9639.987492075,82659,95004,136442,200190,704,293498,397013,45153,6474.0244,1507441,80,48.44,29.13,117.01,NA
2018-2019,Feb,31,UTTAR PRADESH,3151,SIDDHARTH NAGAR,6959086,170.82650417695,41,114,6264.620892642,9313,5,10945,7430542,1609343,77521,8317,297,574.83092,19532.786952642,177687,201452,244660,332739,826,367363,479050,20258,12693.33514,3589508,42,51.45,56.22,115.34,NA
2018-2019,Feb,31,UTTAR PRADESH,3159,BALLIA,3525225,173.297455845005,43,109,1954.079543697,18895,2,13434,3892255,612137,36168,97026,4772,295.12538,8994.383813697,90125,101007,152952,220827,733,298542,403690,32329,6745.17889,1490328,70,63.63,54.36,127.62,NA
2018-2019,Feb,31,UTTAR PRADESH,3170,KAUSHAMBI,1283558,169.288605861824,40,96,570.129918142,12570,1,9420,1433581,775841,88510,556,71,115.58309,3112.602296942,35021,44315,77373,146252,391,208852,339522,21990,2426.8892888,653865,88,77.11,43.13,113.21,NA
2018-2019,Feb,31,UTTAR PRADESH,3175,BALRAMPUR,2527318,172.355442733764,47,75,855.003527126,7834,0,5031,3087465,601693,32161,40056,2776,171.95514,6348.372637126,65135,74915,109677,161543,2086,183728,254123,12865,5321.41397,897402,53,62.25,73.96,117.39,NA
2018-2019,Feb,31,UTTAR PRADESH,3184,SAMBHAL,1905922,171.006093662159,38,155,736.64076353,5857,115,3287,2011805,598580,43739,352,13,134.48682,4311.43672613,52596,61909,90860,133264,810,159133,218264,9144,3440.3091426,463248,43,63.33,61.25,120.47,NA
2018-2019,Dec,31,UTTAR PRADESH,3109,BIJNOR,1324180,164.078484608546,18,202,758.884396268,4888,4,6462,1439760,585331,108653,3180,578,129.31767,3250.538456268,75794,92625,146168,243989,141,208561,326380,11350,2362.33639,379352,34,58.12,76.22,112.23,NA
2018-2019,Dec,31,UTTAR PRADESH,3120,AGRA,1477034,173.479278700909,34,65,592.657486939,3311,20,3082,1217775,379210,37890,10055,931,91.04243,2796.287203139,35785,42576,73395,109131,122,157091,214085,6393,2112.5872862,350275,51,76.05,74.26,105.28,NA
2018-2019,Dec,31,UTTAR PRADESH,3123,MAINPURI,1384441,163.084076331595,37,99,600.012996185,5564,9,5817,1568420,490585,42583,1906,148,128.76201,3286.618276185,41951,50969,86537,131242,403,157597,223841,11381,2557.84327,459173,72,62.67,52.79,108.04,NA
2018-2019,Dec,31,UTTAR PRADESH,3131,UNNAO,2950880,165.064823451892,39,134,1071.334128574,20986,1,12482,2869841,969807,86475,5348,535,218.57334,6027.005448574,73469,83383,150701,223597,484,366775,482824,33468,4737.09798,802872,82,67.63,44.13,105.22,NA
2018-2019,Dec,31,UTTAR PRADESH,3136,KANPUR DEHAT,949011,164.443735967256,30,141,414.073003291,4016,1,13115,868059,341318,55001,4692,847,69.75148,1911.293133291,28422,33087,71217,128036,53,215392,331118,17131,1427.46865,286908,80,70.27,50.55,117.84,NA
2018-2019,Dec,31,UTTAR PRADESH,3137,KANPUR NAGAR,818186,164.166581531464,30,71,227.785665511,4242,2,6369,639336,238432,49396,11936,2383,61.19157,1338.553291211,21158,24563,62504,116434,46,199981,307905,10611,1049.5760557,170423,71,70.5,60.26,111.59,NA
2018-2019,Dec,31,UTTAR PRADESH,3143,FATEHPUR,2737079,159.70601824728,39,79,1747.823140801,13979,3,19566,2372518,1011520,98493,196,19,205.919,5742.796170801,60204,68411,141014,211790,267,268041,372531,33545,3789.05403,1059540,86,66.4,42.95,111.65,NA
2018-2019,Dec,31,UTTAR PRADESH,3153,BASTI,5424627,169.926148293308,43,145,5105.027258319,16262,10,21372,5758655,1482452,96911,3151,146,417.75072,15308.238613319,133549,161753,231733,359189,1705,359471,529785,37634,9785.460635,2531158,56,63.98,59.45,124.25,NA
2018-2019,Dec,31,UTTAR PRADESH,3155,DEORIA,2818322,178.222748671831,39,54,1949.394844119,6465,3,8881,2645183,802393,49757,77930,4656,230.81502,6894.527714119,67626,71265,128104,161389,259,237812,290347,15346,4714.31785,932272,48,68.39,64.5,100.88,NA
2018-2019,Dec,31,UTTAR PRADESH,3158,JAUNPUR,3162481,176.006586393231,41,100,3747.39865626499,20718,19,16397,3535167,1366626,98675,14006,1513,318.48343,10288.008846265,84959,90929,176883,229560,1142,398396,491623,37115,6222.12676,1549710,72,87.61,63.89,107.54,NA
2018-2019,Dec,31,UTTAR PRADESH,3161,VARANASI,1171282,167.332921252399,27,81,665.407935287,4737,0,8253,938327,374511,55202,3698,534,86.00281,2321.540725287,33537,42283,71942,136193,180,155013,251306,12990,1570.12998,437284,68,51.08,40.65,104.25,NA
2018-2019,Dec,31,UTTAR PRADESH,3169,AURAIYA,916967,158.900227763513,31,48,403.527075753,9663,0,9092,930790,419629,51979,3679,571,69.18163,1951.736135753,29566,33061,70792,106624,40,131627,185105,18755,1479.02743,319049,84,52.01,25.29,107.59,NA
2018-2019,Dec,31,UTTAR PRADESH,3173,SANT RAVIDAS NAGAR,748270,166.196053024782,36,11,423.166978908,6928,3,7598,846623,349989,44578,5025,365,80.56,1910.780988908,23036,30299,49887,101385,95,132428,236173,14526,1407.05401,355446,80,85.78,39.98,113.35,NA
2018-2019,Dec,31,UTTAR PRADESH,3183,SHAMLI,326551,162.735759633941,36,3,116.3872246,331,0,879,293286,28230,2548,168,13,18.499106,612.1675306,8104,8885,17622,21327,56,36174,42877,1210,477.2812,70948,6,61.73,78.76,127.84,NA
2018-2019,Dec,31,UTTAR PRADESH,3184,SAMBHAL,1674866,163.728264438738,34,151,736.64076353,4855,116,3533,1696045,507668,43621,290,13,134.48682,3648.03262613,48522,56957,90479,132794,577,158221,217201,8388,2776.9050426,391487,44,65.46,64.44,120.91,NA
2018-2019,Nov,31,UTTAR PRADESH,3160,GHAZIPUR,2420639,173.128732899065,33,75,1602.591158587,8662,13,12063,2373189,592076,74581,15417,1352,215.95792,5927.221123587,71514,83316,158723,262529,478,341909,525077,20725,4108.672045,860156,65,58.9,51.67,155.97,NA
2018-2019,Nov,31,UTTAR PRADESH,3161,VARANASI,979468,171.323844316606,25,73,665.407935287,4037,1,8464,778760,308637,55147,2747,535,86.00281,2085.612315287,30767,38612,71802,135984,92,154807,251003,12501,1334.20157,360610,69,53.07,41.12,104.63,NA
2018-2019,Nov,31,UTTAR PRADESH,3164,GAUTAM BUDDHA NAGAR,6850,166.446914262046,17,0,0,69,83,149,7243,1698,548,56,14,0,12.05575,413,464,1268,1766,1,16002,18469,218,12.05575,1243,24,11.93,90.47,117.28,NA
2018-2019,Nov,31,UTTAR PRADESH,3165,BAGHPAT,63511,168.473795480011,29,4,18.107940943,354,4,440,47301,17020,3727,27,11,3.86,101.657730943,1631,1882,7740,11535,7,32045,44452,794,79.68979,14374,6,17.82,76.04,111.76,NA
2018-2019,Nov,31,UTTAR PRADESH,3177,CHITRAKOOT,1891477,168.424037760329,38,52,763.618676603,6988,0,12909,1390454,705490,83674,193,6,123.94705,3229.424496603,35933,55331,80670,166708,784,126629,247487,19897,2341.85877,611190,72,64.88,54.28,104.03,NA
2018-2019,April,31,UTTAR PRADESH,3112,SAHARANPUR,34825,269.735485658861,8,4,283.532194075,438,300,3187,21651,8546,60858,0,202,41.41225,383.344874075,2647,2963,78782,122484,0,116625,171573,3625,58.40043,6958,16,50.87,48.79,109.18,NA
2018-2019,April,31,UTTAR PRADESH,3115,MEERUT,35470,56.3360461675052,13,5,0,71,406,1153,13516,7666,12654,0,9,0,7.61438,995,1167,18393,25467,0,46614,59123,1224,7.61438,6052,61,49.18,38.51,231.54,NA
2018-2019,April,31,UTTAR PRADESH,3119,MATHURA,66391,226.55786740406,13,5,189.3229127,213,323,3167,29654,9699,40259,86,245,30.23739,286.7437727,2154,2870,57315,100480,0,128909,214850,3380,67.18347,9899,22,81.34,74.58,115.85,NA
2018-2019,April,31,UTTAR PRADESH,3120,AGRA,74707,202.758449876037,13,12,276.791111347,504,354,3604,77039,24370,37525,731,931,17.50955,450.503743547,5840,6569,71920,107038,0,154147,209975,4108,156.2030822,25031,60,69.08,61.42,111.62,NA
2018-2019,April,31,UTTAR PRADESH,3129,SITAPUR,433564,109.292130955256,16,99,402.904008391,1416,469,74164,695688,325772,326364,856,904,65.66553,1228.901778391,41566,55322,345533,696722,0,613681,1087295,75580,760.33224,249879,87,76.99,14.89,119.43,NA
2018-2019,April,31,UTTAR PRADESH,3131,UNNAO,291562,116.86377073368,14,22,148.272406408,1565,316,22066,190451,71331,86906,346,539,38.58021,409.420836408,13090,14420,148490,222056,0,361177,477415,23631,222.56822,62453,88,76.04,21.18,102.7,NA
2018-2019,April,31,UTTAR PRADESH,3145,PRAYAGRAJ,549960,109.240216633365,15,21,648.333413982,1694,680,36696,319803,176177,163914,524,102,44.12885,1041.815753982,20445,25317,177749,298467,0,364117,565975,38390,349.35349,124145,84,72.42,11.49,123.93,NA
2018-2019,April,31,UTTAR PRADESH,3153,BASTI,501630,99.7004351645208,15,37,814.364642825,1496,356,26689,545311,143587,96796,392,146,71.75892,1429.801002825,35134,41366,229364,356685,0,355072,524958,28185,543.67744,239990,61,77.02,67.63,164.44,NA
2018-2019,April,31,UTTAR PRADESH,3159,BALLIA,1097333,189.760042558332,12,11,749.889625889,1014,412,18853,107617,23906,35853,3500,4750,92.2768,1046.380490889,8331,8990,148880,217139,0,287735,392682,19867,204.214065,44484,80,63.97,26.42,176.59,NA
2018-2019,April,31,UTTAR PRADESH,3165,BAGHPAT,2320,360.78869448183,14,0,12.3458518,191,172,337,2229,762,3702,0,11,0.112,20.4998318,158,180,7602,11380,0,31849,44233,528,8.04198,534,8,25.12,25.12,172.39,NA
2018-2019,April,31,UTTAR PRADESH,3167,AMROHA,77562,1160.75610573499,8,8,164.481208967,788,207,2787,23871,8951,52928,0,33,34.27039,475.835688967,2702,3069,103412,177954,0,149453,243878,3575,277.08409,5039,7,17.04,16.21,179.6,NA
2018-2019,April,31,UTTAR PRADESH,3169,AURAIYA,60147,104.330132897314,15,3,146.63797825,144,232,13873,52597,28289,52094,121,577,15.57067,217.08316825,3476,3823,69311,105350,0,128958,182554,14017,54.87452,22210,84,72.71,11.59,120.44,NA
2018-2019,April,31,UTTAR PRADESH,3183,SHAMLI,11959,117.410688493019,14,0,52.852249,30,162,706,14539,1455,2581,0,16,13.095246,83.017835,1034,1110,17250,21366,0,35543,42658,736,17.07034,3629,9,66,64.6,136.3,NA
2018-2019,Oct,31,UTTAR PRADESH,3120,AGRA,1345594,176.031048469995,29,60,351.071916288,2520,29,3382,995193,315861,37841,8589,931,80.62737,2183.547958488,33291,39425,73142,108820,45,156413,213262,5902,1751.8486722,283716,52,82.06,80.77,106.19,NA
2018-2019,Oct,31,UTTAR PRADESH,3128,KHERI,2519285,162.592061642589,29,306,269.0177446333,24324,2,29277,3044194,1169802,167497,19230,6900,205.85026,5424.4857896333,103765,131967,257556,428167,167,520304,756890,53601,4949.617785,890710,87,76.69,49.26,108.76,NA
2018-2019,Oct,31,UTTAR PRADESH,3138,JALAUN,2468609,170.517045359869,39,253,1374.287754328,6760,0,13323,2815815,994542,106911,3457,428,292.10459,6467.836885128,70637,102989,130593,289853,303,210217,438563,20083,4801.4445408,1009183,54,80.69,84.23,107.91,NA
2018-2019,Oct,31,UTTAR PRADESH,3142,BANDA,1287015,167.642852511419,34,27,1457.91520416,8489,0,16858,1495987,453906,84754,897,173,182.4202,4148.25068416,43961,62042,122183,273838,452,211944,447256,25347,2507.91528,647612,81,71.96,57.68,101.24,NA
2018-2019,Oct,31,UTTAR PRADESH,3146,BAHRAICH,2815392,178.072842570891,32,233,1597.800007402,23235,0,37610,3293800,609519,75841,15087,2811,298.73,7761.893296002,100454,122639,214334,351837,173,438231,636881,60845,5865.3632886,1229551,85,69.74,40.04,111.39,NA
2018-2019,Oct,31,UTTAR PRADESH,3156,MAU,4248770,171.828946543136,39,305,3143.540081869,8750,1,12353,3220578,912787,63896,22025,1205,319.786,8997.211331869,80649,90260,151753,209673,688,237350,315317,21103,5533.88525,1378768,59,60.57,54.01,105.33,NA
2018-2019,Oct,31,UTTAR PRADESH,3159,BALLIA,2571879,173.805470920778,34,97,1413.868983083,6166,2,21508,2572163,420845,36231,65624,4791,261.39938,6145.828378083,74145,82834,152183,220373,153,294720,399877,27674,4470.560015,981309,73,75.15,68.36,139.18,NA
2018-2019,Oct,31,UTTAR PRADESH,3162,MIRZAPUR,1780924,169.292623630091,33,87,1137.700426748,11418,1,22840,1773840,845266,118138,17866,2695,183.87468,4324.555381748,52995,71710,125376,237745,89,296754,500130,34258,3002.980275,801948,84,60.87,36.8,122.54,NA
2018-2019,Oct,31,UTTAR PRADESH,3174,SANT KABEER NAGAR,2654701,173.49279402733,35,103,1985.319237724,7572,8,14971,2647526,965492,93487,5022,515,240.26022,6818.846287724,74281,88789,143334,247271,300,268782,426285,22543,4593.26683,1166423,69,64.92,63.24,102.87,NA
2018-2019,Oct,31,UTTAR PRADESH,3175,BALRAMPUR,1621822,175.901234207631,32,61,434.693110915,4823,0,5973,1610588,314342,32120,27348,2777,140.50435,3408.241630915,48855,55683,109171,161059,299,182471,252796,10796,2833.04417,487778,59,61.92,71.5,124.62,NA
2018-2019,May,31,UTTAR PRADESH,3114,MUZAFFARNAGAR,74037,128.845658326533,13,7,99.714475732,197,166,1404,57593,17180,11633,178,85,7.05716,180.977715732,4318,4511,29510,37692,0,77164,96753,1601,74.20608,13205,4,49.85,50.46,112.79,NA
2018-2019,May,31,UTTAR PRADESH,3118,ALIGARH,244094,140.903572402676,13,51,1051.997274388,1377,159,3442,326307,102907,46232,410,163,44.44452,1556.220014388,24385,26813,104231,149640,0,192385,261322,4819,459.77822,71332,28,71.17,68.64,100.77,NA
2018-2019,May,31,UTTAR PRADESH,3122,ETAH,277807,128.385862559855,17,18,183.60562245,802,133,6390,193175,59563,33616,112,12,28.63689,460.25190245,10934,11993,67376,108603,0,147988,218147,7192,248.00939,54172,78,80.49,39.56,145.97,NA
2018-2019,May,31,UTTAR PRADESH,3126,PILIBHIT,153958,133.915707970128,15,70,1110.769565099,4967,60,6067,400370,84062,50626,571,505,80.98654,1727.914425099,25274,29202,130152,223058,0,275906,408087,11034,536.15832,101353,72,60.26,40.36,102.86,NA
2018-2019,May,31,UTTAR PRADESH,3137,KANPUR NAGAR,74602,158.050036843343,14,26,87.036807752,1282,89,7577,89297,33331,49394,1663,2384,13.9358,242.106549152,6097,6845,61971,115828,0,198917,306701,8859,141.1339414,34846,73,90.25,26.59,115.71,NA
2018-2019,May,31,UTTAR PRADESH,3145,PRAYAGRAJ,1099919,139.024154772214,18,47,940.205643459,4150,283,35481,660532,359341,163685,747,101,76.91165,1935.416323459,35192,43753,178260,298719,0,366553,568680,39631,918.29903,257460,83,77.2,13.06,116.49,NA
2018-2019,May,31,UTTAR PRADESH,3148,BARABANKI,319299,194.310058398662,17,21,927.948267159,4725,87,15944,548129,235634,135987,527,157,56.164,2049.182047159,30965,35867,195831,323610,6,446568,645179,20669,1065.06978,161968,71,67.3,44.07,102.21,NA
2018-2019,May,31,UTTAR PRADESH,3165,BAGHPAT,5392,198.594935258393,15,3,12.3458518,218,123,392,8727,3367,3704,0,11,0.112,29.7892318,566,643,7624,11403,0,31888,44273,610,17.33138,2210,7,35.42,41.52,112.71,NA
2018-2019,May,31,UTTAR PRADESH,3166,HATHRAS,89227,119.774711523554,12,16,66.112157587,437,172,1077,90302,26507,17571,89,44,12.34859,186.619707587,7443,7964,37875,59559,0,73028,106134,1514,108.15896,10115,18,80.74,78.24,101.62,NA
2018-2019,May,31,UTTAR PRADESH,3171,CHANDAULI,727010,123.996173699304,20,77,506.838372205,683,121,13327,488200,172589,77324,2947,1025,40.218,1152.405692205,23773,32871,95060,209205,22,231465,442432,14010,605.34932,189735,73,72.94,48.04,112.05,NA
2018-2019,April,31,UTTAR PRADESH,3110,MORADABAD,184974,92.1506864718384,15,16,131.320159998,318,411,6465,88933,16995,35760,28,16,11.57615,224.848679998,5638,7094,91535,147263,0,156539,232180,6783,81.95237,35991,84,78.9,25.13,121.77,NA
2018-2019,June,31,UTTAR PRADESH,3111,RAMPUR,366507,145.006442819973,19,26,559.645148594,741,111,3346,427763,87015,28287,675,151,67.8844,1247.813458594,21501,23078,85565,120356,3,159545,210629,4087,620.28391,70882,53,71.69,70.07,145.86,NA
2018-2019,June,31,UTTAR PRADESH,3115,MEERUT,137124,123.248059121165,19,15,28.068649009,260,197,1140,77671,40988,12777,37,9,5.47465,129.271299009,4043,4834,18968,25834,1,52806,65733,1400,95.728,26619,54,69.78,67.31,142.07,NA
2018-2019,June,31,UTTAR PRADESH,3116,GHAZIABAD,0,0,0,0,0,0,161,3,0,0,19,0,0,0,0,0,0,68,207,0,17606,25871,3,0,0,0,0,0,0,NA
2018-2019,June,31,UTTAR PRADESH,3139,JHANSI,1124613,143.464646122648,32,134,1305.874783839,3752,1,12789,1122338,378294,84670,13946,1849,121.4853,3037.518323839,35067,50969,107914,225192,172,186013,371214,16541,1610.15824,425704,53,57.63,50.98,115.07,NA
2018-2019,June,31,UTTAR PRADESH,3143,FATEHPUR,992162,149.143170594062,26,25,882.686409251,5192,27,20475,854086,376031,98179,30,31,98.42,2254.917349251,32487,36411,139627,210515,10,265194,369577,25667,1273.81094,386708,88,72.19,42.96,112.53,NA
2018-2019,June,31,UTTAR PRADESH,3144,PRATAPGARH,640196,141.916137276566,26,56,2982.27711927,2695,189,37192,1745877,906525,124989,1721,422,207.60927,5667.56758927,67134,73705,185734,258317,42,366329,505070,39887,2477.6812,806519,81,59.18,50.58,113.15,NA
2018-2019,June,31,UTTAR PRADESH,3148,BARABANKI,532165,180.020276429547,21,35,1066.0268554,7576,44,13453,906126,390356,135978,579,157,105.334,2802.5713854,41847,48804,195948,323772,35,446939,645655,21029,1631.21053,260690,70,68.19,55.14,102.39,NA
2018-2019,June,31,UTTAR PRADESH,3154,GORAKHPUR,1193666,152.366506927348,25,84,463.74892917,4518,23,17308,1893293,545158,70398,5000,717,157.09633,3505.58966917,73703,80622,163074,235970,12,370407,491860,21826,2884.74441,752871,75,59.12,67.59,111.87,NA
2018-2019,June,31,UTTAR PRADESH,3157,AZAMGARH,1940108,146.276887537791,25,97,2180.321442339,4747,86,22280,2702330,1061929,120792,2799,375,192.53782,6325.743477339,106555,113925,235011,299890,6,480414,582452,27027,3952.884215,1111283,69,77.55,78.08,133,NA
2018-2019,June,31,UTTAR PRADESH,3161,VARANASI,233517,167.590547305364,15,49,370.201159616,2917,133,6383,286458,119889,55055,1193,533,42.80997,893.087659616,18078,22000,71261,135241,1,153756,249551,9300,480.07653,136318,71,65.95,47.15,105.33,NA
2018-2019,June,31,UTTAR PRADESH,3163,SONBHADRA,613740,144.054744734672,22,115,1051.164548273,3406,12,23005,1144848,392536,123146,329417,120689,105.57602,2805.948432273,49852,68976,152607,376886,14,340110,754980,26411,1649.207864,535295,85,81.92,53.16,105.22,NA
2018-2019,June,31,UTTAR PRADESH,3167,AMROHA,331666,169.73678249857,19,51,651.950812451,1984,69,2999,604842,187929,53044,194,33,123.40574,1801.995902451,31594,38932,103934,178470,42,150226,244720,4983,1026.63935,143528,7,69.51,69.56,153.95,NA
2018-2019,June,31,UTTAR PRADESH,3168,KANNAUJ,265367,186.803438688232,18,52,617.066812392,2259,26,11705,367931,132872,55088,126,54,74.99454,1379.369112392,19508,21538,82417,128280,0,146679,207957,13964,687.30776,84422,72,76.09,51.81,115.03,NA
2018-2019,June,31,UTTAR PRADESH,3173,SANT RAVIDAS NAGAR,211746,151.399417453168,24,9,293.125249205,1898,20,11232,370099,160602,44932,2121,369,38.36,891.812979205,15032,19671,49979,102049,1,130659,234547,13130,560.32773,157931,81,87.09,38.62,126.33,NA
2018-2019,June,31,UTTAR PRADESH,3177,CHITRAKOOT,934760,144.898115411133,21,31,415.675799397,2679,0,13402,407569,218793,83538,86,4,55.942,1062.177599397,18661,27764,79561,165309,21,125123,245546,16081,590.5598,185175,73,74.37,54.36,105.41,NA
2018-2019,June,31,UTTAR PRADESH,3184,SAMBHAL,576765,140.538534347573,22,115,229.938506292,1825,133,3865,777988,247494,43102,158,13,130.88682,1454.198258892,35038,40806,88535,130567,13,155173,213735,5690,1093.3729326,176884,52,80,74.96,121.21,NA
2018-2019,April,31,UTTAR PRADESH,3117,BULANDSHAHR,18819,317.840774689533,12,2,27.269020665,432,802,1398,6764,1165,11115,0,0,5.12812,53.895890665,546,614,29061,41387,0,106264,138548,1830,21.49875,2550,53,77.38,46.81,155.37,NA
2018-2019,April,31,UTTAR PRADESH,3118,ALIGARH,114099,187.073691469367,10,5,982.022302653,451,275,3875,73957,21814,46191,95,161,43.24052,1163.616912653,7216,7814,103962,149428,0,191969,260910,4326,138.35409,15671,31,49.65,44.16,102.37,NA
2018-2019,April,31,UTTAR PRADESH,3121,FIROZABAD,190500,154.985387390438,12,4,150.092570084,845,208,3855,76783,40825,38312,118,107,34.21903,303.314030084,6004,7208,65500,88831,0,134237,173856,4700,119.00243,22677,65,76.46,43.5,111.79,NA
2018-2019,April,31,UTTAR PRADESH,3123,MAINPURI,91495,86.4086279264137,16,15,124.726761696,364,307,6833,108879,43169,41984,135,146,27.53856,246.346171696,6420,7666,84043,127999,0,152724,217613,7197,94.08085,44536,83,71.58,20.75,107.9,NA
2018-2019,April,31,UTTAR PRADESH,3124,BUDAUN,110072,234.892946518214,12,48,273.349599855,528,347,12132,133466,22682,43231,119,78,75.90434,662.756159855,10336,11269,125124,178630,0,249371,334708,12660,313.50222,35193,71,73.21,48.27,114,NA
2018-2019,April,31,UTTAR PRADESH,3135,ETAWAH,22901,127.430741848474,13,4,20.223926602,208,240,10406,54499,25136,42838,116,145,10.53431,100.206716602,4136,4481,62141,93192,0,140485,191786,10614,69.44848,19306,74,70.16,45.84,154.32,NA
2018-2019,April,31,UTTAR PRADESH,3139,JHANSI,187462,197.632373377487,16,40,527.996055865,664,48,14902,202926,66515,84644,1420,1853,28.37664,957.420165865,12169,16746,107479,224755,0,185058,370171,15566,401.04747,75884,55,52.78,41.1,114.77,NA
2018-2019,April,31,UTTAR PRADESH,3140,LALITPUR,321886,115.570510503905,17,31,124.017418353,420,33,9552,254572,63778,60390,17991,18559,0,418.227578353,14946,20335,115630,232356,1,171521,325947,9972,294.21016,95063,59,86.2,77.51,100.82,NA
2018-2019,April,31,UTTAR PRADESH,3142,BANDA,141886,108.755007676221,16,9,781.464316598,215,48,19291,165446,50463,84737,110,173,51.54374,1012.938866598,10287,13346,121522,272907,0,210863,445783,19506,179.93081,72115,81,73.46,34.33,101.55,NA
2018-2019,April,31,UTTAR PRADESH,3150,SULTANPUR,296440,160.600369294915,16,30,667.759786468,997,233,29921,335775,116098,61158,754,398,88.478,1295.493676468,20766,23420,134755,198765,0,281245,383257,30918,539.25589,136270,86,43.93,22.97,106.58,NA
2018-2019,April,31,UTTAR PRADESH,3157,AZAMGARH,692896,206.022838506584,11,19,1495.404787713,1405,868,22233,220461,90799,120198,128,375,78.43437,2028.039167713,19594,20645,232749,297429,0,475045,576681,23638,454.20001,89738,75,46.94,41.19,136,NA
2018-2019,April,31,UTTAR PRADESH,3160,GHAZIPUR,356759,253.531679139722,16,4,499.703207993,552,781,14592,55052,18396,74521,1416,1338,23.18076,662.458227993,3372,3699,157875,261854,0,339135,522186,15144,139.57426,22298,74,26.54,3.46,169.05,NA
2018-2019,April,31,UTTAR PRADESH,3161,VARANASI,35381,247.798902355362,11,9,325.393648556,1176,305,7366,43730,21281,54931,343,528,14.3816,448.137708556,3973,4844,70744,134468,0,153024,248503,8542,108.36246,18812,74,73.86,21.79,102.57,NA
2018-2019,April,31,UTTAR PRADESH,3162,MIRZAPUR,155527,133.588403288196,17,20,219.614810121,836,277,27753,204489,105164,118327,1818,2668,39.29865,532.087050121,11703,14770,123191,235543,0,292465,495020,28589,273.17359,94792,87,56.66,26.32,125.46,NA
2018-2019,April,31,UTTAR PRADESH,3164,GAUTAM BUDDHA NAGAR,0,0,0,0,0,3,155,114,0,0,517,0,14,0,0,0,0,1133,1616,0,15844,18295,117,0,0,45,0,0,0,NA
2018-2019,April,31,UTTAR PRADESH,3171,CHANDAULI,275085,208.63323398522,16,45,458.959743905,342,250,12867,122465,43710,77584,847,1035,39.546,754.008433905,7425,10657,95383,210957,1,230402,439814,13209,255.50269,53335,76,62.1,25.53,112.17,NA
2018-2019,April,31,UTTAR PRADESH,3172,KUSHI NAGAR,317841,201.705611705546,15,52,914.249983384,2126,148,23539,381221,116022,100663,583,421,120.90601,1804.100143384,25338,29268,187076,302078,0,397088,574427,25665,768.94415,142673,61,78.99,63.13,153.82,NA
2018-2019,April,31,UTTAR PRADESH,3175,BALRAMPUR,269037,379.863995386274,14,5,167.741039821,373,374,7204,79762,16513,32107,1006,2771,23.90725,494.635409821,5663,6311,108336,160556,0,181080,251816,7577,302.98712,23596,68,64.36,36.64,178.86,NA
2018-2019,April,31,UTTAR PRADESH,3177,CHITRAKOOT,180291,158.625977618109,14,5,329.654005696,459,48,14976,62908,33000,84573,0,4,5.47994,434.922375696,4321,6416,79291,167498,0,124686,247495,15435,99.78843,28606,75,74.79,19.34,114.94,NA
2018-2019,April,31,UTTAR PRADESH,3180,KASHGANJ,118754,171.812879631102,11,4,344.02497224,331,132,1587,31445,6868,24994,28,71,17.976,416.02753224,2735,3159,60477,112295,0,127928,204070,1918,54.02656,8963,44,89.17,78.04,109.1,NA
2018-2019,April,31,UTTAR PRADESH,3181,AMETHI,333213,553.069504716135,16,11,302.8915498,945,185,17828,83649,25649,57225,522,814,30.76546,796.2941198,5141,5746,108020,181988,0,217630,333786,18773,462.63711,28886,80,25.98,20.98,169.09,NA
2018-2019,Sep,31,UTTAR PRADESH,3125,BAREILLY,615888,194.356488915316,19,116,498.197160606,3484,17,5912,830786,221093,61404,132,44,134.35225,2247.235910606,42157,47528,135217,221665,40,261391,389615,9396,1614.6865,127890,43,70.85,74.11,131.23,NA
2018-2019,Sep,31,UTTAR PRADESH,3129,SITAPUR,4528299,171.756682345504,32,436,1717.882814636,35118,1,58016,4255205,1861052,325962,5500,909,381.57939,9408.061139636,132833,177752,349283,701155,160,621301,1097014,93134,7308.598935,1382641,86,76.04,31.19,119.53,NA
2018-2019,Sep,31,UTTAR PRADESH,3137,KANPUR NAGAR,556548,165.162797386778,22,55,170.175486941,3157,3,6925,350066,134327,49399,6451,2386,28.59398,776.948265241,15532,17837,62409,116409,7,199822,307876,10082,578.1787983,102388,73,72.7,60.37,111.65,NA
2018-2019,Sep,31,UTTAR PRADESH,3138,JALAUN,2234573,175.205129825985,37,243,1365.749294328,5972,0,13648,2533006,898519,106918,2969,429,257.27174,6060.977485128,67095,97520,130312,289538,196,209791,438059,19620,4437.9564508,911430,55,83.16,85.96,107.87,NA
2018-2019,Sep,31,UTTAR PRADESH,3142,BANDA,1094756,169.806906229798,32,22,1451.41920416,7662,0,15920,1268420,397542,84751,732,173,142.73455,3748.01851416,39414,55296,122148,273774,305,211877,447148,23582,2153.86476,544197,81,74.4,59.41,101.41,NA
2018-2019,Sep,31,UTTAR PRADESH,3143,FATEHPUR,2158856,168.159201012099,31,40,1272.338580901,9120,8,20725,1403025,615075,98265,82,31,136.756,3768.410210901,44782,50439,140125,210845,38,265959,370202,29845,2359.31563,633408,87,68.43,45.38,113.43,NA
2018-2019,Sep,31,UTTAR PRADESH,3151,SIDDHARTH NAGAR,4167983,180.747918843523,30,99,4943.161667994,6152,12,10814,4608135,1009545,77626,4498,299,329.52691,13601.796687994,152696,172116,244277,332551,77,363494,475226,16966,8329.10811,2219561,45,59.29,63.61,112.76,NA
2018-2019,Sep,31,UTTAR PRADESH,3152,MAHARAJGANJ,2358932,186.73518618674,29,536,2591.0227741,11961,0,8841,3350346,900412,103426,16096,2766,294.84343,9142.1410451,113768,142063,211227,388036,153,325400,554542,20802,6256.274841,1293324,71,58.64,59.9,109.9,NA
2018-2019,Sep,31,UTTAR PRADESH,3154,GORAKHPUR,2423678,178.660732494901,31,102,740.905637805,9786,4,15331,2612496,748799,70458,7043,719,166.75356,5575.163687805,82840,91643,163887,237013,85,371701,493486,25117,4667.50449,1036955,75,53.59,61.13,112.29,NA
2018-2019,Sep,31,UTTAR PRADESH,3159,BALLIA,2369189,178.03874501979,32,92,1407.820983083,5302,5,21763,2298347,377800,36272,57709,4795,203.38868,5703.157818083,70940,79171,152056,220347,99,294014,399208,27065,4091.948155,870437,73,77.56,72.94,144.8,NA
2018-2019,Sep,31,UTTAR PRADESH,3161,VARANASI,785266,179.911592886616,20,64,457.246587054,3652,5,7696,535104,215918,55064,2022,533,65.598,1485.558717054,25947,32308,71469,135514,16,154097,250008,11348,962.71413,248118,71,55.92,46.05,105.63,NA
2018-2019,Sep,31,UTTAR PRADESH,3167,AMROHA,1140988,190.7300969541,26,80,986.564434301,3430,21,3136,1267507,374262,53133,219,33,142.51499,3546.596754301,47550,59358,104291,178835,321,150859,245421,6566,2417.51733,299236,6,75.94,82.03,124.43,NA
2018-2019,Sep,31,UTTAR PRADESH,3172,KUSHI NAGAR,2835537,193.588345589963,32,224,1364.900370026,9043,3,20944,3106618,974651,100188,4736,419,318.10534,7697.056100026,96472,114999,187578,301651,213,398805,574467,29987,6014.05039,1090549,57,88.4,81.28,121.92,NA
2018-2019,Sep,31,UTTAR PRADESH,3173,SANT RAVIDAS NAGAR,533338,169.302434109885,30,10,369.233382367,4582,4,9385,593564,254376,44704,3656,368,65.07,1439.221682367,19368,25501,49811,101515,27,130788,234336,13967,1004.9183,250915,81,85.53,39.12,118.32,NA
2018-2019,Dec,31,UTTAR PRADESH,3130,HARDOI,5463034,176.041021789784,37,182,1824.462452459,30279,1,17013,4586599,1752597,145354,4228,378,394.03808,10292.796277459,123030,137058,251329,354767,630,565899,732085,47292,8074.295745,1110012,77,71.05,57.78,120.66,NA
2018-2019,Dec,31,UTTAR PRADESH,3146,BAHRAICH,3529779,170.00831075586,38,344,2146.448879408,43448,0,20538,4426536,781764,75634,24269,2809,347.386,10019.313958008,114514,140733,215325,352951,541,440552,639748,63986,7525.4790786,1610467,85,68.34,38.36,109.92,NA
2018-2019,Dec,31,UTTAR PRADESH,3147,GONDA,4536041,170.406885110764,43,147,5791.063909673,21979,161,21399,4871788,1035492,52211,12179,477,433.07948,14526.005569673,112540,122058,181186,226375,1075,322809,389764,43378,8301.86218,1734995,71,55.1,56.35,118.12,NA
2018-2019,Dec,31,UTTAR PRADESH,3154,GORAKHPUR,3558352,172.8344428623,35,107,978.581493072,16044,1,10641,3232603,915720,70516,8610,742,258.8742,6824.507078072,90101,100283,164646,237943,290,374462,496618,26685,5587.051385,1276746,74,51.49,58.39,112.31,NA
2018-2019,Dec,31,UTTAR PRADESH,3157,AZAMGARH,6187203,171.217314385843,35,126,5019.670886573,17413,24,19563,4946794,1928612,120976,4861,374,444.63293,13934.071651573,140262,150971,235496,300212,181,483447,585586,36976,8469.767835,1999955,66,51.96,51.58,124.83,NA
2018-2019,Dec,31,UTTAR PRADESH,3163,SONBHADRA,1911505,171.900091525213,36,162,1958.241506502,16717,7,14745,2688221,891693,123286,816435,120722,235.40279,6814.698655902,74319,106020,153294,377605,515,342228,757947,31462,4621.0543594,1199073,85,77.46,44.54,105,NA
2018-2019,Dec,31,UTTAR PRADESH,3164,GAUTAM BUDDHA NAGAR,8093,149.564288063137,21,0,0,74,79,146,9123,2068,548,62,14,0,13.64475,429,485,1270,1769,1,16004,18472,220,13.64475,1415,24,11.3,91.64,113.23,NA
2018-2019,Dec,31,UTTAR PRADESH,3167,AMROHA,1358792,179.812404359209,33,100,1114.934485951,5222,11,3158,1889884,531834,53241,302,33,182.16242,4695.342765951,56645,71658,104632,179245,755,151361,246058,8380,3398.24586,435033,6,74,78.64,117.53,NA
2018-2019,Dec,31,UTTAR PRADESH,3170,KAUSHAMBI,1208734,158.689466170115,40,94,569.681918142,11057,1,9613,1274657,683211,88570,477,71,109.64101,2702.069316942,31787,40256,77401,146346,285,208221,338702,20670,2022.7463888,580584,88,77.51,37.13,111.57,NA
2018-2019,Dec,31,UTTAR PRADESH,3174,SANT KABEER NAGAR,3157819,171.11908281093,40,114,3114.005247381,9728,5,14340,3331396,1203847,93465,5679,515,285.63396,9100.293487381,82257,98914,143750,247592,713,269545,426995,24068,5700.65428,1472029,66,63.55,62.28,102.93,NA
2018-2019,Dec,31,UTTAR PRADESH,3177,CHITRAKOOT,1999864,167.713073317592,40,53,763.618676603,7673,0,12642,1553829,784345,83456,193,6,123.94705,3493.540096603,37974,58601,80864,166781,1123,126693,247297,20315,2605.97437,682193,72,64.75,54.2,104.65,NA
2018-2019,Dec,31,UTTAR PRADESH,3178,AMBEDKAR NAGAR,1984505,165.855103370853,36,36,1830.258647979,12839,2,8654,1930283,781244,99941,3669,497,197.94989,5229.681402979,53182,62497,115575,208615,277,247004,394345,21493,3201.472865,816436,74,63.36,51.49,103.25,NA
2018-2019,Dec,31,UTTAR PRADESH,3180,KASHGANJ,1099210,165.270739769841,34,97,802.67620619,2748,1,2061,1109318,230987,24861,971,71,81.51229,2717.56656119,32182,38944,61126,112534,316,130439,206880,4809,1833.378065,264705,27,60.2,77,110.99,NA
2018-2019,Oct,31,UTTAR PRADESH,3119,MATHURA,677066,166.062189466999,33,33,380.2716631,914,44,4137,862831,310757,40242,1617,247,81.76446,1894.8721731,25546,35626,57658,100806,99,129496,215456,5051,1432.83605,294496,21,67.99,85.8,126.88,NA
2018-2019,Oct,31,UTTAR PRADESH,3124,BUDAUN,1651889,174.999129478703,27,187,777.150852864,6652,16,11102,1377910,265911,43467,837,82,179.66926,3368.150617864,49267,54461,127550,181301,102,254018,339774,17754,2411.330505,286240,67,60.74,59.34,116.16,NA
2018-2019,Oct,31,UTTAR PRADESH,3129,SITAPUR,4959040,171.389432134866,33,456,1732.148134636,44083,1,52349,4827361,2088742,326046,6764,909,543.06401,10548.798749636,142082,191060,350135,702318,298,623112,1099454,96432,8273.586605,1554324,85,73.98,30.21,117.96,NA
2018-2019,Oct,31,UTTAR PRADESH,3133,RAE BARELI,2015541,164.725930114935,28,135,2878.780759181,17694,0,16731,2090833,657591,115789,4533,825,232.39712,6555.321985581,72527,86524,178447,327410,277,312030,517891,34425,3444.1441064,820962,66,41.05,30.46,100.46,NA
2018-2019,Oct,31,UTTAR PRADESH,3139,JHANSI,3376500,167.064439025542,47,209,1716.806941229,7782,1,11164,2329295,782375,84720,25457,1853,248.25212,5856.482686229,49533,73315,108283,225711,1795,187102,372851,18946,3891.423625,859880,52,57.33,54.03,117.63,NA
2018-2019,Oct,31,UTTAR PRADESH,3149,AYODHYA,2530728,167.545153675482,33,105,1692.737761742,12745,1,12342,1860967,734314,87754,4125,367,180.4868,4991.184581742,55322,64021,129397,213156,539,229579,349496,25087,3117.96002,726444,66,65.7,62.67,117.78,NA
2018-2019,Oct,31,UTTAR PRADESH,3150,SULTANPUR,2186308,176.881370660672,37,88,1970.88402009,13643,4,24227,2423532,714012,61266,5814,398,285.03107,6542.69171009,64541,74086,135934,199757,186,291069,394291,37870,4286.77662,971885,82,53.3,30.18,115.67,NA
2018-2019,Oct,31,UTTAR PRADESH,3151,SIDDHARTH NAGAR,4959810,179.31987984048,30,101,4956.666757994,6605,11,10891,4734706,1038980,77565,4637,299,442.68269,13889.618557994,154327,174045,244365,332572,137,364135,475811,17496,8490.26911,2277798,44,55.34,59.2,113.12,NA
2018-2019,Oct,31,UTTAR PRADESH,3153,BASTI,4635614,176.876795486483,37,132,3211.668922471,11973,12,22865,4543685,1192342,96892,2496,146,363.37845,11611.771797471,120878,145932,231455,358913,921,358824,529121,34838,8036.724425,2003970,58,69.67,64.93,131.82,NA
2018-2019,Oct,31,UTTAR PRADESH,3161,VARANASI,865742,171.647042331218,23,68,461.838587054,3812,3,8037,659844,263312,55113,2414,533,72.73361,1667.174907054,28451,35668,71670,135791,50,154614,250728,11849,1132.60271,305392,70,56.92,44.53,104.99,NA
2018-2019,Oct,31,UTTAR PRADESH,3171,CHANDAULI,1468411,179.11916361852,34,152,1356.28440257,4571,5,12528,1516222,516680,77075,8356,1021,147.5079,4219.63646757,43906,63209,95371,208172,205,233087,443342,17099,2715.844165,569720,70,67.28,52.81,109.84,NA
2018-2019,March,31,UTTAR PRADESH,3114,MUZAFFARNAGAR,610159,172.865560487753,40,13,370.144587192,2622,0,897,598336,178447,12158,1109,87,43.59564,1448.057107192,14672,15604,32195,40048,281,82686,102117,3519,1034.31688,145951,2,52.3,72.79,106.3,NA
2018-2019,March,31,UTTAR PRADESH,3118,ALIGARH,1950411,175.835042613012,32,108,2540.436120752,4911,5,3172,1821040,577220,46267,2022,161,242.93842,5985.401000752,55266,61688,105032,150265,153,194641,263594,8083,3202.02646,429722,25,61.57,71.04,101.25,NA
2018-2019,March,31,UTTAR PRADESH,3139,JHANSI,3959905,179.037559433647,58,294,4193.213345722,14545,1,7176,3686464,1223442,84525,37591,1846,438.4736,11231.842120722,63554,95039,108508,225378,4687,188023,373182,21721,6600.155175,1334921,50,56.39,49.05,114.26,NA
2018-2019,March,31,UTTAR PRADESH,3143,FATEHPUR,3307205,177.014523255005,43,147,2759.744877152,21447,0,15278,3393764,1438288,98337,298,18,516.2482,9283.448242152,78568,90740,140964,211461,753,268715,372982,36725,6007.455165,1428294,84,65.63,53.12,114.09,NA
2018-2019,March,31,UTTAR PRADESH,3149,AYODHYA,3459067,176.303790710522,47,147,2913.614766035,19016,1,11643,3716269,1419964,88269,7096,375,533.5392,9999.077086035,78765,92961,131312,215378,2746,233469,354170,30659,6551.92312,1469385,62,56,51.98,116.62,NA
2018-2019,March,31,UTTAR PRADESH,3160,GHAZIPUR,3567593,179.273623337769,39,80,1853.622837355,15448,6,7194,3207813,779641,74558,20606,1361,514.89006,8119.275492355,81720,95669,158809,262404,1102,345900,529255,22642,5750.762595,1174329,64,58.58,50.39,143.18,NA
2018-2019,March,31,UTTAR PRADESH,3166,HATHRAS,541759,175.009861092447,29,28,394.959957684,1915,0,950,565556,161276,17678,391,44,114.69454,1499.433267684,19374,22251,38205,59716,190,73591,106626,2865,989.77877,72413,17,54.6,69.58,105.86,NA
2018-2019,March,31,UTTAR PRADESH,3176,SHRAVASTI,1658186,168.56875720833,42,98,645.538148788,6468,0,4938,1620521,556630,49699,9377,1334,190.18547,3567.415728788,38149,48130,72529,136708,723,128146,215929,11406,2731.69211,528915,64,76.52,61.56,114.43,NA
2018-2019,March,31,UTTAR PRADESH,3177,CHITRAKOOT,2336900,173.722178701995,48,59,1646.65094349,10108,0,12493,2253103,1056837,83491,193,6,251.84415,5812.63471349,46726,72673,81039,166915,2292,127415,248325,22601,3914.13962,977686,73,56.44,45.35,108.44,NA
2018-2019,March,31,UTTAR PRADESH,3182,HAPUR,101826,177.304892597118,33,13,5.461437015,305,47,45,138311,69073,3550,37,6,6.27025,256.963857015,4104,4512,7908,9086,14,12350,14167,350,245.23217,46395,0,49,66.2,104.57,NA
2018-2019,Feb,31,UTTAR PRADESH,3112,SAHARANPUR,931455,169.716905342079,24,83,526.704853855,2203,1,3608,977129,422086,61421,1692,205,75.68155,2260.739503855,40293,47722,80390,124544,140,119470,175255,5811,1658.3531,308951,13,63.9,88.44,111.33,NA
2018-2019,Feb,31,UTTAR PRADESH,3119,MATHURA,1032263,171.460625075757,38,33,790.384978516,1196,17,4276,1072510,381333,40219,2539,247,94.55024,2723.867568516,28138,39153,57797,100940,154,129890,215988,5472,1838.93235,360713,20,59.93,77.4,131.1,NA
2018-2019,Feb,31,UTTAR PRADESH,3121,FIROZABAD,1416394,172.895393859838,43,53,458.051791705,5381,2,1859,1619599,767292,39284,1969,109,117.39666,3375.660521705,37467,43102,68309,92204,336,140918,182015,7240,2800.21207,513682,55,83.01,80.71,107.5,NA
2018-2019,Feb,31,UTTAR PRADESH,3123,MAINPURI,1663679,162.923871662112,40,106,606.253351185,6759,8,6237,1943744,599837,42729,2308,148,129.54601,3902.622341185,47978,58720,86826,131597,598,158367,224822,12996,3166.82298,557108,71,61.87,53.45,113.17,NA
2018-2019,Feb,31,UTTAR PRADESH,3127,SHAHJAHANPUR,2479502,173.006400034412,31,208,1844.85005344,16326,1,10105,2301522,711309,86614,666,81,157.47708,5984.10749164,74085,87318,156816,260162,479,311236,461637,26431,3981.7803582,481796,72,55.07,40.66,117.52,NA
2018-2019,Feb,31,UTTAR PRADESH,3134,FARRUKHABAD,999561,174.859293465006,31,46,455.759102914,6845,0,7184,1078333,140573,15106,968,67,93.5566,2434.881167914,33752,38452,63916,89243,3,151487,194605,14029,1885.565465,276365,68,70.61,56.93,112.14,NA
2018-2019,Feb,31,UTTAR PRADESH,3139,JHANSI,3947971,171.752038542339,56,285,2884.206629711,13660,1,7651,3524332,1173581,84740,36461,1852,308.93562,9246.254304711,62019,92565,108542,225952,4272,187995,374038,21311,6053.112055,1279910,50,56.47,51.23,114.71,NA
2018-2019,Feb,31,UTTAR PRADESH,3141,HAMIRPUR,2278057,165.396957245327,46,60,1353.80147475,7478,6,9313,2229230,551986,52189,1257,74,159.23603,5200.11609475,48149,72085,88699,179331,1185,163730,315961,16791,3687.07859,859365,60,63.61,66.48,111,NA
2018-2019,Feb,31,UTTAR PRADESH,3142,BANDA,2717608,168.012452131019,42,28,2241.574816173,13974,0,15495,2340242,641927,84756,1473,173,229.31122,6402.784006173,55675,79868,122350,274066,1458,212390,447843,29469,3931.89797,1038421,82,69.94,53.39,101.54,NA
2018-2019,Feb,31,UTTAR PRADESH,3144,PRATAPGARH,4008371,170.364061155681,46,88,6236.806797453,36362,4,17712,6172967,3115526,126335,9589,419,522.52698,17275.851052453,131390,148613,189707,262445,2160,379556,519704,54074,10516.517275,2806560,79,49.49,48.03,118.76,NA
2018-2019,Feb,31,UTTAR PRADESH,3148,BARABANKI,3406019,173.33570924116,40,84,2398.229587036,19006,1,11766,3657409,1482005,136135,2120,158,205.158,8942.983417036,91279,110132,196406,324293,1297,448700,647795,30772,6339.59583,1003284,66,58.58,57.14,101.33,NA
2018-2019,Feb,31,UTTAR PRADESH,3154,GORAKHPUR,4189370,173.040586664721,39,115,1007.542810241,18841,0,9539,3892547,1086972,70585,10482,754,259.66786,8002.896835241,97586,109550,164946,238273,489,376122,498512,28380,6735.686165,1530175,73,52.62,57.67,114.36,NA
2018-2019,Feb,31,UTTAR PRADESH,3167,AMROHA,1898773,180.124382215427,36,106,1114.934485951,6160,8,3262,2204045,616047,53262,421,33,182.16242,5267.119345951,60486,77179,104750,179352,1115,151706,246517,9422,3970.02244,500421,6,67.41,70.65,115.7,NA
2018-2019,Feb,31,UTTAR PRADESH,3169,AURAIYA,1154874,163.867207184358,35,49,403.527075753,10804,0,8636,1198604,531458,51945,4643,569,69.18163,2436.827605753,33922,38269,70833,106623,102,132963,186508,19440,1964.1189,399345,83,52.02,30,109.53,NA
2018-2019,Feb,31,UTTAR PRADESH,3172,KUSHI NAGAR,4975141,180.456208809841,43,266,2482.007431845,19327,2,16622,5086925,1564839,100227,7101,429,467.01172,12128.691151845,117834,142383,188207,302192,1416,401445,577563,35949,9179.672,1756069,55,76.09,67.66,123.2,NA
2018-2019,Feb,31,UTTAR PRADESH,3183,SHAMLI,387527,156.607286529065,40,5,116.3872246,413,0,948,391517,38604,2559,238,13,18.499106,748.0304806,9718,10670,17840,21563,84,36526,43255,1361,613.14415,96196,6,61.98,78.2,125.49,NA
2018-2019,May,31,UTTAR PRADESH,3117,BULANDSHAHR,47047,108.970961773652,11,5,27.941020665,525,755,1655,31889,7245,11025,0,0,5.37812,68.068890665,2740,3027,28923,41059,0,106238,138330,2180,34.74975,8590,44,88.97,76.6,169.95,NA
2018-2019,May,31,UTTAR PRADESH,3127,SHAHJAHANPUR,750365,136.456096973589,14,56,621.97947713,2372,170,15826,311425,100448,86532,51,80,42.46369,1089.40156713,21994,24939,154262,257456,0,305588,455368,18198,424.9584,85956,75,57.67,26.16,145.39,NA
2018-2019,May,31,UTTAR PRADESH,3129,SITAPUR,1083909,128.487913864882,21,263,755.109593001999,3586,97,73666,1667241,768527,326236,1856,904,144.41117,3041.723943002,77189,102046,346087,697091,4,615292,1089046,77252,2142.20318,574690,87,83.25,19.4,122.5,NA
2018-2019,May,31,UTTAR PRADESH,3136,KANPUR DEHAT,124699,167.342888540378,16,39,180.53384042,856,49,14464,181088,73547,55077,1041,842,25.37179,508.94352042,11293,12937,70603,127552,0,212262,327668,15320,303.03789,67046,81,81.91,32.88,113.3,NA
2018-2019,May,31,UTTAR PRADESH,3141,HAMIRPUR,87671,124.83280099253,19,19,708.415742471,1206,11,9784,265181,76540,51972,190,74,74.36996,1113.818572471,13418,18874,87028,177127,0,161008,312265,10990,331.03287,103934,60,79.3,63.9,156.66,NA
2018-2019,May,31,UTTAR PRADESH,3143,FATEHPUR,661441,145.370696254879,23,22,606.014988171,2742,109,22639,585188,262732,98207,30,31,64.104,1520.810858171,25400,28453,139395,210367,1,264766,369219,25381,850.69187,275055,88,70.13,36.84,113.3,NA
2018-2019,May,31,UTTAR PRADESH,3152,MAHARAJGANJ,722742,89.47330135384,21,394,1665.577864769,5079,73,10165,1717559,480864,103546,7318,2765,100.12151,3302.456114769,79133,96400,210103,386860,18,323251,552049,15244,1536.75674,663659,73,67.91,55.77,113.16,NA
2018-2019,May,31,UTTAR PRADESH,3153,BASTI,1031129,112.933999990189,24,87,1532.600331868,3038,88,26409,2038530,544220,96890,1109,146,90.60292,3925.396721868,84102,99773,230273,357740,10,356753,526910,29447,2302.19347,902052,59,90.6,82.82,141.2,NA
2018-2019,May,31,UTTAR PRADESH,3158,JAUNPUR,412400,183.67067063439,20,53,1738.003727463,6793,212,20805,800123,323942,97865,3566,1509,143.6836,3351.27860746299,38596,40699,172899,225441,1,387032,479767,27598,1469.59128,351111,74,89.16,68.5,107.01,NA
2018-2019,May,31,UTTAR PRADESH,3159,BALLIA,1316800,89.9157746434654,17,49,1032.113072177,1701,151,19203,637035,115130,36083,16775,4748,101.3548,1706.262827177,36816,40627,150066,218435,0,290264,395429,20904,572.794955,240668,76,80.05,59.85,202.05,NA
2018-2019,May,31,UTTAR PRADESH,3160,GHAZIPUR,535139,71.1089139764077,18,20,723.747655567,1183,502,14593,463710,127366,74585,4405,1341,49.88235,1103.369150567,25463,28297,158193,262251,1,340194,523455,15776,329.739145,173729,71,70.45,42.64,174.83,NA
2018-2019,May,31,UTTAR PRADESH,3172,KUSHI NAGAR,794603,137.413261939854,22,163,974.478335434,4083,38,23309,1574747,499211,100476,2342,421,131.61924,3270.008795434,69934,81710,187318,301927,8,397674,574147,27392,2163.91122,556328,58,90.67,80.18,127.34,NA
2018-2019,May,31,UTTAR PRADESH,3174,SANT KABEER NAGAR,844258,105.722451463697,21,82,934.59276771,3187,60,15222,903705,351766,93768,1548,520,104.55286,1994.56470771,42410,49147,143171,247482,1,267679,425441,18409,955.41908,401623,75,71.92,57.37,102.23,NA
2018-2019,May,31,UTTAR PRADESH,3177,CHITRAKOOT,386339,143.251927381248,16,12,393.350148933,660,14,15227,184966,100512,83513,37,4,38.04395,696.361458933,11342,16644,79386,165189,0,124858,245284,15887,264.96736,82789,74,77.65,35.24,109.17,NA
2018-2019,May,31,UTTAR PRADESH,3181,AMETHI,545273,253.151994178249,16,20,643.6600519,2221,95,16822,262464,82466,57319,1506,836,91.00546,1399.0983619,15593,17622,108347,182111,0,218737,334927,19043,664.43285,90068,79,40.39,24.89,137.87,NA
2018-2019,May,31,UTTAR PRADESH,3182,HAPUR,0,30.3838646169313,15,5,0,30,236,115,23873,10496,3320,0,5,1.20762,8.46116,1544,1645,7391,8537,0,11223,12980,145,7.25354,6833,0,77.44,86.22,121.05,NA
2018-2019,May,31,UTTAR PRADESH,3183,SHAMLI,38758,111.726353574634,18,2,53.904409,65,86,756,50145,4242,2581,0,16,13.095246,123.024835,2731,3004,17261,21377,0,35558,42674,821,56.02518,12902,8,71.13,81.41,140.88,NA
2018-2019,Aug,31,UTTAR PRADESH,3110,MORADABAD,1081999,170.55284412545,27,131,365.019950008,4173,68,5470,1176337,284657,35788,191,17,89.37508,2460.671240008,42356,51883,92312,148245,79,157714,233669,9643,2006.27621,366924,70,92.83,83.24,107.85,NA
2018-2019,Aug,31,UTTAR PRADESH,3114,MUZAFFARNAGAR,263075,165.845578301985,23,9,137.784424132,821,10,1227,182837,58021,11770,456,86,16.52081,457.532314132,7681,8086,30126,37877,5,78268,97442,2048,303.22708,39810,3,40.33,63.12,111.54,NA
2018-2019,Aug,31,UTTAR PRADESH,3133,RAE BARELI,1388241,164.318732422733,25,122,2752.192857501,12888,0,17839,1648436,555309,115797,3711,825,214.95712,5675.839117501,64813,76278,178331,327369,90,311499,517275,30727,2708.68914,653898,64,41.2,33.54,100.48,NA
2018-2019,Aug,31,UTTAR PRADESH,3140,LALITPUR,2092068,167.101980314555,35,92,1701.77600518899,2575,0,8931,1903132,461823,60643,158751,18650,98.21582,4980.163085189,53738,76666,116990,234175,1169,173825,329230,11506,3180.17126,706352,59,81.24,82.15,100.63,NA
2018-2019,Aug,31,UTTAR PRADESH,3141,HAMIRPUR,548463,165.210990788315,29,36,965.211585229,3276,6,9150,793883,221153,52062,526,74,125.90612,2402.699675229,26495,38687,87660,177937,50,161742,313178,12426,1311.58197,311696,59,68.89,67.25,128.41,NA
2018-2019,Aug,31,UTTAR PRADESH,3142,BANDA,905178,172.415516930197,30,20,1421.254646624,6928,0,14474,1113661,355396,84750,708,173,142.73455,3484.113566624,36129,50537,122121,273751,202,211721,446955,21402,1920.12437,476801,79,74.79,59.36,101.42,NA
2018-2019,Aug,31,UTTAR PRADESH,3144,PRATAPGARH,1664358,159.486138842689,34,66,4231.43338729,5031,55,37630,3106667,1606594,126055,4282,422,269.49427,9455.63090229,90647,100336,187979,260780,125,371859,511121,42661,4954.703245,1427321,80,50.76,48.8,114.79,NA
2018-2019,Aug,31,UTTAR PRADESH,3146,BAHRAICH,2292619,185.162309955387,30,186,1557.400130336,15853,2,36078,2753906,538135,76031,13003,2808,266.84,6923.436093936,89455,109046,214119,351891,88,435509,634177,51931,5099.1959636,1038796,83,69.42,45.99,111.99,NA
2018-2019,Aug,31,UTTAR PRADESH,3147,GONDA,3066113,188.944702571124,34,121,3704.162848474,6162,162,28127,3002617,684274,51826,8059,467,309.16148,9686.610088474,86620,93071,176789,221580,157,316761,383157,34289,5673.28576,1016264,69,59.3,61.95,120.71,NA
2018-2019,Aug,31,UTTAR PRADESH,3155,DEORIA,1869001,189.802590383573,32,50,947.940413168,3935,3,10025,1943882,601368,49728,59293,4652,166.10082,4803.579623168,59769,62609,127667,160914,59,236589,289013,13960,3689.53839,679562,50,82.54,80.85,101.13,NA
2018-2019,Aug,31,UTTAR PRADESH,3160,GHAZIPUR,1020239,169.854940835906,29,63,1152.933347048,4787,58,13153,1943831,492214,74563,13321,1345,136.16665,4590.792992048,64903,75507,158502,262300,170,341057,524110,17940,3301.692995,703307,64,65.69,60.8,173.93,NA
2018-2019,Aug,31,UTTAR PRADESH,3162,MIRZAPUR,1381468,171.667453576569,29,68,1078.477211048,5920,3,26026,1371398,677306,118090,14006,2684,121.84849,3554.569726048,46192,61912,124888,237144,43,295630,498603,31946,2354.244025,621009,84,65.77,46.2,130.26,NA
2018-2019,Aug,31,UTTAR PRADESH,3164,GAUTAM BUDDHA NAGAR,2782,115.806878306878,13,0,0,66,130,107,2646,700,546,21,14,0,3.06425,191,213,1234,1726,1,15968,18429,173,3.06425,616,30,31.8,73.46,168.77,NA
2018-2019,Aug,31,UTTAR PRADESH,3166,HATHRAS,279551,163.524242896046,21,27,141.122970387,887,6,1306,340409,99643,17735,278,44,31.90954,729.683750387,16060,17568,38169,59942,11,73431,106681,2193,556.65124,38152,15,67.38,88.61,102.26,NA
2018-2019,Aug,31,UTTAR PRADESH,3168,KANNAUJ,704265,181.251697587298,21,76,727.923089542,3535,10,11003,593401,228125,55089,313,54,77.34454,1880.817015542,27215,30270,82831,128808,1,147848,209333,14538,1075.549386,124317,70,68.28,55.53,121.25,NA
2018-2019,Aug,31,UTTAR PRADESH,3170,KAUSHAMBI,882688,161.683259712587,33,73,243.355259853,6910,2,11895,822232,447647,88731,328,71,72.71671,1645.483469853,24243,30737,77194,146385,57,207168,337554,18805,1329.4115,381338,90,86.45,33.8,111.62,NA
2018-2019,Aug,31,UTTAR PRADESH,3181,AMETHI,1653809,198.594632538671,27,41,1432.754215345,6529,15,15679,1039225,311155,57758,4803,811,161.55907,3658.158355345,37553,43109,110017,184652,33,223711,342044,22208,2063.84507,351765,75,47.91,44.36,112.96,NA
2018-2019,Aug,31,UTTAR PRADESH,3183,SHAMLI,193846,161.26540435887,29,2,69.9010846,143,3,812,168897,14843,2569,27,16,16.209416,358.4829306,5822,6395,17447,21499,25,35847,42890,955,272.37243,43270,7,70.21,87.58,124.55,NA
2018-2019,Dec,31,UTTAR PRADESH,3111,RAMPUR,1206896,164.858720378691,35,56,1125.882788687,2677,3,3813,1456806,318668,28485,2080,151,93.9504,3621.504918687,40687,44505,86225,121023,205,160607,211734,6490,2401.67173,235912,41,48.3,49.27,124.36,NA
2018-2019,Dec,31,UTTAR PRADESH,3126,PILIBHIT,1699112,166.814383977065,28,180,3199.282562378,10308,0,6658,1828479,353343,50358,3069,504,200.2837,6449.732242378,64164,77183,131194,224302,311,278258,411091,16966,3050.16598,394973,66,52.44,47.19,102.74,NA
2018-2019,July,31,UTTAR PRADESH,3111,RAMPUR,484759,157.419768674424,24,30,598.532592855,1087,82,3216,597167,122244,28299,998,151,67.8844,1606.475902855,24384,26228,85646,120438,10,159843,210957,4303,940.05891,98176,51,73,72.12,144.11,NA
2018-2019,July,31,UTTAR PRADESH,3114,MUZAFFARNAGAR,158635,163.789809759507,22,9,109.632878132,610,25,1232,158799,50833,11657,439,84,13.06601,382.795468132,7127,7500,29568,37292,4,77541,96683,1842,260.09658,34498,4,47.22,56.91,109.92,NA
2018-2019,July,31,UTTAR PRADESH,3116,GHAZIABAD,0,0,8,0,0,0,161,4,8,0,19,0,0,0,0,1,1,69,208,0,17607,25872,4,0,0,0,0,100,100,NA
2018-2019,July,31,UTTAR PRADESH,3122,ETAH,592511,144.690281829324,26,34,243.65836945,1631,30,6123,547459,167707,33655,168,12,46.16696,1081.94529945,20331,22683,68000,109309,13,148832,219117,7754,792.11997,141793,73,85.3,67.63,148.86,NA
2018-2019,July,31,UTTAR PRADESH,3124,BUDAUN,535043,173.893929126427,22,136,467.205620132,2535,45,11559,845562,171424,43406,727,80,112.76583,2050.352435132,37388,40808,126707,180409,10,251636,337215,14094,1470.380985,180227,66,65.67,59.22,113.38,NA
2018-2019,July,31,UTTAR PRADESH,3127,SHAHJAHANPUR,1125526,161.133477224727,19,114,737.822992348,5119,16,13933,863151,285218,86531,233,80,80.80785,2209.456062348,43190,49440,154730,257908,32,306496,456327,19052,1390.82522,192605,72,61.36,45.51,132.06,NA
2018-2019,July,31,UTTAR PRADESH,3129,SITAPUR,2384600,153.977908129241,29,415,1108.044110698,17337,6,63875,3385974,1509864,326147,3946,908,276.2993,6597.995345698,116190,154641,348196,699623,39,618876,1093656,81212,5213.651935,1107348,85,81.65,33.73,123.84,NA
2018-2019,July,31,UTTAR PRADESH,3132,LUCKNOW,476538,180.618962320743,24,28,347.37546174,2867,51,5844,478433,323322,85617,1161,324,37.486,1249.00218174,19388,22476,69352,124973,3,190050,293520,8711,864.14072,155753,80,81.1,59.87,123.57,NA
2018-2019,July,31,UTTAR PRADESH,3134,FARRUKHABAD,241884,200.065358634326,15,29,241.537755953,2203,41,5845,221019,33016,15131,106,65,52.58065,736.300860953,13941,15207,62832,87999,0,148743,191487,8048,442.182455,58883,68,64.2,58.69,116.06,NA
2018-2019,July,31,UTTAR PRADESH,3142,BANDA,607823,154.37429044923,28,20,1072.365479333,5960,0,14427,956415,307526,84764,579,173,117.98161,2666.805959333,33016,45941,122007,273597,96,211550,446735,20387,1476.45887,411005,79,78.92,56.17,100.82,NA
2018-2019,July,31,UTTAR PRADESH,3151,SIDDHARTH NAGAR,2554010,180.268088223,29,98,3378.165989952,5379,21,10007,4497512,983045,77653,4393,299,226.21087,11711.955759952,151312,170445,244178,332513,65,363102,474898,15386,8107.5789,2170263,43,64.55,69.12,112.41,NA
2018-2019,July,31,UTTAR PRADESH,3160,GHAZIPUR,749195,140.023215360813,28,60,1008.854428858,3197,96,14325,1822091,459281,74549,12332,1346,99.32105,3659.525883858,62970,73239,158452,262256,107,340698,523689,17522,2551.350405,661800,64,68.86,63.88,172.73,NA
2018-2019,July,31,UTTAR PRADESH,3162,MIRZAPUR,803554,162.456217338576,28,66,740.004531076,4079,4,26550,1245927,617222,118101,12680,2682,98.41249,2862.502896076,43485,58195,124677,236899,38,294961,497691,30629,2024.085875,563462,84,67.94,48.93,132.97,NA
2018-2019,July,31,UTTAR PRADESH,3166,HATHRAS,187946,154.301252536359,19,22,79.477191387,813,23,1064,276479,81358,17717,184,44,22.15853,528.246281387,14174,15438,38077,59820,7,73300,106510,1877,426.61056,30532,16,85.5,85.13,100.78,NA
2018-2019,July,31,UTTAR PRADESH,3170,KAUSHAMBI,613758,153.655082771787,31,69,226.343874853,4638,2,13510,713951,396735,88979,290,71,61.4579,1384.823774853,22613,28640,77229,146626,39,206551,336950,18148,1097.022,332940,91,91.01,37.13,112.77,NA
2018-2019,July,31,UTTAR PRADESH,3174,SANT KABEER NAGAR,1284741,171.689228281416,33,103,1348.520805754,5174,13,14890,2288075,836912,93611,4456,515,192.80392,5469.703035754,69268,82388,143177,247156,125,267909,425385,20064,3928.37831,1009620,70,71.78,73.07,102.31,NA
2018-2019,July,31,UTTAR PRADESH,3176,SHRAVASTI,461810,155.051036123206,24,64,302.586557365,3425,5,2636,496080,187141,50265,2818,1345,21.93,1093.693737365,20129,24414,71795,137072,14,125418,213474,6061,769.17718,171291,66,85.42,71.29,123.34,NA
2018-2019,July,31,UTTAR PRADESH,3179,MAHOBA,308222,139.772338514342,27,9,96.631744581,1017,4,6749,286109,85554,42693,510,190,21.8936,518.426584581,10356,15787,50686,144133,7,99423,261935,7766,399.90124,113392,78,91.59,69.62,128.56,NA
2018-2019,Jan,31,UTTAR PRADESH,3114,MUZAFFARNAGAR,496355,160.623760732557,36,13,172.106191382,2002,1,1194,493941,152656,12123,971,87,27.55363,993.046431382,13392,14252,32011,39873,179,81824,101204,3196,793.38661,117686,2,53.2,76.55,107.05,NA
2018-2019,Jan,31,UTTAR PRADESH,3123,MAINPURI,1503065,162.308621212617,39,102,606.253351185,6498,9,5679,1773718,553104,42718,2082,148,129.54601,3614.696591185,45427,55354,86775,131546,500,158162,224561,12177,2878.89723,510569,71,61.14,52.52,110.73,NA
2018-2019,Jan,31,UTTAR PRADESH,3125,BAREILLY,963700,173.049114004388,27,180,683.157413016,5781,3,6400,1771002,448352,61319,354,44,172.60417,3920.464853016,64380,74358,135754,222156,245,262353,390662,12181,3064.70327,273980,39,69.82,72.69,121.05,NA
2018-2019,Jan,31,UTTAR PRADESH,3130,HARDOI,5871963,176.17171833742,39,205,1846.581613579,32102,0,17086,5255423,1996894,145341,5078,381,394.03808,11499.188698579,131533,146818,251395,354764,866,566234,732407,49188,9258.569005,1248694,77,69.56,57.39,119.18,NA
2018-2019,Jan,31,UTTAR PRADESH,3132,LUCKNOW,1074772,169.513541264474,36,56,801.119506527,6681,37,3856,1178435,764746,85733,2596,325,96.41335,2895.139756527,32612,38797,69746,125415,332,190843,294465,10537,1997.6069,349500,77,65.86,62.48,111.87,NA
2018-2019,Jan,31,UTTAR PRADESH,3140,LALITPUR,3074713,166.078396978202,47,118,2328.81025752999,7472,0,5756,3300816,802258,60873,266118,18675,177.26881,7988.02136752999,70001,101443,118615,236397,4479,176542,332989,13228,5481.9423,1205765,59,75.53,74.9,100.45,NA
2018-2019,Jan,31,UTTAR PRADESH,3147,GONDA,4740635,171.07344049445,46,155,6065.222017673,24572,161,20052,5608813,1183947,52426,14083,489,463.01948,16123.430867673,120003,130465,183003,228268,1566,328126,395528,44624,9595.18937,2004236,71,54.41,56.28,117.55,NA
2018-2019,Jan,31,UTTAR PRADESH,3148,BARABANKI,3012351,166.924055467674,37,79,2398.229587036,18134,1,12078,3217730,1305473,136081,1913,158,205.158,7974.552997036,86891,104690,196332,324210,865,448508,647586,30212,5371.16541,889835,66,57.32,56.12,101.46,NA
2018-2019,Jan,31,UTTAR PRADESH,3153,BASTI,6026554,169.269709493017,46,155,5106.379030819,20895,9,18010,6525523,1655856,96925,3584,146,417.81456,16569.927415819,141374,171556,232049,359556,2142,360560,531071,38905,11045.733825,2871167,55,64.46,59.92,121.7,NA
2018-2019,Jan,31,UTTAR PRADESH,3154,GORAKHPUR,3799400,171.710829087372,37,112,1007.542810241,17943,0,10015,3620499,1016296,70576,9800,742,259.66786,7483.999520241,95349,106745,164890,238201,435,375610,497893,27958,6216.78885,1426364,73,51.87,58.2,112.38,NA
2018-2019,Jan,31,UTTAR PRADESH,3156,MAU,5401815,170.743834145373,48,349,4815.884523373,14628,1,8716,4473508,1247562,64064,32887,1296,353.502,12807.625603373,92843,104382,152660,210587,2067,239936,318196,23344,7638.23908,1917160,56,54.54,48.74,105.07,NA
2018-2019,Jan,31,UTTAR PRADESH,3166,HATHRAS,475437,170.945756977943,27,28,263.950777187,1639,1,1017,522611,149273,17668,347,44,43.97596,1201.308067187,18783,21460,38194,59736,153,73502,106538,2656,893.38133,64004,16,64.03,84.07,104.77,NA
2018-2019,Jan,31,UTTAR PRADESH,3169,AURAIYA,1046928,160.330637111836,33,49,403.527075753,10319,0,8828,1081019,483334,51973,4227,571,69.18163,2205.913355753,32366,36323,70823,106655,74,132879,186471,19147,1733.20465,362559,83,51.78,28.15,108.68,NA
2018-2019,Jan,31,UTTAR PRADESH,3178,AMBEDKAR NAGAR,2163243,163.337880736597,38,42,1830.258647979,14110,1,7847,2238457,897957,99911,4653,497,197.94989,5684.456762979,58828,69323,115863,208918,404,248154,395702,21957,3656.248225,940300,74,63.04,51.48,103.04,NA
2018-2019,Jan,31,UTTAR PRADESH,3180,KASHGANJ,1121758,165.482084190987,36,101,802.67620619,3052,1,2524,1261679,262166,24856,1066,69,81.51229,2972.04120119,34239,41553,61191,112578,415,130548,206987,5576,2087.852705,300641,32,61.4,78.53,110.99,NA
2018-2019,Nov,31,UTTAR PRADESH,3123,MAINPURI,1232598,168.928930930549,35,92,600.012996185,4388,11,6606,1397767,442668,42565,1681,146,128.76201,3090.007856185,39657,48022,86329,130973,304,157024,223102,10994,2361.23285,409058,73,63.05,54.31,106.62,NA
2018-2019,Nov,31,UTTAR PRADESH,3124,BUDAUN,1973148,171.461329615041,30,209,1111.062600198,7051,9,11646,1607548,306905,43521,927,82,188.2825,4055.668275198,53192,59145,127915,181696,151,254621,340417,18697,2756.323175,330816,67,61.11,59.07,115.68,NA
2018-2019,Nov,31,UTTAR PRADESH,3125,BAREILLY,760342,167.196630843568,23,152,674.264926329,4312,6,6394,1251055,325485,61348,252,46,172.60417,2938.590906329,53276,60434,135438,221826,104,261618,389779,10706,2091.72181,186773,40,70.32,73.77,124.49,NA
2018-2019,Nov,31,UTTAR PRADESH,3126,PILIBHIT,1499963,173.629867185991,26,161,3199.282562378,9958,0,6308,1521978,294383,50372,2373,504,200.2837,6042.174642378,57358,68766,130848,223869,197,277641,410303,16266,2642.60838,342531,68,50.65,44.9,103.03,NA
2018-2019,Nov,31,UTTAR PRADESH,3129,SITAPUR,5301925,170.417457727377,36,483,2576.331644846,54737,1,43497,5426680,2313077,326080,7309,912,558.51466,12382.856399846,150146,202507,350765,703189,532,624269,1101077,98234,9248.010095,1725982,85,71.59,30.75,116.33,NA
2018-2019,Nov,31,UTTAR PRADESH,3134,FARRUKHABAD,720485,175.441951964087,25,43,454.007102914,4474,0,7862,700351,102995,15141,628,67,93.5566,1776.273167914,27487,30888,63573,88901,0,150721,193798,12336,1228.709465,173712,68,65.66,56.55,111.47,NA
2018-2019,Nov,31,UTTAR PRADESH,3142,BANDA,1541429,168.701068166664,36,27,2241.574816173,9808,0,16378,1685692,499611,84750,1145,173,229.31122,5314.666446173,46263,65693,122246,273942,632,212033,447394,26186,2843.78041,734519,81,70.08,56.47,101.61,NA
2018-2019,Nov,31,UTTAR PRADESH,3144,PRATAPGARH,2799322,166.157100731478,42,74,6234.566797453,25056,6,25278,4762960,2428429,126301,7481,419,512.69898,14661.262022453,112836,125893,188930,261659,1346,375622,515301,50334,7913.996245,2175576,80,49.54,46.56,115.72,NA
2018-2019,Nov,31,UTTAR PRADESH,3146,BAHRAICH,3126493,174.334294069699,35,314,2146.448879408,39365,0,22605,3719744,671697,75798,18989,2810,347.386,8978.624323008,105863,129725,214917,352602,293,439395,638411,61970,6484.7894436,1374571,85,68.49,37.88,110.89,NA
2018-2019,Nov,31,UTTAR PRADESH,3150,SULTANPUR,2393299,176.695825892114,39,90,2820.415350075,16732,3,22412,2704530,788458,61222,6253,399,317.74239,7916.949360075,67670,77664,135995,199803,286,291252,394517,39144,4778.79162,1084179,82,51.9,28.94,115.74,NA
2018-2019,Nov,31,UTTAR PRADESH,3152,MAHARAJGANJ,3064911,176.040534960377,32,563,3474.138152885,12378,0,9725,3835013,1030961,103465,19134,2765,394.51182,10619.827373885,119509,149754,211972,388926,349,327036,556590,22103,6751.177401,1476020,70,52.02,51.94,109.86,NA
2018-2019,Nov,31,UTTAR PRADESH,3154,GORAKHPUR,3004459,177.419766888342,33,105,978.581493072,14003,2,12037,2905303,827758,70493,7790,730,258.8742,6392.037503072,86218,95746,164427,237707,178,374051,496162,26040,5154.58181,1149619,74,52.59,58.34,112.66,NA
2018-2019,Nov,31,UTTAR PRADESH,3163,SONBHADRA,1747951,171.881335680509,34,155,1958.241506502,14919,7,16062,2471055,827349,123297,743637,120723,235.40279,6440.926635902,71385,101590,153148,377422,384,341871,757413,30981,4247.2823394,1107965,85,78.48,45.74,105.2,NA
2018-2019,Nov,31,UTTAR PRADESH,3169,AURAIYA,816202,165.21638091662,29,38,403.527075753,5601,0,12921,777661,358283,52025,3080,573,69.18163,1757.532065753,26662,29588,70740,106671,27,131512,185096,18522,1284.82336,270797,84,54.5,24.48,107.38,NA
2018-2019,Nov,31,UTTAR PRADESH,3181,AMETHI,2397883,186.088172524916,35,51,2018.722564981,9276,3,16836,1686852,516398,57784,7473,811,242.95371,5400.708334981,47651,55348,110509,185177,218,225740,344403,26112,3139.03206,563619,75,49.26,40.27,109.3,NA
2018-2019,Feb,31,UTTAR PRADESH,3111,RAMPUR,1411997,175.013503746729,39,60,1128.638958487,3250,2,3947,1777951,397064,28556,2250,151,93.9504,4334.243698487,45246,49557,86434,121229,366,161258,212402,7197,3111.65434,286449,41,42.95,45.76,124.15,NA
2018-2019,Feb,31,UTTAR PRADESH,3114,MUZAFFARNAGAR,559331,165.872041002633,39,13,172.106191382,2161,1,1183,550989,165127,12146,1048,87,27.55363,1113.596521382,13914,14796,32126,39992,249,82496,101936,3344,913.9367,133648,2,53.02,74.29,106.87,NA
2018-2019,Feb,31,UTTAR PRADESH,3124,BUDAUN,2687193,169.151127256912,37,271,1112.304681448,10519,3,11540,2616573,488887,43662,1366,89,188.2825,5726.549906448,69458,77821,128675,182470,561,258335,344288,22059,4425.962725,532204,66,63.52,58.75,117.16,NA
2018-2019,Feb,31,UTTAR PRADESH,3128,KHERI,4094889,166.249698556207,37,396,673.0988988303,40737,0,20007,5068109,1839109,167494,28043,6902,248.74639,9347.5612238303,133765,171470,258122,428612,756,524560,761927,60744,8425.715935,1416764,86,73.89,48,106.23,NA
2018-2019,Feb,31,UTTAR PRADESH,3129,SITAPUR,7037393,171.12307233546,41,529,2672.914907549,75027,1,31909,7697981,3141626,325738,11250,909,572.30145,16418.237952549,184011,250080,351909,704363,1307,628785,1106974,106936,13173.021595,2359397,85,69.14,34.32,114.22,NA
2018-2019,Feb,31,UTTAR PRADESH,3131,UNNAO,3400475,170.776423892275,42,146,1073.841214824,25517,1,9111,3398203,1132845,86467,6175,534,225.07334,7102.244114824,80186,91241,151227,224124,751,368904,485145,34628,5803.32956,943222,81,69.11,45.18,105.71,NA
2018-2019,Feb,31,UTTAR PRADESH,3138,JALAUN,3722212,174.010907120776,45,276,2201.44721295,10671,0,11453,3671187,1253931,106609,5298,429,323.3024,8913.01541375,80157,118179,130815,289436,669,210731,438396,22124,6388.2658008,1294715,53,69.29,69.34,107.8,NA
2018-2019,Feb,31,UTTAR PRADESH,3156,MAU,5638940,173.35098900751,49,362,4815.884523373,15786,1,8241,4737325,1318232,64064,35456,1301,353.502,13381.586263373,95253,107198,152729,210626,2332,240592,318942,24027,8212.19974,2032468,56,53.42,47.34,105.02,NA
2018-2019,Feb,31,UTTAR PRADESH,3160,GHAZIPUR,3350594,169.6546793321,38,79,1632.505240871,13882,7,8591,3103039,756675,74602,20104,1358,225.66752,7122.623625871,80660,94287,158900,262610,1016,345836,529296,22473,5264.450865,1134055,64,57.7,49.81,144.88,NA
2018-2019,Feb,31,UTTAR PRADESH,3171,CHANDAULI,1927394,174.68990701099,40,160,1697.647991824,9526,2,10826,2147243,720679,76993,10243,1019,174.9639,5623.628691824,53439,76871,95674,208163,487,234156,444605,20352,3751.0168,772518,69,65.75,48.11,108.95,NA
2018-2019,Feb,31,UTTAR PRADESH,3174,SANT KABEER NAGAR,3600637,175.007252954187,43,118,3135.937136281,15034,0,10157,3896757,1388098,93525,6460,515,323.10031,10278.644826281,89147,107972,144150,248040,1013,271233,429743,25191,6819.60738,1720345,66,62.77,61.89,103.58,NA
2018-2019,Feb,31,UTTAR PRADESH,3177,CHITRAKOOT,2232737,161.410348503639,46,59,771.861449603,9137,0,13041,2124655,1010926,83494,193,6,131.2051,4332.479589603,45581,70777,81031,166927,2031,127162,247937,22178,3429.41304,926315,73,61.47,49.71,108.59,NA
2018-2019,Feb,31,UTTAR PRADESH,3179,MAHOBA,804096,161.972832433175,39,20,191.455333225,3847,1,5430,786158,200750,42758,1184,193,40.57465,1505.392363225,19853,31264,51159,144810,227,100347,263357,9277,1273.36238,303576,78,74.26,59.84,122.17,NA
2018-2019,May,31,UTTAR PRADESH,3109,BIJNOR,133251,96.5711424598351,9,54,296.480199468,1979,460,5568,228682,92522,108936,244,586,45.85928,563.180299468,24327,29023,145261,244573,0,206306,325304,7547,220.84082,66907,46,64.53,63.27,136.5,NA
2018-2019,May,31,UTTAR PRADESH,3111,RAMPUR,241076,164.486495926102,14,14,425.294328625,559,157,3177,191831,37102,28273,293,150,49.406,790.236418625,13162,14010,85537,120328,0,159416,210496,3736,315.53609,33445,57,70.52,65.06,131.66,NA
2018-2019,May,31,UTTAR PRADESH,3115,MEERUT,84413,71.5515091467098,15,12,9.0702344,153,289,1177,41381,22101,12724,9,9,0.76728,39.4462444,2707,3191,18764,25640,0,52450,65367,1330,29.60873,15138,57,65.43,58.09,173.47,NA
2018-2019,May,31,UTTAR PRADESH,3119,MATHURA,154615,94.7593793185812,18,15,195.7232727,305,229,3413,234452,88580,40271,376,245,30.75007,448.6386027,12649,17352,57527,100749,0,129284,215305,3718,222.16526,82564,21,90.95,87.49,130.01,NA
2018-2019,May,31,UTTAR PRADESH,3123,MAINPURI,219334,104.430887574618,19,46,138.522516096,1192,76,6418,362178,123296,42049,358,146,29.05284,545.801056096,18356,21655,84352,128379,6,153361,218381,7610,378.2257,118752,79,76.71,44.43,104.04,NA
2018-2019,May,31,UTTAR PRADESH,3130,HARDOI,905498,194.577319990964,17,70,1040.672034053,6441,126,30454,792363,333873,145885,654,378,116.85815,2699.288874053,46607,52075,249975,353542,0,560034,725883,36895,1541.75869,231304,80,83.99,30.92,134.36,NA
2018-2019,May,31,UTTAR PRADESH,3132,LUCKNOW,190615,143.188136639572,15,18,309.979578453,1197,98,6641,213818,144495,85591,587,324,10.354,626.495588453,13440,15388,69163,124735,0,189784,293177,7838,306.16201,76459,80,76.31,46.8,127.65,NA
2018-2019,May,31,UTTAR PRADESH,3134,FARRUKHABAD,64343,212.713285026274,13,23,230.568218204,1577,114,5938,113993,18330,15111,63,65,48.65615,521.702623204,8495,9376,62301,87201,0,147811,190235,7515,242.478255,34819,71,68.01,42.66,116.6,NA
2018-2019,May,31,UTTAR PRADESH,3135,ETAWAH,68702,134.818587760297,17,12,195.880208411,1156,103,9850,182292,80888,42847,546,145,21.94072,463.584428411,10494,11372,62173,93202,0,140896,192225,11006,245.7635,60585,74,71.79,51.42,125.89,NA
2018-2019,May,31,UTTAR PRADESH,3139,JHANSI,567850,157.772117411877,24,86,582.866642655,2769,14,13308,603789,201206,84601,7027,1848,66.54064,1602.017972655,25145,35739,107698,224853,10,185648,370664,16077,952.61069,230868,54,55.56,46.79,117.15,NA
2018-2019,May,31,UTTAR PRADESH,3147,GONDA,1304847,162.171387013062,20,73,1888.984726353,2454,263,27481,1108252,250094,51558,2612,488,27.786,3714.038366353,52781,56022,172247,216200,1,311582,377130,29935,1797.26764,369053,70,72.65,63.19,137.86,NA
2018-2019,June,31,UTTAR PRADESH,3117,BULANDSHAHR,75274,105.639975674032,13,6,31.338350665,550,642,1905,73995,17040,11115,0,0,6.16212,115.668770665,5304,5834,29109,41272,4,106479,138601,2455,78.1683,18114,39,90.1,89.81,142.54,NA
2018-2019,June,31,UTTAR PRADESH,3119,MATHURA,203493,119.145815595045,25,20,197.3392727,307,153,3632,473317,179474,40268,710,247,38.10767,799.3843427,18818,26009,57526,100745,0,129329,215354,3939,563.9374,168037,21,91.65,92.39,124.04,NA
2018-2019,June,31,UTTAR PRADESH,3123,MAINPURI,365797,131.790352504638,24,62,166.791545367,1735,26,6179,666743,223992,42162,623,146,56.89754,1102.392035367,27331,32321,84694,128822,24,153889,219079,7914,878.70295,202498,76,77.16,64.02,104.57,NA
2018-2019,June,31,UTTAR PRADESH,3131,UNNAO,1166248,149.838507446484,21,64,380.209285375,7063,17,17546,773788,290662,86847,1312,537,102.85565,1642.497325375,35391,39209,149698,223213,2,363322,479666,24609,1159.43239,231093,86,81.01,37.84,106.76,NA
2018-2019,June,31,UTTAR PRADESH,3134,FARRUKHABAD,116524,204.817554079559,15,25,235.980455204,2015,71,5644,165312,24893,15102,81,65,52.58065,627.149100204,10687,11732,62338,87253,0,147978,190429,7659,338.587995,46705,70,71.46,50.28,118.38,NA
2018-2019,June,31,UTTAR PRADESH,3137,KANPUR NAGAR,138546,148.021833969286,16,40,119.721344022,2505,61,6501,148334,58043,49406,3019,2386,26.05518,365.343231222,8858,10037,62036,115920,0,199123,306964,9006,219.5667072,49394,73,88.37,41.16,111.92,NA
2018-2019,June,31,UTTAR PRADESH,3138,JALAUN,872145,145.774179099867,27,188,1144.288428216,3582,3,14004,1489158,542415,106934,1786,416,217.26705,3532.363328216,53193,76217,129660,289099,30,208309,436580,17586,2170.80785,538868,53,90.71,87.44,109.83,NA
2018-2019,June,31,UTTAR PRADESH,3150,SULTANPUR,890237,164.099503831537,27,58,1340.626981108,4335,35,27662,1240103,379421,61191,3595,400,187.19744,3562.827291108,45740,51906,135240,199209,7,284566,386981,31997,2035.00287,493758,84,62.92,39.37,114.72,NA
2018-2019,June,31,UTTAR PRADESH,3152,MAHARAJGANJ,1174455,139.047695831407,28,505,1788.051531313,8369,8,8110,3075426,833596,103462,14997,2765,141.73228,6206.092801313,109255,135430,210717,387513,99,324189,553106,16479,4276.30899,1186744,68,65.92,66.18,109.63,NA
2018-2019,June,31,UTTAR PRADESH,3162,MIRZAPUR,492502,125.671047330901,25,56,593.366962676,3355,8,26698,963134,477442,118185,9518,2680,85.36249,1889.110037676,38272,50780,124008,236138,7,293973,496486,30053,1210.380585,436629,85,70.41,46.17,140.71,NA
2018-2019,June,31,UTTAR PRADESH,3164,GAUTAM BUDDHA NAGAR,0,104.309210526316,13,0,0,33,143,94,760,125,524,0,14,0,0.79275,57,67,1166,1651,0,15884,18337,127,0.79275,147,41,75.72,75.72,279.41,NA
2018-2019,June,31,UTTAR PRADESH,3169,AURAIYA,180441,135.430641226859,19,18,171.270985684,2336,31,12415,264415,137388,51954,1147,571,28.66803,558.037945684,13650,14896,69491,105364,0,129331,182772,14751,358.09893,99029,84,70.09,20.11,112.37,NA
2018-2019,June,31,UTTAR PRADESH,3174,SANT KABEER NAGAR,1137913,128.797593553639,29,98,1160.25234531,4169,28,15301,1901476,687552,93711,3613,519,179.29992,3788.60759531,64673,76827,143317,247476,45,267941,425565,19470,2449.05533,841414,71,73.21,72.73,102.47,NA
2018-2019,June,31,UTTAR PRADESH,3175,BALRAMPUR,807274,135.931213409888,24,49,296.762269976,2082,49,6419,975161,196370,32066,19018,2772,71.5401,1693.850549976,39125,44071,108598,160423,20,181626,251896,8501,1325.54818,303103,61,72.36,79.75,132.16,NA
2018-2019,June,31,UTTAR PRADESH,3182,HAPUR,14260,113.895452898551,24,5,1.9850661,33,183,131,55200,27562,3320,0,6,3.06086,67.9162161,2241,2443,7417,8560,0,11377,13131,164,62.87029,17060,0,81.28,92.46,108.64,NA
2018-2019,Nov,31,UTTAR PRADESH,3109,BIJNOR,1205256,165.474574531973,17,193,758.884396268,4524,6,6115,1188926,482370,108627,2559,578,129.31767,2855.572306268,69555,84565,146076,243913,80,207940,325664,10639,1967.37024,317124,37,56.87,76.37,114.34,NA
2018-2019,Nov,31,UTTAR PRADESH,3110,MORADABAD,1464238,161.226395037413,32,136,556.765046735,5596,64,5081,1521142,360789,35836,270,17,124.32273,3133.570186735,46895,57987,92747,148854,295,158314,234519,10677,2452.48241,470275,66,83.76,72.79,106.77,NA
2018-2019,Nov,31,UTTAR PRADESH,3111,RAMPUR,1109215,171.348579501292,32,52,1125.882788687,2015,5,3952,1170786,251265,28377,1686,151,93.9504,3225.958368687,35867,39138,85930,120726,92,160221,211345,5967,2006.12518,191114,44,53.62,52.87,124.31,NA
2018-2019,Nov,31,UTTAR PRADESH,3114,MUZAFFARNAGAR,393953,151.332508108316,28,13,162.348588382,1230,1,1499,312642,100651,11987,702,87,22.96849,658.446058382,10898,11549,31115,38908,58,79697,98939,2729,473.12898,70627,3,44.03,71.17,108.37,NA
2018-2019,Nov,31,UTTAR PRADESH,3120,AGRA,1379478,173.394224618516,31,64,592.657486939,2624,24,3490,1097621,344754,37844,9171,931,91.04243,2586.911339139,34616,41132,73168,108856,83,156450,213323,6114,1903.2114222,313968,52,77.5,76.22,105.68,NA
2018-2019,Nov,31,UTTAR PRADESH,3121,FIROZABAD,1211773,172.260471725921,38,49,455.687901305,4199,3,2612,1251871,601164,39098,1787,107,109.82825,2721.995041305,32758,37136,67578,91163,170,137722,178091,6811,2156.47889,382787,57,81.63,79.81,109.42,NA
2018-2019,Nov,31,UTTAR PRADESH,3130,HARDOI,4839112,178.436231047305,33,164,1824.462452459,23619,1,22619,3898786,1502864,145635,3751,378,394.03808,9175.347327459,114925,127808,251312,354777,359,564494,730512,46238,6956.846795,962268,78,74.08,58.98,123.37,NA
2018-2019,Nov,31,UTTAR PRADESH,3138,JALAUN,2710292,172.186889380783,41,259,2201.44721295,7739,0,12807,3030911,1061108,106791,3957,428,323.3024,7743.58098375,72643,106211,130648,289661,416,210174,438137,20546,5218.8313708,1082600,54,77.06,79.76,107.94,NA
2018-2019,Nov,31,UTTAR PRADESH,3139,JHANSI,3461528,172.029749609158,50,233,2864.837106811,8965,1,10299,2619984,881215,84724,28336,1854,308.93562,7680.924641811,52268,77685,108321,225729,2356,187179,372919,19264,4507.151915,963611,51,56.25,52.84,116.4,NA
2018-2019,Nov,31,UTTAR PRADESH,3162,MIRZAPUR,1963957,169.96134233246,35,91,2062.427628429,13719,1,20849,1934558,906228,118123,18979,2693,211.69068,5562.119053429,54680,74244,125431,237739,138,296885,500226,34568,3288.000745,874057,84,58.91,34.89,120.51,NA
2018-2019,Nov,31,UTTAR PRADESH,3170,KAUSHAMBI,1107552,161.210139997836,39,86,569.681918142,10039,1,10321,1109160,588748,88654,407,71,109.64101,2467.401316942,28403,35877,77376,146472,193,207978,338556,20360,1788.0783888,505011,89,75.55,29.4,111.16,NA
2018-2019,Nov,31,UTTAR PRADESH,3172,KUSHI NAGAR,3534389,181.813906638997,35,244,2308.851234101,11065,2,21595,3639571,1141646,100187,5244,427,443.82522,9369.922674101,103825,124511,187799,301788,430,399303,574918,32660,6617.24622,1281009,56,78.54,69.02,122.57,NA
2018-2019,Nov,31,UTTAR PRADESH,3173,SANT RAVIDAS NAGAR,664838,170.914908450849,34,10,423.166978908,6127,3,8239,727205,302321,44639,4403,367,80.56,1746.628738908,21074,27741,49800,101384,69,131522,235171,14366,1242.90176,306708,80,85.94,37.01,114.82,NA
2018-2019,Nov,31,UTTAR PRADESH,3178,AMBEDKAR NAGAR,1843906,167.848740707091,34,33,1830.258647979,9305,2,11753,1717035,702581,99887,3039,497,197.94989,4910.230162979,49787,58274,115166,208162,171,246291,393553,21058,2882.021625,729960,75,65.02,52.66,103.48,NA
2018-2019,Nov,31,UTTAR PRADESH,3183,SHAMLI,305801,159.716283329224,34,3,116.3872246,258,0,888,255519,23929,2536,115,13,18.499106,542.9917806,7469,8191,17508,21206,45,36008,42702,1146,408.10545,62852,6,62.49,79.03,128.97,NA
2018-2019,Nov,31,UTTAR PRADESH,3184,SAMBHAL,1521874,168.724101714755,33,137,736.64076353,3430,116,4545,1525757,455348,43516,229,13,134.48682,3445.44737613,46090,54052,90128,132386,467,157554,216447,7975,2574.3197926,353219,46,65.52,64.67,121.28,NA
2018-2019,Oct,31,UTTAR PRADESH,3111,RAMPUR,1029374,170.401402069022,28,44,718.627509586,1795,9,3693,886119,186069,28316,1461,151,81.6596,2310.246309586,31261,33954,85697,120480,33,159944,211055,5488,1509.9592,147806,47,60.86,59.12,131.55,NA
2018-2019,Oct,31,UTTAR PRADESH,3117,BULANDSHAHR,164444,168.237492716974,17,10,46.565905265,1069,70,1852,166483,37893,11143,0,0,13.72127,340.374000265,9468,10387,29290,41474,30,106694,138841,2921,280.086825,44112,37,78.27,93.2,127.33,NA
2018-2019,Oct,31,UTTAR PRADESH,3118,ALIGARH,1092085,171.674962141283,27,90,1436.375606511,2840,11,3845,1275796,408249,46279,1480,161,159.16284,3785.760746511,46467,51650,104755,150107,66,193232,262187,6685,2190.2223,301348,25,61.5,70.85,100.7,NA
2018-2019,Oct,31,UTTAR PRADESH,3130,HARDOI,4321782,178.501789890118,31,149,1571.625412701,19515,4,25932,3419763,1319360,145914,3286,378,307.4757,7983.439277701,109277,121277,251480,355126,218,564187,730335,45447,6104.338165,855109,79,77.04,61.49,125.93,NA
2018-2019,Oct,31,UTTAR PRADESH,3136,KANPUR DEHAT,809298,168.674582471767,25,130,262.54062488,2538,2,14262,628700,257564,55064,3376,847,68.66675,1391.66447488,24341,28197,71152,128110,24,214214,329953,16800,1060.4571,208301,81,70.74,52.62,116.19,NA
2018-2019,Oct,31,UTTAR PRADESH,3140,LALITPUR,2715919,162.033977318651,38,99,1759.76320874,3621,0,8768,2236904,541905,60719,182604,18660,137.51121,5521.81893874,58392,83819,117409,234701,1720,174403,329954,12389,3624.54452,828813,59,78.48,78.39,100.62,NA
2018-2019,Oct,31,UTTAR PRADESH,3141,HAMIRPUR,1173107,164.432742964551,34,45,972.518567199001,4343,6,9647,1133190,307028,52088,710,74,134.45903,2970.312997199,32917,48421,87994,178437,332,161941,313426,13990,1863.3354,440665,60,66.22,66.14,119.92,NA
2018-2019,Oct,31,UTTAR PRADESH,3144,PRATAPGARH,2469332,162.094685726741,39,72,4582.397192163,13705,12,35911,4239018,2170074,126073,6134,419,369.91313,11823.533227163,107543,119733,188356,260987,803,374319,513788,49616,6871.222905,1943147,81,49.4,46.57,116.17,NA
2018-2019,Oct,31,UTTAR PRADESH,3157,AZAMGARH,5345208,179.262924124602,31,112,3044.549399022,12804,32,20613,3946747,1553124,120698,3934,373,387.92249,10507.525969022,125664,135175,234986,299716,65,482626,584757,33417,7075.05408,1604613,68,59.38,60.03,130.43,NA
2018-2019,Oct,31,UTTAR PRADESH,3158,JAUNPUR,2923569,186.980160070609,35,92,2518.485664938,16152,22,18673,2714677,1068898,98412,10901,1510,278.11943,7872.512494938,75719,80991,175423,228088,434,394560,487648,34825,5075.9074,1187294,73,87.4,64.35,106.45,NA
2018-2019,Oct,31,UTTAR PRADESH,3160,GHAZIPUR,1935106,172.949325002825,31,66,1186.484319718,7680,19,12398,2185861,549096,74570,14441,1350,205.46922,5172.385384718,69031,80411,158628,262426,294,341669,524790,20078,3780.431845,792456,66,62.57,55.54,162.63,NA
2018-2019,Oct,31,UTTAR PRADESH,3163,SONBHADRA,1707839,171.845757928135,32,153,1395.40976768,13137,7,17245,2261692,761033,123258,676725,120699,209.21438,5491.24590708,69054,97804,153010,377211,268,341582,756947,30382,3886.6217594,1021395,85,80.44,47.16,105.5,NA
2018-2019,Oct,31,UTTAR PRADESH,3165,BAGHPAT,52546,184.123550937892,26,4,18.107940943,351,4,430,39077,14345,3721,27,11,3.412,93.469900943,1499,1725,7723,11517,4,32021,44427,781,71.94996,11649,6,19.49,73.8,111.37,NA
2018-2019,Oct,31,UTTAR PRADESH,3167,AMROHA,1196167,179.971866048013,29,86,991.068934301,4211,19,3075,1487100,428922,53177,219,33,152.58716,3820.017714301,51031,63951,104433,179004,435,151067,245694,7286,2676.36162,347475,6,76.15,82.19,120.84,NA
2018-2019,Oct,31,UTTAR PRADESH,3169,AURAIYA,724987,156.52625746281,27,34,229.881716785,4904,1,13400,696621,326269,52020,2666,573,56.98428,1377.260776785,25532,28258,70641,106566,15,131308,184878,18304,1090.39478,244854,85,57.56,25.12,107.19,NA
2018-2019,Oct,31,UTTAR PRADESH,3177,CHITRAKOOT,1786297,164.882635629963,35,51,500.514638226,6316,0,13334,1231660,630879,83672,193,6,92.94128,2624.249388226,34520,53047,80283,166212,529,126051,246748,19650,2030.79347,543853,73,68.27,56.78,104,NA
2018-2019,Oct,31,UTTAR PRADESH,3178,AMBEDKAR NAGAR,1763084,171.438324584142,32,31,1086.605686683,7604,2,12999,1567002,649500,99889,2601,497,165.44189,3938.489551683,47625,55635,115132,208127,112,246216,393459,20603,2686.441975,670412,75,72.87,58.93,103.59,NA
2018-2019,Oct,31,UTTAR PRADESH,3179,MAHOBA,619198,162.42223035487,31,12,156.070916814,2906,1,5625,418068,117723,42717,713,192,34.792,869.898286814,13402,20398,50849,144407,26,99778,262511,8531,679.03537,161187,78,80.83,66.47,130.44,NA
2018-2019,Oct,31,UTTAR PRADESH,3181,AMETHI,2190752,189.724651790133,32,50,1482.00162862,8244,3,17189,1470952,452425,57790,6757,811,210.32099,4483.08117862,45304,52475,110434,185135,120,225302,343979,25433,2790.75856,493229,76,49.4,40.92,110.24,NA
2018-2019,Sep,31,UTTAR PRADESH,3127,SHAHJAHANPUR,1795936,174.156110327118,21,122,1167.681188387,7580,2,15134,1076399,344368,86549,301,80,90.59085,3132.886668387,49356,57155,155061,258324,60,307383,457380,22714,1874.61463,252467,74,56.82,40.53,128.7,NA
2018-2019,Sep,31,UTTAR PRADESH,3130,HARDOI,3918308,188.456646567705,28,132,1562.727012701,15035,7,27591,2882736,1129181,145866,2874,378,301.1845,7296.619107701,99729,110666,251242,354877,88,563575,729649,42626,5432.707595,729817,79,78.91,63.52,128.32,NA
2018-2019,Sep,31,UTTAR PRADESH,3136,KANPUR DEHAT,799470,173.341464006258,23,103,251.59382488,2074,9,14225,494711,209200,55068,2928,842,51.24078,1160.37389488,21003,24277,71043,128017,9,213948,329678,16299,857.53929,165455,81,72.62,52.43,115.79,NA
2018-2019,Sep,31,UTTAR PRADESH,3157,AZAMGARH,5065802,182.172839660187,30,109,3028.197399022,10020,36,20897,3687325,1452542,120645,3694,373,312.46416,10057.966219022,120996,129931,234738,299503,46,481907,583997,30917,6717.30466,1506394,68,66.12,67.99,131.66,NA
2018-2019,Sep,31,UTTAR PRADESH,3160,GHAZIPUR,1071261,177.230162924976,30,64,1170.916319718,6743,37,12250,2022526,511632,74568,13762,1346,136.16665,4891.609094718,66451,77347,158557,262347,201,341210,524263,18993,3584.526125,731861,65,65.19,59.21,170,NA
2018-2019,Sep,31,UTTAR PRADESH,3170,KAUSHAMBI,1039972,165.664177245298,35,75,275.228022553,7953,1,11663,887087,475934,88708,330,71,72.82871,1817.642112553,25211,31900,77210,146376,73,207477,337972,19616,1469.58538,409632,90,83.45,31.4,112,NA
2018-2019,May,31,UTTAR PRADESH,3151,SIDDHARTH NAGAR,1277009,97.2533403869604,20,64,1643.475397297,2459,180,11856,2305197,514874,77634,2043,299,53.575,3938.931482297,113180,126519,243505,331859,0,361902,473678,14315,2241.881085,1104424,45,68.45,69.84,107.67,NA
2018-2019,May,31,UTTAR PRADESH,3154,GORAKHPUR,744821,133.535211740283,18,64,256.921468682,2832,93,18389,1042905,303760,70329,2874,718,62.65969,1712.226558682,57829,62879,162605,235420,4,369691,491017,21221,1392.6454,410577,77,63.46,60.29,114.21,NA
2018-2019,May,31,UTTAR PRADESH,3155,DEORIA,539184,140.36739997818,20,31,630.329433254,2430,87,9918,769932,242639,49680,23484,4638,64.37812,1775.441083254,38213,39803,127213,160414,1,235441,287767,12348,1080.73353,263508,50,82.25,72.83,102.78,NA
2018-2019,May,31,UTTAR PRADESH,3156,MAU,1249565,123.660849100424,21,154,1616.691796431,2904,15,13829,968790,285191,63759,6693,1197,88.36,2903.065736431,46061,50475,149834,207698,3,233804,311416,16733,1198.01394,414921,63,49.36,41.92,108.46,NA
2018-2019,May,31,UTTAR PRADESH,3163,SONBHADRA,359603,144.463365023293,17,79,905.614252092,1310,35,24886,563901,198683,123052,163973,120671,82.24049,1802.485102092,31893,43071,152290,376401,0,339005,753099,26196,814.63036,258547,85,74.96,38.56,103.92,NA
2018-2019,May,31,UTTAR PRADESH,3169,AURAIYA,120294,123.653919196251,16,7,153.138275176,390,129,13837,130588,70274,51948,546,571,16.24266,330.858115176,7780,8496,69317,105211,0,129039,182490,14227,161.47718,51410,84,76.8,11.12,123.18,NA
2018-2019,May,31,UTTAR PRADESH,3170,KAUSHAMBI,287291,123.973084621756,20,35,221.975874853,1127,47,16308,289760,151274,89080,135,70,36.4115,617.611784853,13836,17001,76844,146317,0,205502,335770,17435,359.22441,138833,92,91.93,24.34,113.33,NA
2018-2019,May,31,UTTAR PRADESH,3173,SANT RAVIDAS NAGAR,151271,130.301343207375,19,6,252.700013755,830,70,12143,248733,109784,44930,1444,370,0,576.802453755,12495,16210,49963,102058,0,130474,234345,12973,324.10244,106499,82,87,30.68,128.46,NA
2018-2019,May,31,UTTAR PRADESH,3175,BALRAMPUR,538155,116.607692917393,17,35,206.405070871,1610,164,6510,479428,97065,32021,8830,2771,38.8971,804.352100871,27512,30674,108438,160265,0,181449,251725,8120,559.04993,144581,64,73.26,68.45,159.81,NA
2018-2019,May,31,UTTAR PRADESH,3180,KASHGANJ,285010,91.6729482126348,14,52,358.86396464,526,67,1880,226059,50153,24942,277,71,21.59527,587.69418464,16003,18581,60748,112384,0,129178,205457,2406,207.23495,53484,35,71.08,74.32,109.03,NA
2018-2019,May,31,UTTAR PRADESH,3184,SAMBHAL,384510,120.069736695255,17,71,200.160194892,1383,168,3875,465924,154805,42919,82,13,19.44104,779.034954892,27259,31587,87958,129925,1,154365,212851,5258,559.43372,108481,56,83.78,76.22,124.18,NA
2018-2019,March,31,UTTAR PRADESH,3109,BIJNOR,1729757,176.253206333649,22,218,1423.696778918,8141,1,4462,1869191,764215,108600,4093,578,311.94566,5030.151508918,83937,104044,146188,243840,298,208931,326707,12603,3294.50907,494552,31,49.61,68.32,112.01,NA
2018-2019,March,31,UTTAR PRADESH,3112,SAHARANPUR,990325,172.762690892421,25,86,815.673160243,2376,0,3593,1051443,453242,61398,1798,205,190.38786,2822.562240243,41437,49272,80328,124409,177,119449,175184,5969,1816.50122,336414,13,58.92,83.05,112.05,NA
2018-2019,March,31,UTTAR PRADESH,3117,BULANDSHAHR,188186,177.940253851759,21,15,92.639279062,2191,48,1164,264879,59678,11170,0,0,33.10969,597.075334062,12122,13529,29491,41701,47,107692,140001,3355,471.326365,70324,35,76.47,85.08,122.45,NA
2018-2019,March,31,UTTAR PRADESH,3126,PILIBHIT,2368585,177.009439834145,33,231,3461.71910173,13568,0,7362,2597927,499815,50051,5273,502,456.12121,8516.41634173,77855,95983,130840,223231,693,277893,410147,20930,4598.57603,578750,68,55.39,48.37,102.71,NA
2018-2019,March,31,UTTAR PRADESH,3130,HARDOI,6564092,181.986454556824,43,215,2127.260697138,35445,0,14897,6061042,2274160,145129,5852,381,839.96074,13997.496882138,139626,156375,251179,354139,1334,567637,733454,50342,11030.275445,1428366,77,67.06,54.8,119.16,NA
2018-2019,March,31,UTTAR PRADESH,3131,UNNAO,3430141,176.217927689398,43,149,1428.896940216,26709,1,8246,3541583,1175267,86323,6368,533,486.68284,8156.483950216,81838,93207,151034,223781,837,368968,485114,34955,6240.90417,984466,81,68.79,44.1,105.81,NA
2018-2019,March,31,UTTAR PRADESH,3133,RAE BARELI,3675318,173.315705811533,38,168,4178.881270768,24010,0,17999,3668791,1144730,115731,8210,832,612.64132,11150.113607168,95537,116281,178779,327479,2296,313832,519802,42009,6358.5910164,1406196,64,45.74,37.39,100.39,NA
2018-2019,March,31,UTTAR PRADESH,3135,ETAWAH,1526718,179.943851820533,41,48,699.837295506,7668,3,6795,1575198,655028,42819,3381,146,245.01529,3779.324540506,37853,41850,63065,93923,683,146125,198107,14463,2834.471955,423467,70,45.32,57.42,118.58,NA
2018-2019,March,31,UTTAR PRADESH,3138,JALAUN,4129084,178.467644281983,46,283,3130.927395026,11603,0,10816,3850758,1308094,106485,5625,427,573.17124,10576.455724626,82163,121466,130743,288997,738,210739,438029,22419,6872.3570896,1353538,53,63.2,62.53,107.67,NA
2018-2019,March,31,UTTAR PRADESH,3144,PRATAPGARH,4268050,176.015746680415,47,88,6547.970497163,37636,4,16904,6314569,3184429,125633,9659,379,1013.80218,18676.408452163,133131,151876,189113,260722,2210,379052,517956,54540,11114.635775,2861099,80,49.61,48.11,118.93,NA
2018-2019,March,31,UTTAR PRADESH,3145,PRAYAGRAJ,3666397,176.918409301443,38,218,2622.183331372,37852,0,19944,3752364,1779154,162741,3123,102,638.22443,9899.030461372,97052,123884,178754,298195,875,370778,572800,57796,6638.6227,1457116,81,65.45,37.14,111.28,NA
2018-2019,March,31,UTTAR PRADESH,3152,MAHARAJGANJ,4520730,181.076436255904,40,694,5742.976429131,16987,0,12200,5621352,1459541,103182,25838,2703,719.5316,16641.451900131,139489,177467,212911,389705,946,333003,563876,29187,10178.943871,2157784,71,45.72,43.04,112.04,NA
2018-2019,March,31,UTTAR PRADESH,3161,VARANASI,1486019,178.414047000404,33,91,1193.438011908,7436,0,7798,1298925,494197,55286,5471,536,249.30867,3760.211341908,38759,49735,72061,136366,388,155883,252501,15234,2317.46466,609330,68,48.21,37.83,104.38,NA
2018-2019,March,31,UTTAR PRADESH,3172,KUSHI NAGAR,5297353,182.340200664837,44,279,3761.570110988,20129,2,17701,5372441,1639755,100142,7440,429,777.77608,14335.465890988,121134,146501,188160,301966,1738,401396,577286,37830,9796.1197,1850019,54,70.56,62.61,123.83,NA
2018-2019,March,31,UTTAR PRADESH,3179,MAHOBA,1027408,173.286336931127,40,22,468.864985556,4169,1,5321,830787,209030,42753,1279,193,131.8884,2040.393745556,20333,32105,51160,144801,283,100369,263377,9490,1439.64036,320223,78,72.07,55.41,121.53,NA
2018-2019,Jan,31,UTTAR PRADESH,3120,AGRA,1510939,173.82218990845,35,72,598.962392613,3676,18,2962,1323206,407186,37933,10942,931,91.04243,2990.030468813,37170,44363,73605,109368,167,157514,214606,6638,2300.0256462,382835,51,75.57,72.61,105.74,NA
2018-2019,Jan,31,UTTAR PRADESH,3121,FIROZABAD,1364770,171.04477983616,41,53,458.051791705,5128,3,1988,1513918,721437,39277,1885,109,117.39666,3164.926161705,36174,41520,68217,92113,276,140619,181604,7116,2589.47771,477001,56,82.34,79.97,107.96,NA
2018-2019,Jan,31,UTTAR PRADESH,3122,ETAH,1670426,167.84757924462,40,55,796.7816291,4407,4,6530,1318039,358693,33633,237,12,108.53065,3117.6088341,32666,37022,68819,110180,364,150294,220772,10937,2212.296555,341742,70,70.13,59.82,124.04,NA
2018-2019,Jan,31,UTTAR PRADESH,3128,KHERI,3619151,167.226061279652,36,375,672.8599188303,37231,0,20068,4607598,1702623,167565,26260,6902,248.52239,8626.4869638303,126419,161096,258066,428728,571,524189,761652,57299,7705.104655,1289006,86,73.88,48.32,106.63,NA
2018-2019,Jan,31,UTTAR PRADESH,3134,FARRUKHABAD,900545,175.228319046324,30,45,455.759102914,6413,0,7065,978278,133149,15134,896,67,93.5566,2263.535797914,32053,36210,63921,89287,2,151181,194327,13478,1714.220095,244025,67,69.22,57.95,110.98,NA
2018-2019,Jan,31,UTTAR PRADESH,3136,KANPUR DEHAT,1041013,165.243040947546,32,157,414.073003291,7037,1,10494,1024457,397922,54996,5716,847,69.75148,2176.668383291,31129,36475,71287,128103,87,217075,333082,17531,1692.8439,329938,80,69.23,52.29,117.96,NA
2018-2019,Jan,31,UTTAR PRADESH,3139,JHANSI,3791401,171.716772516215,55,275,2884.206629711,13206,1,7521,3261705,1090041,84760,33963,1852,308.93562,8794.036804711,59260,88313,108574,226016,3698,187880,373867,20727,5600.894555,1188079,50,56.94,52.92,114.91,NA
2018-2019,Jan,31,UTTAR PRADESH,3142,BANDA,2179333,167.966057056411,40,28,2241.574816173,11827,0,16454,2109982,597136,84757,1359,173,229.31122,6014.939606173,52101,74634,122343,274064,1188,212330,447761,28281,3544.05357,929208,81,69.96,55.09,101.65,NA
2018-2019,Jan,31,UTTAR PRADESH,3144,PRATAPGARH,3623863,168.768227619931,45,88,6236.806797453,35844,4,17513,5892788,2979597,126367,9282,419,522.52698,16704.487642453,128149,143856,189716,262508,1997,379159,519441,53357,9945.153865,2682761,79,49.43,48.01,116.3,NA
2018-2019,Jan,31,UTTAR PRADESH,3151,SIDDHARTH NAGAR,6475587,170.903591986333,40,111,6264.620892642,8931,6,10938,7003785,1524700,77552,8031,297,574.83092,18809.171952642,174739,198081,244735,332888,674,367182,478933,19869,11969.72014,3385242,43,52.43,56.54,113.5,NA
2018-2019,Jan,31,UTTAR PRADESH,3162,MIRZAPUR,2228431,168.131679865444,39,100,2069.491664529,19177,1,17517,2465001,1111590,118092,24946,2688,211.87268,6425.811934529,62852,85640,125872,238203,312,300621,505357,36694,4144.44759,1110060,83,58.67,35.43,116.61,NA
2018-2019,Jan,31,UTTAR PRADESH,3164,GAUTAM BUDDHA NAGAR,9296,174.664250692816,21,0,0,101,77,120,9382,2082,548,69,14,0,16.387,432,488,1270,1769,1,16005,18473,221,16.387,1443,23,10.86,92.03,112.82,NA
2018-2019,Jan,31,UTTAR PRADESH,3167,AMROHA,1605863,181.889641778752,34,103,1114.934485951,5615,10,3217,2044714,571700,53260,372,33,182.16242,5016.219875951,58619,74504,104738,179379,938,151680,246520,8832,3719.12297,468229,6,71.98,75.93,116.87,NA
2018-2019,Jan,31,UTTAR PRADESH,3170,KAUSHAMBI,1261249,165.712865890253,40,96,570.129918142,12189,1,8961,1396334,755792,88539,554,71,115.58309,2999.618096942,34206,43356,77394,146305,364,208644,339253,21150,2313.9050888,636362,88,77.24,42.05,112.27,NA
2018-2019,Jan,31,UTTAR PRADESH,3176,SHRAVASTI,1307061,160.683487256973,38,92,424.263518206,5564,0,4917,1297180,454128,49783,7197,1336,81.59779,2590.215368206,34116,42518,72448,136781,350,127876,215718,10481,2084.35406,426107,65,85.13,70.75,114.19,NA
2018-2019,Jan,31,UTTAR PRADESH,3177,CHITRAKOOT,2116180,154.035496561681,43,58,771.861449603,8786,0,13189,1888859,921656,83506,193,6,131.2051,3812.579889603,43624,67471,81027,167003,1603,126978,247721,21975,2909.51334,827116,74,64.03,53.1,108.29,NA
2018-2019,Jan,31,UTTAR PRADESH,3182,HAPUR,75673,167.595288809066,33,13,4.751039515,212,53,128,134743,68097,3549,37,6,4.15953,234.733489515,4022,4423,7889,9066,13,12194,13996,340,225.82292,45337,0,49.86,65.33,104.49,NA
2018-2019,Aug,31,UTTAR PRADESH,3116,GHAZIABAD,491,175,8,0,0,1,161,3,8,0,19,0,0,0,0.014,1,1,69,208,0,17607,25872,4,0.014,0,0,0,100,100,NA
2018-2019,Aug,31,UTTAR PRADESH,3117,BULANDSHAHR,134540,157.877763781966,15,10,42.797505265,886,149,1923,142106,32520,11135,0,0,9.39176,276.543040265,8924,9797,29245,41426,15,106642,138784,2809,224.353775,35788,37,80.49,94.93,129.19,NA
2018-2019,Aug,31,UTTAR PRADESH,3124,BUDAUN,927518,176.882705733827,24,150,738.539750934,3663,23,10998,1040021,205308,43428,824,81,144.97949,2723.136525934,41673,45658,127143,180902,23,252715,338382,14661,1839.617285,216213,65,63.51,60.04,115.36,NA
2018-2019,Aug,31,UTTAR PRADESH,3129,SITAPUR,3851144,174.523467992324,31,424,1590.401998145,22372,2,64322,3818584,1694301,326028,4632,908,381.57939,8636.306613145,122747,163810,349081,700938,95,620859,1096449,86694,6664.325225,1241389,85,77.43,32.91,121.87,NA
2018-2019,Aug,31,UTTAR PRADESH,3136,KANPUR DEHAT,577967,178.644556904245,22,87,244.29245188,1782,13,14063,429388,185191,55087,2691,842,50.60878,1061.97952188,19080,22051,70962,127956,5,213753,329478,15845,767.07829,142100,81,74.01,52.46,114.48,NA
2018-2019,Aug,31,UTTAR PRADESH,3143,FATEHPUR,1848560,171.123323208182,30,33,1235.131228751,7665,12,19095,1229282,544506,98263,45,31,136.756,3475.475438751,40557,45676,140051,210798,29,265775,370034,26760,2103.58821,546632,87,68.41,46.37,114.42,NA
2018-2019,Aug,31,UTTAR PRADESH,3153,BASTI,3486712,177.584328115374,35,119,2849.890576161,9074,20,22942,4142616,1090404,96887,2252,146,310.02285,10516.550216161,115414,138656,231086,358568,685,358173,528432,32016,7356.63679,1829548,57,80.16,76.6,135.72,NA
2018-2019,Aug,31,UTTAR PRADESH,3156,MAU,3516723,176.029626508994,36,280,2993.902780294,5985,2,13155,2717870,785511,63851,18835,1204,227.488,8005.647190294,75327,83858,151015,208912,333,236115,314031,19140,4784.25641,1169542,58,64.96,59.52,105.48,NA
2018-2019,Aug,31,UTTAR PRADESH,3177,CHITRAKOOT,1566847,164.709624683935,29,45,463.038755515,4376,0,13698,858210,442812,83703,126,4,70.0386,1946.631825515,29226,44233,80095,166049,150,125844,246552,18074,1413.55447,383763,73,70.29,61.06,103.99,NA
2018-2019,Aug,31,UTTAR PRADESH,3179,MAHOBA,515125,155.656537975154,28,10,142.739273631,1263,1,6912,336075,99683,42701,561,190,31.402,697.263983631,11726,17793,50790,144323,15,99600,262246,8175,523.12271,130395,78,84.72,72.04,133.48,NA
2018-2019,Aug,31,UTTAR PRADESH,3180,KASHGANJ,756396,167.42740619112,24,79,400.833713465,1561,1,1797,619371,131021,24870,641,71,59.83525,1497.665763465,25387,30225,60919,112393,46,130061,206514,3358,1036.9968,146655,29,58.25,77.53,116.86,NA
2018-2019,Aug,31,UTTAR PRADESH,3182,HAPUR,33100,163.464281797912,27,5,4.644519515,104,126,141,82073,40075,3403,37,6,3.82353,142.628089515,2988,3258,7620,8785,0,11677,13454,245,134.16004,25718,0,74.61,91.04,107.49,NA
2018-2019,Aug,31,UTTAR PRADESH,3184,SAMBHAL,1124589,169.096857560424,28,132,362.973791055,2609,121,4054,1169359,366092,43352,172,13,134.48682,2474.809933655,41446,48394,89443,131632,191,156582,215362,6663,1977.3493226,266179,47,73.47,72.99,117.84,NA
2018-2019,Sep,31,UTTAR PRADESH,3114,MUZAFFARNAGAR,323782,168.635422354244,24,9,143.968379632,969,5,1193,199631,63934,11831,478,86,16.52081,497.137769632,8078,8509,30344,38115,11,78639,97851,2162,336.64858,43836,3,38.46,64.61,111.55,NA
2018-2019,Sep,31,UTTAR PRADESH,3115,MEERUT,246482,165.665851291011,30,17,105.999091935,544,35,1131,206040,103480,12581,108,8,5.85588,453.192891935,6707,8150,19154,25603,43,53157,65613,1675,341.33792,70179,47,58.25,72.4,124.84,NA
2018-2019,Sep,31,UTTAR PRADESH,3117,BULANDSHAHR,159696,167.349618492644,16,10,44.101905265,912,82,1976,155305,36200,11137,0,0,9.39176,313.395990265,9228,10130,29266,41446,15,106664,138805,2888,259.902325,40513,37,79.15,93.84,127.5,NA
2018-2019,Sep,31,UTTAR PRADESH,3124,BUDAUN,1276771,182.734978946626,26,156,762.595252864,4566,18,11301,1163234,226831,43429,837,81,144.97949,3033.210147864,44185,48528,127195,180933,43,252803,338448,15867,2125.635405,240497,66,64,60.46,114.92,NA
2018-2019,Sep,31,UTTAR PRADESH,3128,KHERI,2302961,166.606279232371,27,284,259.7128744333,13056,3,35821,2624445,1034853,167761,17873,6898,151.58826,4783.7912994333,94953,119674,257333,428142,97,519598,756225,48877,4372.490165,759187,87,79.88,53.96,109.48,NA
2018-2019,Sep,31,UTTAR PRADESH,3134,FARRUKHABAD,571104,177.141327643005,17,37,313.173631114,2935,5,8089,377014,56658,15143,332,67,55.9961,1037.017336114,21028,23449,63223,88458,0,150165,193123,11024,667.847605,95179,69,61.42,60.34,113.28,NA
2018-2019,Sep,31,UTTAR PRADESH,3147,GONDA,3603640,189.672176871884,34,122,3772.40990507401,7646,161,31639,3173687,710705,51859,8371,467,309.16148,10101.172605074,90985,97922,177048,221866,266,317025,383448,39285,6019.60122,1092081,72,59.65,60.76,120.65,NA
2018-2019,Sep,31,UTTAR PRADESH,3165,BAGHPAT,40447,181.641307838272,23,4,17.211940943,346,6,374,34255,12704,3718,27,11,2.956,82.389170943,1430,1637,7703,11496,3,31995,44399,720,62.22123,10162,6,21.59,70.3,110.63,NA
2018-2019,Sep,31,UTTAR PRADESH,3176,SHRAVASTI,904376,176.169613012872,26,65,349.645213422,3925,1,4163,584283,213312,50299,3168,1345,42.234,1421.208313422,22407,27210,72200,137501,18,126131,214520,8088,1029.3291,203784,69,82.68,67.95,124.22,NA
2018-2019,Sep,31,UTTAR PRADESH,3184,SAMBHAL,1380488,173.81245957259,29,134,385.132812155,2896,117,4416,1259727,387506,43407,172,13,134.48682,2709.182114755,42805,50018,89680,131897,259,156865,215680,7312,2189.5624826,288983,49,70.72,70.73,119.06,NA
2018-2019,Dec,31,UTTAR PRADESH,3112,SAHARANPUR,762464,161.188063202476,21,78,494.986836155,2035,1,3338,767375,332373,61354,1402,205,70.93955,1802.843286155,36251,42656,80074,124121,91,118766,174319,5373,1236.9169,243062,14,63.46,90.66,109.99,NA
2018-2019,Dec,31,UTTAR PRADESH,3115,MEERUT,317322,154.158888369821,34,20,108.365363535,984,10,778,280417,140531,12634,176,8,6.8272,547.480293535,8112,9804,19310,25769,67,53592,66094,1762,432.28773,93844,45,61.9,75.48,129.13,NA
2018-2019,Dec,31,UTTAR PRADESH,3117,BULANDSHAHR,173940,166.313103303628,19,13,52.428605265,1588,64,1447,205017,47306,11167,0,0,14.52775,407.926490265,10755,11838,29445,41654,37,106972,139175,3035,340.970135,52815,36,78.31,93.07,124.52,NA
2018-2019,Dec,31,UTTAR PRADESH,3128,KHERI,3154178,162.620498186722,34,352,642.6027687803,32765,1,23176,4110788,1531568,167557,23660,6901,238.71172,7566.2984137803,119784,152433,257915,428577,410,521212,758103,55941,6684.983925,1167560,86,73.73,46.88,107.14,NA
2018-2019,Dec,31,UTTAR PRADESH,3129,SITAPUR,5891679,167.04652471472,38,507,2576.331644846,64641,1,37852,6259630,2633006,325854,8507,911,558.51466,13591.340679846,164159,221832,351627,704072,867,626027,1103268,102493,10456.494375,1956766,85,70.86,32.75,115.18,NA
2018-2019,Dec,31,UTTAR PRADESH,3134,FARRUKHABAD,805802,176.635954617285,28,43,454.007102914,5906,0,6807,842259,121027,15124,762,67,93.5566,2035.295927914,29483,33125,63814,89200,1,151051,194219,12713,1487.732225,207717,67,67.54,57.51,110.26,NA
2018-2019,Dec,31,UTTAR PRADESH,3144,PRATAPGARH,3253360,165.510837918784,44,88,6234.566797453,31798,5,19554,5386966,2737020,126390,8621,419,512.69898,15663.278342453,121241,135799,189676,262484,1755,378467,518642,51352,8916.012565,2457071,79,49.72,47.08,114.61,NA
2018-2019,Dec,31,UTTAR PRADESH,3156,MAU,5138388,169.920018381726,45,340,4811.248960021,12428,1,10197,4073611,1141403,64053,28779,1281,343.502,12076.631520021,88849,99780,152503,210420,1656,238994,317087,22625,6921.88056,1745742,57,55.65,49.3,104.89,NA
2018-2019,Dec,31,UTTAR PRADESH,3160,GHAZIPUR,2719480,169.474763768834,35,77,1602.591158587,10345,11,10949,2632485,649838,74594,16981,1355,215.95792,6279.946813587,74592,87014,158826,262573,614,342880,526141,21294,4461.397735,956561,64,56.89,49.38,148.57,NA
2018-2019,Dec,31,UTTAR PRADESH,3171,CHANDAULI,1690357,172.360881397116,37,157,1697.647991824,7496,2,11117,1835495,614727,76996,9461,1019,174.9639,5036.287251824,48625,70043,95651,208173,342,233589,443665,18613,3163.67536,675974,69,66.7,49.6,108.99,NA
2018-2019,Dec,31,UTTAR PRADESH,3175,BALRAMPUR,2051236,167.442065389969,41,68,855.003527126,6340,0,5570,2401561,465260,32132,32336,2776,171.95514,5048.182007126,58273,66733,109425,161265,1023,183064,253383,11910,4021.22334,703518,55,60.27,72.31,118.25,NA
2018-2019,Dec,31,UTTAR PRADESH,3176,SHRAVASTI,1173420,163.644613491002,35,88,422.637118206,5197,0,4371,1067556,374581,49842,6005,1338,75.09779,2244.732798206,30276,37580,72262,136655,214,126306,213884,9568,1746.99789,357027,65,84.96,69.13,114.99,NA
2018-2019,July,31,UTTAR PRADESH,3115,MEERUT,154134,129.851464287229,25,17,68.875282623,383,86,1127,141434,73798,12637,51,8,5.48165,258.011052623,5588,6835,19100,25658,3,52999,65555,1510,183.65412,47885,50,63.09,72.43,124.37,NA
2018-2019,July,31,UTTAR PRADESH,3117,BULANDSHAHR,94093,153.950973418689,14,9,35.784900665,558,256,2109,113877,26408,11126,0,0,6.16212,217.261770665,7764,8514,29188,41366,7,106567,138705,2667,175.31475,27669,36,85.46,93.74,128.77,NA
2018-2019,July,31,UTTAR PRADESH,3120,AGRA,646386,157.555871139386,24,57,315.703723993,1823,68,3207,711901,230456,37773,5967,931,48.89918,1486.244726193,28726,33743,72823,108356,5,155664,212208,5030,1121.6418222,199816,50,89.15,86.26,106.85,NA
2018-2019,July,31,UTTAR PRADESH,3121,FIROZABAD,642938,154.906999430941,28,34,204.737208214,2880,19,2698,713458,351123,38780,1225,107,43.31923,1353.252818214,25376,28605,66922,90302,8,136508,176576,5578,1105.19638,211345,56,91.17,80.13,112.04,NA
2018-2019,July,31,UTTAR PRADESH,3125,BAREILLY,294833,181.369847115468,18,108,405.222873781,2544,75,5527,701379,190085,61485,114,44,92.89749,1770.210383781,37987,42676,135148,221736,34,261622,390073,8071,1272.09002,107243,43,75.57,76.07,134.11,NA
2018-2019,July,31,UTTAR PRADESH,3131,UNNAO,1337755,157.359808230054,25,84,458.362406531,9410,2,16756,1143662,425292,86911,1954,537,103.66855,2361.695286531,45024,50057,150031,223530,12,364131,480521,26166,1799.66433,331034,85,78.02,44.33,105.84,NA
2018-2019,July,31,UTTAR PRADESH,3136,KANPUR DEHAT,339294,172.734443539845,21,71,226.47762082,1546,15,14037,367259,157853,55087,2279,842,41.61228,902.47269082,17412,20116,70855,127844,0,213041,328590,15583,634.38279,124357,81,81.13,48.14,113.01,NA
2018-2019,July,31,UTTAR PRADESH,3143,FATEHPUR,1256738,158.609961169913,28,31,981.174124401,6690,19,19409,1085756,481533,98244,45,31,101.3,2804.591294401,37541,42237,139915,210724,19,265580,369901,26099,1722.11717,483797,87,70.2,44.98,114.03,NA
2018-2019,July,31,UTTAR PRADESH,3149,AYODHYA,1216298,170.672845025583,25,78,1464.397916664,10463,5,10369,1099375,468864,87475,2887,365,91.6868,3432.419306664,42347,48009,128442,212020,32,227999,347605,20832,1876.33459,440170,66,77.96,63.48,117.96,NA
2018-2019,July,31,UTTAR PRADESH,3153,BASTI,2243401,169.164747954649,35,117,2054.61745073,7059,23,24209,4019971,1054845,96867,2119,146,232.93358,9087.92484073,114198,137072,230806,358254,638,357712,527909,31268,6800.37381,1776202,57,86.58,82.56,135.51,NA
2018-2019,July,31,UTTAR PRADESH,3156,MAU,2358877,161.102676083188,34,266,2650.583417975,4894,2,13721,2475932,719331,63862,16971,1203,169.756,6809.132127975,72694,80735,150919,208825,237,235724,313572,18615,3988.79271,1070686,59,65.66,60.24,105.27,NA
2018-2019,July,31,UTTAR PRADESH,3158,JAUNPUR,1369341,178.194011127745,31,80,2102.633950172,10649,64,19741,2052707,821134,98138,8940,1509,215.2576,5975.692490172,64336,68498,174289,226913,51,389741,482611,30390,3657.80094,904479,72,88.86,75.97,105.5,NA
2018-2019,July,31,UTTAR PRADESH,3167,AMROHA,562673,170.533776282996,22,66,930.581465701,2541,37,3117,911616,270818,53079,209,33,131.77775,2616.972405701,40139,49926,104094,178622,114,150497,244993,5658,1554.61319,217361,7,75.87,76.1,132.36,NA
2018-2019,July,31,UTTAR PRADESH,3168,KANNAUJ,398051,177.638533662208,20,70,617.939753992,2673,16,11577,505968,191761,55098,248,54,74.99454,1591.728429992,24702,27418,82614,128503,1,147232,208561,14250,898.794136,109152,71,76.02,55.43,118.7,NA
2018-2019,July,31,UTTAR PRADESH,3180,KASHGANJ,522518,158.444420793805,22,74,379.33536604,1214,2,1742,544970,115854,24905,539,71,39.63327,1282.44319604,24123,28553,60842,112418,23,129811,206329,2956,863.47456,127981,29,64.26,76.79,116.7,NA
2018-2019,July,31,UTTAR PRADESH,3181,AMETHI,1060217,193.517969606061,25,34,1263.350523335,5280,24,14722,842339,255421,57396,4119,836,143.53446,3036.962313335,32848,37736,109244,183106,19,221239,338012,20002,1630.07733,287706,76,50.04,41.77,115.46,NA
2018-2019,April,31,UTTAR PRADESH,3109,BIJNOR,48808,164.427674394956,9,10,266.137636518,1186,675,5767,39336,14930,108927,163,586,35.91556,366.732466518,4366,5115,145000,244410,0,205784,324791,6953,64.67927,12262,50,51.28,41.49,143.17,NA
2018-2019,April,31,UTTAR PRADESH,3122,ETAH,129568,113.005910283644,15,11,150.77100995,405,265,6554,80030,24356,33616,91,12,27.06889,268.27852995,5263,5570,67150,108371,0,147365,217483,6959,90.43863,23129,80,71.01,25.35,163.78,NA
2018-2019,April,31,UTTAR PRADESH,3127,SHAHJAHANPUR,375191,137.435720026558,14,21,446.73008567,684,465,16893,85851,26072,86447,0,80,42.46369,607.18371567,6121,6934,153791,256915,0,304484,454036,17577,117.98994,29758,77,38.6,10.48,229.15,NA
2018-2019,April,31,UTTAR PRADESH,3133,RAE BARELI,203959,101.784872011435,12,37,1437.458945654,2272,232,22692,246272,74313,115718,607,827,93.132,1781.258585654,19948,22356,177244,326083,0,308580,513702,24964,250.66764,94521,65,22.95,7.25,100.32,NA
2018-2019,April,31,UTTAR PRADESH,3134,FARRUKHABAD,21322,270.387938285815,11,7,216.452109358,486,185,6882,45176,8329,15123,18,65,45.41615,384.018714358,3970,4465,62175,87063,0,147232,189548,7368,122.150455,16221,72,72.57,29.43,119.97,NA
2018-2019,April,31,UTTAR PRADESH,3137,KANPUR NAGAR,31972,113.139163669699,12,19,57.243138493,465,202,8208,42543,16103,49401,725,2376,9.7148,115.090732893,3402,3837,61689,115493,0,198324,306001,8673,48.1327944,18002,74,84.23,18.39,117.89,NA
2018-2019,April,31,UTTAR PRADESH,3138,JALAUN,183331,128.119488369037,16,62,675.307346815,650,114,15656,197877,77569,107618,416,416,162.78181,1091.608156815,12316,17076,128529,289316,0,205960,434992,16306,253.519,71746,56,75.86,61.55,136.37,NA
2018-2019,April,31,UTTAR PRADESH,3144,PRATAPGARH,213399,99.9330882715137,15,21,2085.142419166,1127,464,35529,324816,175521,125430,306,420,78.81521,2488.556289166,21549,23191,186079,259571,0,358183,496581,36656,324.59866,150235,82,45.01,39,112.28,NA
2018-2019,April,31,UTTAR PRADESH,3146,BAHRAICH,524347,196.52222585643,15,34,735.334876918001,2832,202,42569,325304,62854,76317,774,2815,91.73,1466.359538518,21531,25126,210540,347968,0,426040,622738,45401,639.2946616,125945,83,60.08,37.67,112.73,NA
2018-2019,April,31,UTTAR PRADESH,3149,AYODHYA,310129,186.273707832101,13,18,464.153836646,1755,178,17576,135915,55232,87171,455,363,35.584,752.911746646,10227,11640,126675,209931,0,224970,343985,19331,253.17391,56197,69,56.72,32.18,145.8,NA
2018-2019,April,31,UTTAR PRADESH,3152,MAHARAJGANJ,361371,192.243579576134,16,95,1642.860843239,3421,141,10469,355584,105772,103486,1514,2777,89.86151,2416.309763239,21378,26477,208513,385047,0,320406,548620,13890,683.58741,130963,79,63.81,16.64,108.39,NA
2018-2019,April,31,UTTAR PRADESH,3155,DEORIA,251619,232.491306555342,14,7,580.91119543,1348,304,10045,177260,55040,49602,4021,4629,50.56953,1043.59481543,12043,12464,126805,159977,0,234477,286697,11393,412.11409,63987,53,68.25,51.7,108.51,NA
2018-2019,April,31,UTTAR PRADESH,3156,MAU,572005,132.78366729729,16,63,1201.337956956,928,135,14817,300232,90072,63637,1992,1186,36.622,1636.619016956,18509,20091,149013,206777,0,232523,309959,15745,398.65906,126554,66,34.01,29.62,124.39,NA
2018-2019,April,31,UTTAR PRADESH,3163,SONBHADRA,182478,156.081802972245,14,40,742.140047017,449,102,25219,203819,74910,122968,55975,120617,72.58023,1132.844647017,14126,18740,151982,375932,0,338004,751487,25668,318.12437,92038,86,57.61,29.57,102.84,NA
2018-2019,April,31,UTTAR PRADESH,3114,MUZAFFARNAGAR,34791,151.630789424339,9,3,99.714475732,121,259,1143,10666,2545,11522,21,85,7.05716,122.944575732,1150,1202,29125,37278,0,76569,96128,1264,16.17294,2598,6,26.09,24.78,153.01,NA
2018-2019,April,31,UTTAR PRADESH,3125,BAREILLY,58827,295.030743473494,12,15,191.576989972,788,579,5738,67494,17175,61544,12,44,49.87351,440.578549972,5433,6114,134894,221588,0,260895,389334,6526,199.12805,14257,51,64.09,51.65,190.4,NA
2018-2019,April,31,UTTAR PRADESH,3128,KHERI,300865,42.1537908001097,14,47,51.947801396,611,764,43992,309895,124284,168165,2333,6842,7.824,190.404291396,20956,26826,254271,425231,0,511826,747124,44603,130.63249,115828,89,82.87,18.71,116.83,NA
2018-2019,April,31,UTTAR PRADESH,3136,KANPUR DEHAT,44045,148.202425501558,13,27,135.175144338,580,180,14669,79901,32690,55080,563,843,22.95179,276.542154338,5846,6633,70461,127449,0,211885,327333,15249,118.41522,30681,82,68.48,20.8,116.4,NA
2018-2019,April,31,UTTAR PRADESH,3141,HAMIRPUR,34928,81.2113605699698,14,11,658.418814813001,604,55,10149,103023,31635,51955,54,74,64.03721,806.122404813001,7213,9930,86874,177005,0,160815,312210,10753,83.66638,40823,61,74.77,54.69,193.06,NA
2018-2019,April,31,UTTAR PRADESH,3147,GONDA,552051,153.961280026877,14,31,1430.340586351,611,516,28578,392898,85645,51366,1067,491,13.868,2049.119376351,26477,27900,170057,213957,0,308677,374178,29189,604.91079,134757,71,66.07,56.91,246.53,NA
2018-2019,April,31,UTTAR PRADESH,3151,SIDDHARTH NAGAR,425670,134.165748942251,12,11,1319.553114834,1312,432,11437,429686,101999,77397,310,300,35.047,1931.091554834,33568,37030,241330,329570,0,356170,467555,12749,576.49144,200659,50,47.52,34.09,108.12,NA
2018-2019,April,31,UTTAR PRADESH,3154,GORAKHPUR,377662,133.533492381038,11,23,195.313504053,1262,504,18672,254431,77805,70144,637,718,55.71553,590.779634053,21625,23760,161923,234622,0,368322,489424,19934,339.7506,100099,81,67.55,46.62,125.12,NA
2018-2019,April,31,UTTAR PRADESH,3158,JAUNPUR,173165,253.930277657955,15,19,1574.591711692,4802,441,21873,271233,107296,97574,907,1511,122.4436,2385.778021692,17598,18334,171885,224383,0,380382,472682,26675,688.74271,118788,75,83.97,61.17,119.33,NA
2018-2019,April,31,UTTAR PRADESH,3168,KANNAUJ,132684,200.157173628665,14,22,530.792226862,902,83,12407,101671,32881,55058,0,54,32.344,766.638026862,7172,7781,81973,127760,0,145309,206384,13309,203.5018,27405,75,60.2,26.34,134.04,NA
2018-2019,April,31,UTTAR PRADESH,3173,SANT RAVIDAS NAGAR,83523,107.672079314041,17,4,138.633769075,290,201,12455,111960,49474,45183,737,372,0,259.183429075,6523,8571,49790,102244,0,129484,233485,12745,120.54966,48625,83,84.84,19.03,127.05,NA
2018-2019,April,31,UTTAR PRADESH,3174,SANT KABEER NAGAR,513896,194.237992180955,18,10,597.28478511,1579,171,15648,200536,86818,93758,437,520,69.76897,1056.57085511,10893,12670,142596,247324,0,265998,424050,17227,389.5171,87465,80,72.53,33.51,101.28,NA
2018-2019,April,31,UTTAR PRADESH,3178,AMBEDKAR NAGAR,287745,121.607589921469,16,9,622.33049445,952,150,17099,267539,118364,99950,399,496,61.11549,1008.79371445,16131,18344,113977,206780,0,243150,389738,18051,325.34773,123722,78,64.46,42.1,100.27,NA
2018-2019,April,31,UTTAR PRADESH,3179,MAHOBA,66048,51.8598608356583,16,1,24.786171916,100,205,6937,29749,11885,42656,70,190,15.0994,55.313361916,1857,2516,50435,143758,0,98944,261166,7037,15.42779,11779,78,65.03,18.96,132.56,NA
2018-2019,April,31,UTTAR PRADESH,3184,SAMBHAL,192255,109.541267263807,11,30,130.49417369,506,382,4159,114546,36334,43570,28,13,17.52104,273.49035369,10093,11553,87292,132561,0,153589,215549,4665,125.47514,28351,61,74.15,59.76,126.4,NA
2018-2019,Oct,31,UTTAR PRADESH,3109,BIJNOR,1035577,161.929392578499,15,178,503.804755486,4301,9,5743,971286,398622,108616,1990,578,109.5701,2186.172375486,63338,76688,145988,243832,27,207785,325494,10044,1572.79752,260994,39,58.16,77.05,117.79,NA
2018-2019,Oct,31,UTTAR PRADESH,3110,MORADABAD,1337759,170.948673984093,29,132,370.108847788,5028,66,5239,1323325,314291,35798,232,17,104.64148,2736.956867788,44238,54347,92485,148480,170,157979,234040,10267,2262.20654,412925,69,88.23,77.51,107.44,NA
2018-2019,Oct,31,UTTAR PRADESH,3114,MUZAFFARNAGAR,357045,167.052928505938,26,11,145.312379632,1061,2,1328,227949,72479,11878,555,86,21.40675,547.514609632,8631,9092,30448,38223,31,78852,98074,2389,380.79548,50275,3,39.11,66.08,110.95,NA
2018-2019,Oct,31,UTTAR PRADESH,3121,FIROZABAD,1119404,168.115219795108,36,48,247.499672781,3818,6,2895,1140403,548916,38994,1736,107,104.60927,2269.299952781,31665,35933,67404,90847,154,137438,177594,6713,1917.19101,344878,57,82.4,81.05,110.37,NA
2018-2019,Oct,31,UTTAR PRADESH,3122,ETAH,1249904,168.398353642686,34,48,367.38910605,2706,5,6943,927077,265170,33641,216,12,75.44498,2004.01649105,26703,30027,68370,109691,154,149400,219710,9649,1561.182405,239329,71,73.84,64.41,131.73,NA
2018-2019,Oct,31,UTTAR PRADESH,3123,MAINPURI,1093250,168.380270285168,33,88,379.814557069,3874,11,6627,1288047,412879,42496,1549,146,109.38601,2658.017587069,38421,46356,85983,130460,233,156249,222019,10501,2168.81702,376760,73,64.35,56.24,106.12,NA
2018-2019,Oct,31,UTTAR PRADESH,3126,PILIBHIT,1336139,178.126902114125,25,152,1949.190318935,9419,1,6438,1354414,263003,50448,2121,504,176.14204,4537.908058935,53930,64336,130941,224035,143,277508,410156,15857,2412.5757,305176,69,50.47,45.39,103.28,NA
2018-2019,Oct,31,UTTAR PRADESH,3131,UNNAO,2398042,161.968264240757,33,122,644.184365734,16100,1,16258,2200357,771742,86641,3967,536,166.06048,4374.124885734,66493,75089,150459,223629,149,365875,482134,32358,3563.88004,623140,83,69.01,46.15,105.55,NA
2018-2019,Oct,31,UTTAR PRADESH,3132,LUCKNOW,789800,178.437080395183,28,36,542.303777785,5030,43,5077,704383,462674,85608,1492,325,78.17135,1877.355587785,24490,28665,69486,125100,64,190399,293931,10107,1256.88046,223092,78,65.01,63.27,117.09,NA
2018-2019,Oct,31,UTTAR PRADESH,3135,ETAWAH,809708,180.696911707667,29,31,345.741395967,3703,5,9408,778618,334901,42889,2242,148,83.59779,1836.277865967,26070,28261,62743,93786,51,143095,194763,13111,1406.93868,217493,72,50.11,60.41,124.27,NA
2018-2019,Oct,31,UTTAR PRADESH,3137,KANPUR NAGAR,642299,157.963345266833,25,60,178.783636941,3712,2,6648,451949,169329,49401,8087,2384,46.44236,939.139756241,18030,20828,62454,116438,18,199941,307976,10360,713.9137593,127095,72,72.07,60.06,112.63,NA
2018-2019,Oct,31,UTTAR PRADESH,3143,FATEHPUR,2312097,162.052910871811,33,66,1276.535580901,10655,4,21858,1692809,734544,98326,85,32,156.046,4175.827840901,50048,56390,140513,211201,90,266694,370970,32513,2743.24626,772415,87,67.97,43.55,113.51,NA
2018-2019,Oct,31,UTTAR PRADESH,3147,GONDA,3811040,183.13527089532,36,125,3782.04190507401,10978,161,29564,3459399,758765,51981,8925,472,326.42548,10443.847115074,95072,102426,178690,223606,376,319014,385562,40542,6335.37973,1206898,72,55.76,58.35,120.39,NA
2018-2019,Oct,31,UTTAR PRADESH,3155,DEORIA,2339678,187.8713179599,34,51,1053.795390513,4766,3,9705,2115641,647025,49725,63365,4650,202.96302,5231.441040513,61594,64730,127723,160977,125,236968,289448,14471,3974.68263,748264,50,72.83,69.36,101.1,NA
2018-2019,March,31,UTTAR PRADESH,3115,MEERUT,342810,176.157501848613,38,21,126.571986375,1541,8,275,340796,170404,12633,224,8,19.4824,746.392106375,8879,10681,19318,25777,133,53687,66197,1816,600.33772,113308,44,61.23,78.13,129.74,NA
2018-2019,March,31,UTTAR PRADESH,3125,BAREILLY,2071182,182.924804636808,29,188,1130.963894936,6955,1,6254,2022771,509159,61028,380,44,445.95754,5277.071334936,68552,79620,135326,221144,372,262359,389934,13209,3700.1499,319913,39,66.28,68.45,121.07,NA
2018-2019,March,31,UTTAR PRADESH,3127,SHAHJAHANPUR,2501100,178.00925133796,31,210,2005.26183987,17242,1,9753,2418982,747326,86538,715,81,446.7293,6758.00288807,75950,89850,156786,259886,546,311337,461444,26995,4306.0117482,505331,72,54.48,39.31,117.12,NA
2018-2019,March,31,UTTAR PRADESH,3132,LUCKNOW,1191344,180.945806985108,40,57,1169.329169578,8820,36,1863,1405218,902303,85672,3146,325,226.14598,3938.158199578,34987,42051,69783,125372,573,190952,294485,10683,2542.68305,411780,77,64.47,59.81,111.01,NA
2018-2019,March,31,UTTAR PRADESH,3136,KANPUR DEHAT,1419009,178.295300791229,35,163,569.436487804,10453,1,7487,1175134,444582,54819,6385,840,214.38976,2879.034947804,32929,38800,71208,127700,124,216797,332253,17940,2095.2087,379301,80,68.26,48.86,118.32,NA
2018-2019,March,31,UTTAR PRADESH,3141,HAMIRPUR,2496222,172.160917780816,48,65,2331.514052751,8232,5,9077,2462941,606207,52085,1351,74,294.04178,6865.777662751,50572,76132,88621,179075,1514,163530,315265,17309,4240.22183,949483,59,58.19,64.59,110.34,NA
2018-2019,March,31,UTTAR PRADESH,3142,BANDA,3203229,173.841862571534,44,29,2463.480481658,14847,0,15054,2647501,710034,84725,1565,173,392.29497,7458.240501658,59449,86308,122346,273971,1851,212412,447695,29901,4602.46505,1177504,81,70.33,52.44,101.37,NA
2018-2019,March,31,UTTAR PRADESH,3148,BARABANKI,3547769,181.171666553355,42,85,3930.873619697,20659,0,10710,4015491,1624740,136059,2319,160,640.881,11846.686584697,94599,114599,196344,324090,1631,448619,647509,31369,7274.931965,1099979,65,57.01,55.72,101.21,NA
2018-2019,March,31,UTTAR PRADESH,3151,SIDDHARTH NAGAR,7094478,176.039303075742,43,116,8763.734793226,10781,4,9998,7829947,1686996,77473,8401,297,865.68523,23413.204153226,181133,205617,244530,332505,943,367785,479392,20779,13783.78413,3780611,42,49.83,54.9,116.44,NA
2018-2019,March,31,UTTAR PRADESH,3159,BALLIA,3657777,180.391823990599,44,111,3112.834735027,20693,2,12243,4067510,635219,36150,100621,4769,620.64533,11070.935545027,92115,103325,152935,220766,845,298758,403889,32936,7337.45548,1558465,70,61.9,52.39,126.8,NA
2018-2019,March,31,UTTAR PRADESH,3167,AMROHA,2184884,184.0363311266,38,112,1660.012229009,7239,7,2768,2419413,672471,53187,523,33,340.75969,6453.370839009,63571,82001,104706,179114,1386,151738,246379,10007,4452.59892,549445,7,64.62,66.29,114.55,NA
2018-2019,March,31,UTTAR PRADESH,3168,KANNAUJ,1640699,182.394773433377,32,128,1223.681857029,8315,2,11260,1385001,505275,55037,608,54,221.13537,3970.986663029,42419,48671,83546,129657,201,150049,212142,19575,2526.169436,301075,70,60.23,48.35,118.12,NA
2018-2019,March,31,UTTAR PRADESH,3170,KAUSHAMBI,1305868,173.798274085639,41,97,766.900455802,12928,0,9428,1470015,791791,88443,556,71,231.42159,3553.182744602,35854,45325,77339,146155,409,209025,339697,22356,2554.8606988,669593,88,75.32,43.85,113.27,NA
2018-2019,March,31,UTTAR PRADESH,3173,SANT RAVIDAS NAGAR,1013365,177.648817980691,40,24,452.510978908,9062,2,5849,1045922,421091,44416,5369,363,167.582,2478.161048908,25957,34201,49930,101202,197,133539,237491,14911,1858.06807,439491,80,85.92,45.11,111.93,NA
2018-2019,March,31,UTTAR PRADESH,3175,BALRAMPUR,2691073,183.115686666849,48,77,1307.768638959,9371,0,3652,3218504,624419,32153,42660,2775,446.78302,7648.137358959,66056,76019,109666,161495,2349,183780,254146,13023,5893.5857,934668,52,61.33,72.66,116.78,NA
2018-2019,March,31,UTTAR PRADESH,3178,AMBEDKAR NAGAR,2397873,175.888314181338,40,47,2377.269281935,16701,1,5985,2633320,1051120,99573,5544,492,439.14447,7448.115906935,64700,76810,115735,208266,681,248698,395732,22686,4631.702155,1096100,73,63.39,53.22,103.29,NA
2018-2019,March,31,UTTAR PRADESH,3181,AMETHI,3030349,184.820860721501,45,77,3141.599358019,13467,3,20220,3194506,952061,57828,15386,811,483.96471,9529.677553019,69869,83279,111011,185403,1375,228995,349018,33687,5904.113485,1069240,74,50.32,42.98,109.64,NA
2018-2019,March,31,UTTAR PRADESH,3183,SHAMLI,422257,170.829172916095,42,5,122.953537,511,0,878,426039,42719,2560,238,13,43.005766,893.758203,10077,11073,17867,21591,102,36621,43353,1389,727.7989,104076,5,59.98,75.28,126.76,NA
2018-2019,July,31,UTTAR PRADESH,3112,SAHARANPUR,198198,171.425073083154,14,57,328.879325375,1415,60,2948,382099,166336,61070,535,205,50.85825,1034.751065375,25766,29656,79396,123250,28,117582,172799,4363,655.01349,122750,14,73.51,86.52,106.82,NA
2018-2019,July,31,UTTAR PRADESH,3118,ALIGARH,502289,164.098398021812,22,85,1171.085121062,1876,19,3846,915181,294342,46234,1005,163,76.96139,2749.843871062,40657,45095,104612,150037,34,192967,261969,5722,1501.79736,208966,24,77.52,78.75,100.72,NA
2018-2019,July,31,UTTAR PRADESH,3119,MATHURA,257802,143.699464738444,29,26,198.0362727,310,112,3829,645292,239321,40257,1002,247,41.70067,1167.0180927,21908,30497,57562,100779,41,129384,215413,4139,927.28115,226459,20,90.44,93.28,125.97,NA
2018-2019,July,31,UTTAR PRADESH,3123,MAINPURI,511719,146.610189092246,29,79,178.702216367,2326,14,5963,935628,312563,42286,1207,146,69.30744,1619.735636367,32163,38444,85201,129472,115,154719,220110,8289,1371.72598,275141,73,74.35,63.93,105.95,NA
2018-2019,July,31,UTTAR PRADESH,3133,RAE BARELI,807599,162.191813220623,24,118,2446.152733451,11043,0,17146,1485346,510296,115789,3357,825,199.95712,5055.219463451,61064,71562,178153,327171,58,310584,516157,28189,2409.10961,599011,63,43.86,34.27,100.41,NA
2018-2019,July,31,UTTAR PRADESH,3138,JALAUN,1221178,163.07495539891,34,231,1192.19339105,5305,0,12808,2112056,756516,106919,2627,427,226.65893,4863.08670105,61904,89588,130017,289369,94,208835,437062,18113,3444.23438,762062,53,90.63,88.12,107.97,NA
2018-2019,July,31,UTTAR PRADESH,3140,LALITPUR,1287543,162.940861081489,34,89,1292.06505761,2299,0,8564,1749846,425976,60594,144851,18637,76.27346,4219.55265761,50544,71969,116789,233916,888,173572,328899,10863,2851.21414,654363,58,85.59,82.91,100.64,NA
2018-2019,July,31,UTTAR PRADESH,3147,GONDA,2057643,174.035398915597,33,116,2302.34554545,5011,166,26603,2827177,644129,51715,7118,467,231.1615,7453.79581545,84010,90170,175566,220065,83,315336,381436,31614,4920.28877,948888,68,61.59,62.87,120.63,NA
2018-2019,July,31,UTTAR PRADESH,3148,BARABANKI,709554,198.044208924603,23,41,1121.931862095,9081,16,12465,1113282,484312,135978,785,157,109.234,3435.956392095,46696,54727,195975,323813,85,446986,645730,21546,2204.79053,318276,70,67.54,58.64,102.27,NA
2018-2019,July,31,UTTAR PRADESH,3164,GAUTAM BUDDHA NAGAR,1070,143.905472636816,19,0,0,34,136,94,1407,315,524,0,14,0,2.02475,73,92,1171,1659,1,15891,18347,128,2.02475,364,41,53.38,53.38,175.88,NA
2018-2019,July,31,UTTAR PRADESH,3172,KUSHI NAGAR,1536232,191.610377795222,31,219,1205.795623745,6811,3,21821,2980980,938139,100336,4549,418,249.38139,7167.044053745,94283,111844,187525,301917,162,398511,574797,28632,5711.86704,1035042,56,90.25,85.69,122.31,NA
2018-2019,July,31,UTTAR PRADESH,3182,HAPUR,20371,167.034732900983,24,5,2.2400661,69,173,116,59828,28424,3333,23,6,3.2802,105.4538061,2405,2610,7468,8620,0,11482,13245,185,99.93354,18114,0,80.22,94.44,109.59,NA
2018-2019,July,31,UTTAR PRADESH,3183,SHAMLI,104863,153.180885575254,26,2,61.8021746,114,10,798,140564,12326,2565,27,16,16.009416,293.1287706,5368,5872,17383,21436,8,35729,42772,912,215.31718,35757,8,74.51,86.13,121.86,NA
2018-2019,Oct,31,UTTAR PRADESH,3168,KANNAUJ,1092865,180.043302486688,24,94,745.230489142,4522,4,11658,793063,303393,55111,410,54,95.03974,2268.127045142,32161,36034,83059,129079,12,148149,209692,16180,1427.856816,166963,70,62.28,52.91,119.81,NA
2018-2019,Oct,31,UTTAR PRADESH,3170,KAUSHAMBI,1070348,163.755833372281,36,82,276.796022553,8467,1,11718,984230,522559,88701,395,71,92.81861,1981.348671353,26748,33735,77295,146465,107,207728,338278,20185,1611.7340388,452432,90,80.08,29.79,111.59,NA
2018-2019,Oct,31,UTTAR PRADESH,3172,KUSHI NAGAR,3128757,191.219391622673,32,225,1379.397370026,10181,3,21076,3243875,1013147,100141,4820,419,392.04709,7974.362500026,98369,117677,187616,301578,254,398961,574530,31257,6202.91804,1146895,57,83.3,74.16,121.54,NA
2018-2019,Oct,31,UTTAR PRADESH,3173,SANT RAVIDAS NAGAR,606823,174.204801857422,32,10,372.447812367,5414,4,8863,663285,279117,44657,4340,368,69.82,1597.742132367,20237,26622,49793,101402,50,131417,235078,14277,1155.47432,280369,80,86.15,36.07,116.27,NA
2018-2019,Oct,31,UTTAR PRADESH,3176,SHRAVASTI,1020521,166.004977626507,29,73,353.677213422,4252,0,4364,735692,260829,49956,3683,1342,61.01658,1635.979133422,25102,30808,71966,136514,51,125911,213540,8616,1221.28534,253354,68,82.59,66.58,119.84,NA
2018-2019,Oct,31,UTTAR PRADESH,3182,HAPUR,49109,168.07032711917,28,8,4.644519515,159,82,139,99933,48190,3473,37,6,3.82353,176.425769515,3511,3843,7724,8883,1,11943,13725,298,167.95772,31483,0,62.4,78.71,106.07,NA
2018-2019,Oct,31,UTTAR PRADESH,3183,SHAMLI,272880,154.419636429086,33,2,70.6850846,220,2,868,222240,20338,2544,55,13,17.471866,431.3391506,6725,7389,17460,21243,41,35908,42683,1088,343.1822,55170,6,64.82,81.95,133.21,NA
2018-2019,Oct,31,UTTAR PRADESH,3184,SAMBHAL,1506287,168.711308367646,31,135,385.132812155,3101,117,4589,1407158,424173,43468,196,13,134.48682,2893.654304755,44653,52328,89946,132193,378,157259,216116,7690,2374.0346726,325662,47,68.59,67.95,119.99,NA
2018-2019,Sep,31,UTTAR PRADESH,3110,MORADABAD,1207460,174.036442278075,28,131,367.644847788,4558,67,5376,1223963,294259,35782,225,17,89.37508,2587.161587788,43161,52881,92340,148286,113,157764,233753,9934,2130.14166,380531,70,90.85,80.56,107.7,NA
2018-2019,Sep,31,UTTAR PRADESH,3121,FIROZABAD,1025916,173.52062561135,33,37,242.571672781,3420,7,3016,973256,470894,38879,1619,107,70.59527,2001.966842781,29123,32777,67200,90582,79,137092,177183,6436,1688.7999,290975,58,82.37,82.63,112.03,NA
2018-2019,Sep,31,UTTAR PRADESH,3123,MAINPURI,948049,170.858127797857,31,84,375.222557069,3296,11,6652,1171209,379520,42424,1434,146,84.16644,2460.494767069,36751,44207,85812,130239,191,155911,221586,9948,2001.10577,342566,74,67.19,59.19,106.01,NA
2018-2019,Sep,31,UTTAR PRADESH,3132,LUCKNOW,777678,182.125487257336,26,33,540.063777785,4349,48,5588,621848,414681,85597,1358,325,55.146,1727.753477785,23077,26909,69445,125053,33,190307,293822,9937,1132.5437,197322,78,64.78,64.14,119.16,NA
2018-2019,Sep,31,UTTAR PRADESH,3140,LALITPUR,2311304,169.077244668511,35,94,1753.65697873999,3283,0,8648,1962116,475156,60633,163048,18646,98.21582,5169.36446873999,54592,77968,117010,234162,1264,173861,329240,11931,3317.49167,727737,60,80.43,81.14,100.61,NA
2018-2019,Sep,31,UTTAR PRADESH,3141,HAMIRPUR,846906,170.182741582169,31,38,972.406567199,3863,6,9476,905251,250679,52072,584,74,125.90612,2638.893657199,28812,42136,87811,178141,112,161798,313209,13339,1540.58097,353690,60,68.26,66.52,124.22,NA
2018-2019,Sep,31,UTTAR PRADESH,3148,BARABANKI,1343216,198.562022216618,24,46,1449.935458285,11223,3,15036,1312441,551862,135990,1029,157,154.764,4210.708848285,53892,63547,196032,323862,125,447361,646170,26259,2606.00939,383109,70,60.23,54.3,102.52,NA
2018-2019,Sep,31,UTTAR PRADESH,3153,BASTI,4320535,179.642430237235,36,125,3204.016422471,10516,18,23384,4256712,1118445,96882,2370,146,310.02285,11160.900157471,117545,141556,231196,358644,762,358378,528609,33900,7646.860885,1880219,58,76.7,72.58,134.53,NA
2018-2019,Sep,31,UTTAR PRADESH,3158,JAUNPUR,2782009,193.809963286345,33,87,2511.205664938,13823,32,19967,2411092,952799,98314,9890,1509,244.11743,7428.259614938,72094,76999,175012,227666,154,393171,486187,33790,4672.93652,1054942,73,87.38,70.54,106.84,NA
2018-2019,Sep,31,UTTAR PRADESH,3162,MIRZAPUR,1658222,168.591698092601,31,79,1123.476426748,8301,2,25371,1556570,755559,118108,16060,2684,121.84849,3869.572711748,49865,67188,125116,237432,74,296162,499335,33672,2624.247795,705233,84,65.63,42.63,125.94,NA
2018-2019,Sep,31,UTTAR PRADESH,3164,GAUTAM BUDDHA NAGAR,4396,131.400770322319,14,0,0,66,102,141,4933,1215,548,56,14,0,6.482,337,384,1264,1761,1,15998,18464,207,6.482,945,25,20.79,82.65,127.66,NA
2018-2019,Sep,31,UTTAR PRADESH,3166,HATHRAS,337327,166.312824436404,22,27,143.779117387,936,5,1334,376422,109484,17731,292,44,31.90954,801.726717387,16574,18443,38191,59963,20,73450,106706,2270,626.03806,43877,17,65.16,88.99,104.51,NA
2018-2019,Sep,31,UTTAR PRADESH,3168,KANNAUJ,923865,189.930929810331,22,80,744.590489142,3916,6,11565,657091,251870,55094,353,54,77.34454,2069.954075142,28905,32216,82884,128864,2,147927,209417,15481,1248.019046,139788,71,64.87,55.09,121.4,NA
2018-2019,Sep,31,UTTAR PRADESH,3174,SANT KABEER NAGAR,2444050,181.59545700533,34,103,1974.417917724,7294,8,14433,2452083,894210,93527,4706,515,220.16865,6647.457897724,71510,85200,143114,247000,193,268324,425767,21727,4452.87133,1080787,70,67.68,66.82,102.5,NA
2018-2019,Sep,31,UTTAR PRADESH,3179,MAHOBA,603599,159.270481653047,29,11,155.062916814,1484,1,6910,370661,107012,42715,610,190,31.402,776.818476814,12528,18966,50816,144365,19,99694,262384,8394,590.35356,142974,79,82.66,70.23,134.07,NA
2018-2019,Sep,31,UTTAR PRADESH,3180,KASHGANJ,852715,171.94485275692,25,83,402.095713465,1843,1,1935,678402,142262,24859,755,71,59.94725,1628.520283465,26431,31498,60974,112417,55,130147,206573,3778,1166.47732,160899,32,59.06,77.21,116,NA
2018-2019,Nov,31,UTTAR PRADESH,3115,MEERUT,292435,165.115470434328,32,18,108.365363535,712,12,1016,238875,118357,12614,165,8,6.8272,509.612143535,7266,8786,19243,25692,52,53366,65841,1728,394.41958,80920,46,58.57,73,127.3,NA
2018-2019,Nov,31,UTTAR PRADESH,3116,GHAZIABAD,769,135.56338028169,14,0,0,2,161,4,142,45,19,0,0,0,0.1925,10,10,67,196,0,17605,25860,6,0.1925,54,0,45.16,70.97,100,NA
2018-2019,Nov,31,UTTAR PRADESH,3122,ETAH,1340116,169.293819721154,37,50,639.7879283,3082,4,6731,1042008,295917,33641,223,12,95.77457,2499.6176433,27999,31596,68537,109873,203,149630,219963,9813,1764.055145,269387,70,71.69,61.78,128.46,NA
2018-2019,Nov,31,UTTAR PRADESH,3131,UNNAO,2598904,166.401452642909,36,125,1071.334128574,18308,1,14530,2510321,861211,86606,4493,536,218.57334,5467.118078574,69577,78786,150537,223701,308,366128,482395,32838,4177.21061,709147,82,67.11,44.42,105.38,NA
2018-2019,Nov,31,UTTAR PRADESH,3143,FATEHPUR,2543159,163.736925871236,36,69,1747.823140801,12644,3,20338,1966632,842180,98376,182,19,205.919,5173.844920801,53313,60216,140649,211355,150,267035,371370,32982,3220.10278,900617,87,66.65,41.25,112.4,NA
2018-2019,Nov,31,UTTAR PRADESH,3153,BASTI,4869040,170.994469130271,39,135,5105.027258319,12791,10,23536,5044505,1315437,96936,2783,146,417.75072,14148.602523319,126249,152792,231720,359221,1187,359361,529718,36327,8625.824545,2220494,57,63.88,59.23,128.18,NA
2018-2019,Nov,31,UTTAR PRADESH,3155,DEORIA,2601531,180.899901306306,36,54,1949.394844119,5248,3,9677,2327403,710829,49724,68692,4649,230.81502,6390.479594119,64003,67322,127865,161116,181,237340,289827,14925,4210.26973,823034,49,68.01,64.16,101.01,NA
2018-2019,Nov,31,UTTAR PRADESH,3156,MAU,4707859,170.334116769914,42,315,4811.248960021,10627,1,11266,3591867,1011931,63987,24484,1274,343.502,11272.925890021,84134,94292,152112,210064,1109,237961,316003,21893,6118.17493,1537819,58,56.88,50.34,105.04,NA
2018-2019,Nov,31,UTTAR PRADESH,3157,AZAMGARH,5719975,177.1283800411,32,116,5019.670886573,14536,26,20561,4307492,1690950,120707,4342,374,444.63293,13094.094616573,130887,140927,234820,299534,103,482540,584672,35097,7629.7908,1744563,68,54.95,54.92,128.27,NA
2018-2019,Nov,31,UTTAR PRADESH,3159,BALLIA,2832027,173.33139841851,37,100,1954.079543697,7932,2,20565,2926227,470261,36219,74284,4784,295.12538,7321.275103697,78124,87371,152338,220442,276,295234,400339,28497,5072.07018,1118024,71,69.42,61.33,134.03,NA
2018-2019,Nov,31,UTTAR PRADESH,3166,HATHRAS,402535,167.589662138722,25,27,242.470873387,1230,5,1167,441039,128090,17672,326,44,43.97596,1025.582603387,17545,19681,38145,59685,57,73355,106343,2397,739.13577,53384,16,64.62,88.21,104.19,NA
2018-2019,Nov,31,UTTAR PRADESH,3168,KANNAUJ,1155345,180.246812649867,26,101,1011.235373084,4902,4,12193,928326,354281,55126,449,54,121.88526,2806.398659084,34433,38914,83237,129292,52,148465,210097,17095,1673.278026,197088,70,59.41,51.77,116.84,NA
2018-2019,Nov,31,UTTAR PRADESH,3174,SANT KABEER NAGAR,2905689,170.75880455253,37,114,3114.005247381,8617,7,14838,2963978,1078030,93496,5248,515,285.63396,8460.892607381,78348,94040,143622,247560,479,269182,426721,23455,5061.2534,1307390,68,63.58,61.81,103.09,NA
2018-2019,Nov,31,UTTAR PRADESH,3175,BALRAMPUR,1825833,169.697044571368,36,67,855.003527126,5236,0,6120,1958836,380779,32119,29082,2776,171.95514,4351.045467126,53427,61025,109246,161144,495,182614,252953,11356,3324.0868,581331,57,58.48,70.77,120.26,NA
2018-2019,Nov,31,UTTAR PRADESH,3179,MAHOBA,639012,166.000147828844,32,14,191.455333225,3248,1,5342,466756,127323,42701,734,192,40.57465,1006.845633225,14188,21675,50912,144477,43,99886,262656,8590,774.81565,178866,78,79.11,63.8,128,NA
2018-2019,Nov,31,UTTAR PRADESH,3180,KASHGANJ,980337,167.764512414591,31,90,802.67620619,2364,1,2074,945742,197153,24868,856,71,81.51229,2470.80795119,30148,36215,61064,112493,187,130241,206655,4438,1586.619455,225489,29,60.27,76.02,112.14,NA
2018-2019,June,31,UTTAR PRADESH,3122,ETAH,425875,146.461869903632,22,29,217.93856145,1265,43,6259,388512,119681,33613,140,12,43.83918,830.79968145,17112,19003,67426,108653,2,148117,218291,7524,569.02194,101652,75,85.21,59.72,146.27,NA
2018-2019,June,31,UTTAR PRADESH,3124,BUDAUN,345956,170.062084589163,19,124,423.278622663,2205,73,11263,607832,124832,43313,483,80,110.25783,1567.228222663,31004,33772,125781,179373,3,250299,335753,13468,1033.69177,134614,68,70.85,58.01,113.16,NA
2018-2019,June,31,UTTAR PRADESH,3125,BAREILLY,224149,146.110593126474,16,85,324.899925855,2038,220,5484,505592,137599,61506,60,44,90.31749,1153.940885855,30842,34601,135105,221748,9,261546,390052,7522,738.72347,79289,45,75.81,73.14,142.98,NA
2018-2019,June,31,UTTAR PRADESH,3132,LUCKNOW,357403,160.11546906242,21,24,321.08361371,1896,64,6148,367094,250038,85615,1020,324,24.744,933.60189371,17098,19701,69301,124917,0,189972,293428,8044,587.77428,122560,79,83.29,57.16,131.25,NA
2018-2019,June,31,UTTAR PRADESH,3133,RAE BARELI,557928,148.244514433038,21,107,2422.005961351,8706,0,18324,1205117,420488,115774,2728,825,197.97312,4406.498926351,56305,65485,177946,326959,12,310234,515776,27030,1786.519845,494253,63,43.32,32.88,100.39,NA
2018-2019,June,31,UTTAR PRADESH,3147,GONDA,1756525,157.37205358649,28,112,2120.627698465,3998,193,26968,2122326,479926,51681,4895,488,179.088,5639.663708465,75213,80314,173673,217840,16,312929,378662,30966,3339.94801,703267,68,72.07,69.16,122.36,NA
2018-2019,June,31,UTTAR PRADESH,3151,SIDDHARTH NAGAR,2128345,142.639764220926,29,96,2929.386920463,4254,36,11072,4419561,967454,77660,4354,299,210.99787,9444.436180463,150599,169576,244157,332523,58,363021,474848,15326,6304.05139,2132421,43,66.01,70.28,112.02,NA
2018-2019,June,31,UTTAR PRADESH,3153,BASTI,1588496,141.864998520939,32,116,1729.197583428,5356,30,25190,3627301,951089,96918,1918,146,187.50072,7062.568813428,110553,132341,230681,358182,456,357573,527824,30546,5145.87051,1600355,57,92.12,87.63,135.7,NA
2018-2019,June,31,UTTAR PRADESH,3158,JAUNPUR,957015,169.649863455529,27,67,1978.391904801,8741,116,19843,1462161,583485,97968,6133,1509,215.1456,4674.091644801,53887,57157,173651,226252,14,388453,481278,28584,2480.55414,642779,72,89.31,74.3,105.36,NA
2018-2019,June,31,UTTAR PRADESH,3171,CHANDAULI,864553,140.349548032005,27,126,697.609245251,1385,59,13126,918981,312795,77164,5573,1024,86.2092,2073.604125251,33916,47729,95173,208590,30,231905,442273,14511,1289.78568,350207,71,74.48,59.79,110.92,NA
2018-2019,June,31,UTTAR PRADESH,3172,KUSHI NAGAR,1271365,167.944521456274,30,214,1090.86710504,5541,8,22843,2797550,879056,100441,4163,421,226.11928,6015.31834504,92033,108780,187631,302228,142,398340,574850,28384,4698.33196,966625,56,90.63,86.91,123.07,NA
2018-2019,June,31,UTTAR PRADESH,3176,SHRAVASTI,384847,152.570164599134,21,60,283.953230365,3172,8,2556,394109,146852,50299,2637,1345,21.93,907.175980365,17936,21637,71696,136965,5,125299,213343,5728,601.29275,142015,68,85.18,66.37,107.97,NA
2018-2019,June,31,UTTAR PRADESH,3181,AMETHI,757292,197.316075198366,21,30,1178.139216035,3960,31,15534,539533,170934,57382,2759,836,134.79646,2377.521016035,25060,28690,108993,182857,5,220258,336811,19494,1064.58534,184220,77,47.36,35.52,123.88,NA
2018-2019,Feb,31,UTTAR PRADESH,3110,MORADABAD,1833739,169.265355563064,38,144,556.765046735,7824,62,4759,2074639,481053,35781,367,17,124.32273,4192.732856735,54417,67804,92969,148937,712,158837,234946,12583,3511.64508,627238,65,81.69,70.51,107.88,NA
2018-2019,Feb,31,UTTAR PRADESH,3125,BAREILLY,1082972,176.314481030341,28,184,683.157413016,6267,1,6488,1938543,487183,61309,367,44,172.60417,4273.693613016,67247,77896,135739,222082,332,263501,391839,12755,3417.93203,303472,39,68.33,70.67,120.98,NA
2018-2019,Feb,31,UTTAR PRADESH,3132,LUCKNOW,1156176,173.496460390152,38,57,801.119506527,7003,37,3613,1320202,853103,85752,2899,325,96.41335,3188.036596527,34213,40996,69789,125468,459,190920,294569,10616,2290.50374,387265,77,66.79,62.85,111.33,NA
2018-2019,Feb,31,UTTAR PRADESH,3137,KANPUR NAGAR,992017,160.924944590387,34,81,240.98184201,5035,1,6051,895332,332527,49339,16714,2382,63.56357,1745.35793691,25687,30108,62524,116332,121,199924,307712,11086,1440.8125249,230207,70,70.93,62.54,112.88,NA
2018-2019,Feb,31,UTTAR PRADESH,3143,FATEHPUR,3175067,164.103139550324,42,142,1776.918278911,19626,0,16485,3253364,1381256,98515,285,18,205.919,7321.709743911,76600,88352,141188,211913,610,268944,373507,36111,5338.872465,1376891,84,67.63,51.65,114.49,NA
2018-2019,Feb,31,UTTAR PRADESH,3149,AYODHYA,3274977,167.182920581737,45,146,2149.444050439,17113,1,12577,3460879,1334130,88312,6754,375,242.5318,8177.974440439,76305,89724,131292,215455,2291,233314,354094,29690,5785.99859,1364578,64,63.14,59.38,116.57,NA
2018-2019,Feb,31,UTTAR PRADESH,3152,MAHARAJGANJ,4006692,174.768838110389,39,685,3627.836349334,15702,0,12506,5383162,1406776,103255,24830,2703,396.02382,13431.949850334,137006,173845,212916,389875,844,332337,563148,28208,9408.089681,2067640,71,46.48,44.85,112.38,NA
2018-2019,Feb,31,UTTAR PRADESH,3155,DEORIA,3375918,180.136078491434,43,64,1952.082844119,8912,3,7354,3199330,956842,49781,94752,4664,243.78902,7959.019464119,73627,77837,128352,161664,504,238836,291519,16266,5763.1476,1130706,48,66.92,63.15,100.82,NA
2018-2019,Feb,31,UTTAR PRADESH,3158,JAUNPUR,4035596,178.696928858826,45,114,3767.28126545499,25334,15,15013,4379447,1666541,98748,17479,1512,340.48343,11933.701985455,96091,103023,177187,229860,1884,399899,493211,40347,7825.93729,1917637,70,87.46,66.16,107.83,NA
2018-2019,Feb,31,UTTAR PRADESH,3162,MIRZAPUR,2380349,169.777887139726,40,104,2069.491664529,20867,1,16224,2653777,1188109,118073,27050,2690,211.87268,6786.890864529,65232,89230,125927,238267,389,301270,506264,37091,4505.52652,1194960,83,59.14,36.2,116.3,NA
2018-2019,Feb,31,UTTAR PRADESH,3163,SONBHADRA,2341428,172.069128632284,38,179,2107.464005782,21184,7,11915,3154799,1019808,123321,953402,120718,249.569,7785.468155182,82415,118346,153430,377762,830,342987,759182,33099,5428.4351494,1413395,84,74.26,45.16,104.56,NA
2018-2019,Feb,31,UTTAR PRADESH,3164,GAUTAM BUDDHA NAGAR,9991,173.206066945607,22,0,0,113,76,108,9560,2157,548,76,14,0,16.5585,433,489,1270,1769,1,16005,18473,221,16.5585,1451,23,11.49,91.74,112.55,NA
2018-2019,Feb,31,UTTAR PRADESH,3165,BAGHPAT,111576,157.26256723328,37,6,18.107940943,439,4,404,88126,31866,3735,27,11,4.084,160.781150943,2336,2756,7801,11604,28,32124,44540,843,138.58921,24241,5,28.6,82.91,124.4,NA
2018-2019,Feb,31,UTTAR PRADESH,3168,KANNAUJ,1578433,178.630283044038,31,122,1011.235373084,7858,3,11394,1311810,485137,55054,587,54,121.88526,3476.410549084,41204,47104,83623,129759,181,150032,212137,19252,2343.289916,281915,70,61.46,51.04,117.66,NA
2018-2019,Feb,31,UTTAR PRADESH,3178,AMBEDKAR NAGAR,2302067,168.202486058258,39,45,1830.258647979,15807,1,6516,2472790,988189,99794,5168,493,197.94989,6187.502792979,62506,73889,115884,208790,539,248702,396118,22323,4159.294255,1033971,74,62.77,51.65,103.25,NA
2018-2019,Feb,31,UTTAR PRADESH,3181,AMETHI,2844952,173.764292268265,44,70,2018.722564981,11574,3,20570,3001448,902036,57964,14754,811,242.95371,7477.121149981,67460,80068,111179,185980,1103,228033,347157,32144,5215.444875,1004240,74,50.59,43.77,109.41,NA
2018-2019,Feb,31,UTTAR PRADESH,3182,HAPUR,85031,176.460330975461,33,13,4.751039515,243,49,106,137412,68815,3550,37,6,4.15953,251.388239515,4072,4477,7906,9084,14,12246,14054,349,242.47767,45937,0,49.16,65.9,104.6,NA
2018-2019,Jan,31,UTTAR PRADESH,3109,BIJNOR,1439694,165.657117548141,20,210,758.996396268,6384,2,5494,1666262,679561,108648,3702,578,129.31767,3648.595666268,80454,99141,146192,243954,224,208700,326499,11878,2760.2816,439794,33,58.45,75.78,112.47,NA
2018-2019,Jan,31,UTTAR PRADESH,3110,MORADABAD,1766903,166.363810359632,37,143,556.765046735,7459,62,4400,1953023,458640,35784,361,17,124.32273,3930.211256735,52738,65498,92939,148908,613,158721,234822,11859,3249.12348,588928,64,82.99,72.7,107.43,NA
2018-2019,Jan,31,UTTAR PRADESH,3118,ALIGARH,1659956,170.311862774492,31,100,2335.435560978,4453,8,3338,1651005,523660,46302,1895,161,167.83884,5315.131770978,52403,58423,105020,150335,117,194515,263553,7791,2811.85737,388871,25,61.71,71.29,100.84,NA
2018-2019,Jan,31,UTTAR PRADESH,3129,SITAPUR,6515314,169.827894987487,39,526,2672.914907549,71690,1,34156,7160480,2961448,325780,10204,909,572.30145,15405.708812549,179099,242619,351874,704373,1129,628019,1105948,105846,12160.492455,2209083,85,69.51,34.26,114.07,NA
2018-2019,Jan,31,UTTAR PRADESH,3149,AYODHYA,2963699,165.826730933535,42,143,2149.444050439,16775,1,12074,3101650,1214589,88266,6284,374,241.5868,7534.395650439,72562,84976,131179,215310,1805,232949,353642,28849,5143.3648,1213593,64,63.18,60.29,115.93,NA
2018-2019,Jan,31,UTTAR PRADESH,3152,MAHARAJGANJ,3643652,171.402178138554,37,660,3627.836349334,14638,0,12718,5001197,1322593,103271,23655,2703,396.02382,12596.020760334,133626,168973,212846,389833,680,331314,561956,27356,8572.160591,1920293,71,48.45,47.49,111.69,NA
2018-2019,Jan,31,UTTAR PRADESH,3161,VARANASI,1244856,168.455504197631,30,87,687.635047887,5760,0,8095,1089305,429661,55308,4836,536,98.17622,2620.805497887,36090,45847,72070,136408,236,155314,251766,13855,1834.99423,510971,68,49.21,40.93,104.15,NA
2018-2019,Jan,31,UTTAR PRADESH,3165,BAGHPAT,97561,154.478945778168,33,6,18.107940943,413,4,425,72812,25961,3735,27,11,4.084,134.671150943,2187,2551,7801,11604,11,32116,44530,838,112.47921,20789,5,21.51,81.27,123.28,NA
2018-2019,Jan,31,UTTAR PRADESH,3168,KANNAUJ,1388527,180.466547483719,30,114,1011.235373084,7276,3,11381,1216617,458827,55195,587,54,121.88526,3328.707329084,39466,44871,84013,130240,155,150867,213046,18657,2195.586696,256615,69,61.52,52.02,116.84,NA
2018-2019,Jan,31,UTTAR PRADESH,3172,KUSHI NAGAR,4554117,177.933068662337,41,263,2482.007431845,16448,2,18855,4816294,1491012,100221,6745,429,467.01172,11518.798861845,115780,139721,188110,302091,1078,401072,577116,35303,8569.77971,1668098,55,77.9,69.3,122.2,NA
2018-2019,Jan,31,UTTAR PRADESH,3175,BALRAMPUR,2284894,167.898349099895,44,74,855.003527126,7332,0,5255,2838391,552670,32148,36633,2776,171.95514,5792.570297126,63175,72565,109604,161462,1588,183485,253844,12587,4765.61163,826290,54,61.91,73.55,116.36,NA
2018-2019,Jan,31,UTTAR PRADESH,3183,SHAMLI,343800,155.048824880253,37,3,116.3872246,384,0,928,340093,33814,2552,196,13,18.499106,662.1965306,9129,10035,17788,21506,70,36433,43152,1312,527.3102,82680,6,61.81,78.03,128.47,NA
2018-2019,Aug,31,UTTAR PRADESH,3111,RAMPUR,779045,184.030100190976,25,30,677.083072418,1297,69,3277,629398,129675,28302,1110,151,75.6596,1911.024442418,25080,27057,85645,120439,13,159858,210973,4574,1158.28177,104024,51,71.81,70.82,145.24,NA
2018-2019,Aug,31,UTTAR PRADESH,3112,SAHARANPUR,363091,174.628452515206,15,60,374.125994955,1521,17,3053,432728,186140,61103,611,205,61.12625,1190.918454955,27658,31943,79496,123377,37,117753,173014,4574,755.66621,136660,13,60.21,88.67,107.75,NA
2018-2019,Aug,31,UTTAR PRADESH,3118,ALIGARH,709277,171.877611299426,24,88,1369.291306211,2442,14,3679,1057328,341307,46218,1211,161,110.73194,3297.333356211,42873,47601,104634,149987,42,193025,261965,6121,1817.31011,245080,25,72.29,77.59,100.67,NA
2018-2019,Aug,31,UTTAR PRADESH,3121,FIROZABAD,928605,167.73195083604,31,34,237.828472781,3220,9,2917,871370,426191,38801,1461,107,70.59527,1769.989642781,27774,31220,67046,90408,37,136768,176826,6137,1461.5659,258735,57,82.59,83.15,113.16,NA
2018-2019,Aug,31,UTTAR PRADESH,3122,ETAH,1010939,168.45777557944,29,43,333.30083655,2241,17,6078,673236,201515,33652,189,12,57.32293,1524.74215655,22600,25366,68300,109628,41,149315,219628,8319,1134.11839,171901,71,80.48,71,144.47,NA
2018-2019,Aug,31,UTTAR PRADESH,3135,ETAWAH,515983,181.326564808568,26,26,312.424099967,2755,11,9073,585455,258648,42874,1513,148,68.99429,1443.003829967,22270,24076,62647,93686,14,141666,193065,11828,1061.58544,162708,72,49.99,61.82,126.11,NA
2018-2019,Aug,31,UTTAR PRADESH,3137,KANPUR NAGAR,429454,161.187843509834,21,51,160.676178541,2890,7,6697,295239,116751,49419,5647,2390,28.59398,665.159535841,13958,15948,62400,116423,6,199838,307920,9587,475.8893773,87098,72,73.14,60.53,111.36,NA
2018-2019,Aug,31,UTTAR PRADESH,3154,GORAKHPUR,2102001,178.34672510739,30,98,721.404905695,8210,8,16132,2492326,717100,70464,6847,719,166.75356,5333.140265695,80969,89380,163834,236957,70,371610,493377,24342,4444.9818,987749,75,53.29,63.3,112.54,NA
2018-2019,Aug,31,UTTAR PRADESH,3158,JAUNPUR,2311106,193.392753886713,32,87,2491.360514043,12276,42,20367,2260329,902036,98243,9576,1509,244.11743,7106.790444043,69178,73819,174786,227438,76,392552,485542,32643,4371.3125,991041,72,87.87,72.71,106.56,NA
2018-2019,Aug,31,UTTAR PRADESH,3159,BALLIA,2137762,177.249286958307,31,86,1364.312054312,4099,9,20506,2123298,353008,36267,53920,4785,203.38868,5331.231299312,67844,75729,151935,220233,82,293801,399000,24605,3763.530565,796397,72,79.41,76.66,149.64,NA
2018-2019,Aug,31,UTTAR PRADESH,3161,VARANASI,540862,181.434166650928,19,57,446.135269894,3532,19,7010,476529,198669,55063,1847,533,65.598,1376.319689894,24482,30308,71433,135464,6,154043,249939,10542,864.58642,221272,70,57.24,49.56,105.92,NA
2018-2019,Aug,31,UTTAR PRADESH,3165,BAGHPAT,31091,177.298172193011,21,3,17.211940943,341,21,376,27957,10673,3715,9,11,2.956,69.735190943,1314,1503,7689,11480,1,31973,44372,717,49.56725,7918,6,26.39,64.58,112.28,NA
2018-2019,Aug,31,UTTAR PRADESH,3167,AMROHA,879749,176.287955735717,25,76,984.348297301,3077,24,3338,1172774,349818,53131,219,33,142.51499,3194.322597301,45923,57261,104260,178808,261,150796,245338,6415,2067.45931,277933,6,74.82,80.59,126.32,NA
2018-2019,Aug,31,UTTAR PRADESH,3171,CHANDAULI,1174900,180.505032860061,32,140,1317.35129292,2158,9,13275,1343272,460188,77086,7352,1021,110.5779,3852.60275792,41085,58832,95237,208089,123,232163,442051,15433,2424.673565,503022,69,68.43,56.36,110.7,NA
2018-2019,Aug,31,UTTAR PRADESH,3172,KUSHI NAGAR,2341218,194.455576278147,31,223,1317.630296011,7844,3,21419,3036407,956179,100278,4614,418,318.10534,7540.198366011,95074,113000,187608,301832,183,398731,574658,29263,5904.46273,1058028,56,89.17,83.38,122.26,NA
2018-2019,Aug,31,UTTAR PRADESH,3178,AMBEDKAR NAGAR,1464967,170.594499198219,30,31,1069.967734083,5507,2,13976,1365710,582332,99893,1965,497,132.58189,3532.375759083,44754,51959,115010,207995,64,245934,393136,19483,2329.826135,579492,75,81.26,65.86,103.24,NA
2018-2019,Dec,31,UTTAR PRADESH,3119,MATHURA,862731,168.306561799362,36,33,790.384978516,1172,19,4155,1005334,359093,40222,2176,247,94.32624,2576.754308516,27301,38064,57767,100912,132,129751,215798,5327,1692.04309,338277,20,60.72,77.78,128.29,NA
2018-2019,Dec,31,UTTAR PRADESH,3121,FIROZABAD,1322476,170.878091067233,40,50,455.687901305,4547,3,2389,1377356,657716,39191,1813,107,109.82825,2919.115791305,34192,39285,67876,91663,228,138186,178795,6936,2353.59964,427863,56,82.2,79.61,108.7,NA
2018-2019,Dec,31,UTTAR PRADESH,3124,BUDAUN,2285258,165.104275477327,32,237,1111.062600198,8874,5,11170,1967102,373857,43573,1074,88,188.2825,4547.114605198,60029,66893,128304,182113,263,257376,343366,20044,3247.769505,397227,67,62.16,59.34,115.07,NA
2018-2019,Dec,31,UTTAR PRADESH,3135,ETAWAH,1097274,167.301123339449,34,38,392.236612065,4514,4,9132,1048748,441177,42898,2585,147,93.03589,2239.839687065,30610,33285,62935,93989,203,145693,197845,13646,1754.567185,286626,70,46.87,59.35,122.53,NA
2018-2019,Dec,31,UTTAR PRADESH,3138,JALAUN,2995314,173.154660804471,43,263,2201.44721295,9363,0,11519,3262941,1132560,106668,4436,428,323.3024,8174.68403375,75114,110381,130796,289521,515,210398,438043,20882,5649.9344208,1162198,53,76.57,77.87,107.61,NA
2018-2019,Dec,31,UTTAR PRADESH,3139,JHANSI,3706323,171.163055296412,52,258,2864.837106811,11091,1,8754,2941312,987460,84776,31093,1852,308.93562,8208.212211811,55712,82902,108495,225941,3076,187434,373257,19845,5034.439485,1076950,51,57.1,53.53,115.15,NA
2018-2019,Dec,31,UTTAR PRADESH,3141,HAMIRPUR,1762784,164.444657619099,39,50,1350.33505575,6102,6,8911,1591809,412483,52166,876,74,158.69203,4126.67194575,39915,59101,88439,179014,691,163062,314995,15013,2617.64486,610849,59,65.37,68.33,114.55,NA
2018-2019,Dec,31,UTTAR PRADESH,3152,MAHARAJGANJ,3443290,167.260122073615,35,605,3474.138152885,12758,0,11728,4459768,1189209,103252,21758,2703,394.51182,11328.063373885,126944,159765,212415,389349,523,328180,557924,24486,7459.413401,1714586,71,49.4,49.26,110.57,NA
2018-2019,Dec,31,UTTAR PRADESH,3159,BALLIA,3096422,172.769019111133,40,103,1954.079543697,11127,2,18571,3295409,523759,36241,83366,4786,295.12538,7942.650728697,82263,92062,152966,221025,398,296585,401723,29698,5693.445805,1259562,71,67.67,58.96,130.06,NA
2018-2019,Dec,31,UTTAR PRADESH,3181,AMETHI,2474030,173.401238884719,38,61,2018.722564981,10312,3,17289,2110608,647055,57855,10288,809,242.95371,5921.496694981,54450,63756,110720,185330,428,226481,344695,27601,3659.82042,700877,74,50.45,41.68,108.19,NA
2018-2019,May,31,UTTAR PRADESH,3116,GHAZIABAD,0,0,0,0,0,0,161,3,0,0,19,0,0,0,0,0,0,64,203,0,17599,25864,3,0,0,0,0,0,0,NA
2018-2019,May,31,UTTAR PRADESH,3121,FIROZABAD,381000,129.782530028557,17,21,150.217776084,1742,77,3308,275238,139041,38233,535,107,34.55503,541.983646084,15703,17870,65680,88714,0,134681,174046,5050,357.21084,84322,60,85.68,61.05,112.05,NA
2018-2019,May,31,UTTAR PRADESH,3125,BAREILLY,141530,176.115904462941,14,41,251.616760531,1617,371,5302,230319,62109,61517,24,44,61.89279,719.137940531,16291,18196,134970,221660,0,261146,389636,6919,405.62839,39930,48,71.25,61.63,148.23,NA
2018-2019,May,31,UTTAR PRADESH,3128,KHERI,692382,123.119996335585,17,159,113.7867804493,3158,133,42266,906011,358231,168067,7348,6898,17.19182,1246.4593104493,50813,63680,256515,427745,0,517509,754089,45424,1115.48071,296687,88,85.4,36.63,119,NA
2018-2019,May,31,UTTAR PRADESH,3140,LALITPUR,804715,132.628072844166,23,55,585.436197507999,644,0,9601,696830,171345,60541,54610,18588,12.59844,1522.226837508,30214,41964,116323,233310,46,172595,327439,10245,924.1922,262008,58,88.66,83.9,100.82,NA
2018-2019,May,31,UTTAR PRADESH,3146,BAHRAICH,1096362,145.783770511713,20,89,1015.06396073,4803,60,41727,1152756,229116,76351,4947,2813,109.866,2805.46112233,55680,66630,212380,350250,5,430502,628443,46530,1680.5311616,451246,82,71.73,40.22,119.94,NA
2018-2019,May,31,UTTAR PRADESH,3149,AYODHYA,583829,167.724325826441,16,38,1170.104479049,4709,55,14974,349057,149097,87294,991,363,57.584,1813.141979049,21336,24032,127781,211190,0,226939,346255,19683,585.4535,146702,68,65.07,35.95,124.24,NA
2018-2019,May,31,UTTAR PRADESH,3161,VARANASI,106144,161.761967365733,12,32,340.586823461,2302,185,6599,158974,69466,55016,878,528,31.0347,628.780993461,12422,14906,71032,134856,0,153449,249067,8901,257.15947,74798,72,71.24,36.17,106.6,NA
2018-2019,May,31,UTTAR PRADESH,3162,MIRZAPUR,311053,124.313256153048,20,35,501.940069577,1975,53,27391,546599,280133,118204,4893,2683,59.58165,1241.016734577,26284,33869,123429,235613,0,292985,495423,29366,679.495015,247040,85,67.27,32.77,143.81,NA
2018-2019,May,31,UTTAR PRADESH,3164,GAUTAM BUDDHA NAGAR,0,169.493006993007,10,0,0,3,144,121,286,64,519,0,14,0,0.48475,28,36,1146,1631,0,15858,18311,124,0.48475,88,42,35.29,35.29,105.15,NA
2018-2019,May,31,UTTAR PRADESH,3168,KANNAUJ,194603,183.550139257724,17,38,549.977382512,1634,47,12001,231585,80165,55051,53,54,43.27959,1018.331562512,13427,14783,82295,128143,0,146409,207662,13635,425.07459,56630,73,78.35,46.5,115.89,NA
2018-2019,May,31,UTTAR PRADESH,3179,MAHOBA,132095,97.8027091212948,18,4,32.807167641,394,57,7074,79583,27913,42660,202,190,18.2394,128.880897641,4269,6142,50517,143841,0,99144,261450,7468,77.83433,31394,78,86.33,29.74,134.52,NA
2018-2019,Dec,31,UTTAR PRADESH,3110,MORADABAD,1712148,161.0224990418,35,138,556.765046735,6599,62,4621,1755897,415406,35793,340,17,124.32273,3508.477006735,50072,62042,92779,148783,463,158293,234374,11220,2827.38923,535077,64,82.95,72.85,107.65,NA
2018-2019,Dec,31,UTTAR PRADESH,3114,MUZAFFARNAGAR,441161,159.418705056748,33,13,162.348588382,1492,1,1497,415524,131617,12061,863,87,22.96849,847.740058382,12418,13190,31675,39520,96,81264,100607,2989,662.42298,95915,2,51.03,76.48,107.21,NA
2018-2019,Dec,31,UTTAR PRADESH,3116,GHAZIABAD,905,145.454545454545,15,0,0,2,161,4,154,51,19,0,0,0,0.224,10,10,67,196,0,17605,25860,6,0.224,66,0,36.36,57.14,100,NA
2018-2019,Dec,31,UTTAR PRADESH,3118,ALIGARH,1428677,172.980763231639,30,94,2332.747560978,4089,8,3131,1503423,480830,46271,1690,161,163.00284,5096.382980978,49828,55475,104862,150176,90,194189,263200,7220,2600.63258,357271,24,60.94,70.48,100.63,NA
2018-2019,Dec,31,UTTAR PRADESH,3122,ETAH,1512308,168.571367100587,39,53,639.7879283,3450,4,6536,1177097,328208,33633,223,12,95.77457,2719.8110033,29698,33669,68708,110046,290,149965,220318,9986,1984.248505,304603,69,70.25,60.6,125.79,NA
2018-2019,Dec,31,UTTAR PRADESH,3125,BAREILLY,860464,170.279484657006,25,172,674.344726329,5156,4,6207,1532882,393230,61312,328,44,172.60417,3457.132466329,59442,68194,135548,221902,163,261618,389759,11363,2610.18357,233644,39,71.69,75.11,122.38,NA
2018-2019,Dec,31,UTTAR PRADESH,3127,SHAHJAHANPUR,2315084,170.212086079676,28,190,1844.40205344,12218,1,12407,1841085,576602,86669,578,81,156.08508,5134.23631844,65144,76217,156599,260079,224,309842,460214,24625,3133.749185,395540,72,52.85,38.39,118.44,NA
2018-2019,Dec,31,UTTAR PRADESH,3132,LUCKNOW,972996,172.269178962521,33,51,739.384380859,6177,41,4234,972550,630297,85669,2175,325,83.91335,2498.701630859,28883,34112,69621,125254,188,190611,294182,10411,1675.4039,296093,77,65.25,61.54,113.32,NA
2018-2019,Dec,31,UTTAR PRADESH,3133,RAE BARELI,2538466,161.013364666723,32,147,3393.545700276,20391,0,15943,2688293,842471,115810,5573,830,285.36312,8007.419831676,81662,98061,178659,327546,790,312615,518496,36334,4328.5110114,1031410,64,41.48,31.08,100.38,NA
2018-2019,Dec,31,UTTAR PRADESH,3140,LALITPUR,2979431,163.951550008061,44,113,2322.05267152999,5100,0,7794,2946275,716274,60834,240619,18677,166.58881,7319.10501152999,66197,95691,118404,236091,3434,175775,331869,12894,4830.46353,1082782,59,77.72,76.96,100.5,NA
2018-2019,Dec,31,UTTAR PRADESH,3142,BANDA,1752861,170.692061481154,38,27,2241.574816173,10326,0,16533,1877063,545136,84753,1219,173,229.31122,5674.883566173,48275,68850,122295,273988,865,212105,447462,26859,3203.99753,822100,81,70.38,55.86,101.56,NA
2018-2019,Dec,31,UTTAR PRADESH,3145,PRAYAGRAJ,3266077,166.991743748953,34,188,2099.754718792,30042,0,23590,2881877,1412022,162727,2585,101,313.27703,7225.528403792,83074,105603,178547,298042,420,368251,569723,53632,4812.496655,1113612,81,71.61,32.74,112.24,NA
2018-2019,Dec,31,UTTAR PRADESH,3148,BARABANKI,2627102,164.595667971743,32,75,2389.608019786,14280,1,14454,2520159,1024269,136037,1675,158,195.402,6733.082559786,76423,91534,196222,324093,547,448208,647218,28734,4148.07254,704634,66,54.66,51.66,101.65,NA
2018-2019,Dec,31,UTTAR PRADESH,3149,AYODHYA,2813989,165.496053916833,40,127,2135.847730989,15610,1,10896,2634131,1039458,88072,5565,372,230.0868,6725.317390989,65305,75897,130739,214773,1306,231857,352241,26506,4359.38286,1025164,63,63.31,60.35,115.67,NA
2018-2019,Dec,31,UTTAR PRADESH,3150,SULTANPUR,2600816,172.226427242437,42,95,2820.415350075,20663,3,20183,3065159,886310,61225,7020,399,317.74239,8417.171575075,72524,83321,136311,200135,377,291832,395174,40846,5279.013835,1232669,81,50.9,28.46,115.97,NA
2018-2019,Dec,31,UTTAR PRADESH,3151,SIDDHARTH NAGAR,6025983,164.112596205629,37,109,6263.246093642,7534,6,11626,6341235,1386892,77562,7008,297,545.01492,17215.026403642,169589,192094,244604,332770,512,365450,477135,19160,10406.76539,3061640,43,53,56.79,112.44,NA
2018-2019,Dec,31,UTTAR PRADESH,3162,MIRZAPUR,2117034,168.420833092791,37,97,2062.427628429,16950,1,18260,2182566,1000627,118099,21820,2688,211.69068,5950.014148429,58206,79130,125810,238148,216,300050,504629,35210,3675.89584,983354,83,59.25,34.88,118.04,NA
2018-2019,Dec,31,UTTAR PRADESH,3165,BAGHPAT,78511,162.605213803451,31,6,18.107940943,383,4,431,58652,20909,3729,27,11,3.86,117.339150943,1840,2132,7760,11558,7,32069,44479,814,95.37121,17531,6,18.38,80.17,116.29,NA
2018-2019,Dec,31,UTTAR PRADESH,3166,HATHRAS,441122,169.150291964227,26,28,242.470873387,1431,3,1069,488416,140490,17660,333,44,43.97596,1112.603923387,18276,20707,38169,59706,123,73352,106340,2500,826.15709,59331,16,65.73,87.75,104.06,NA
2018-2019,Dec,31,UTTAR PRADESH,3168,KANNAUJ,1267635,175.719492258294,29,108,1011.235373084,6595,4,11086,1099693,417160,55178,524,54,121.88526,3065.495589084,37548,42595,83799,130017,92,149519,211443,17681,1932.374956,231271,69,60.8,51.63,114.79,NA
2018-2019,Dec,31,UTTAR PRADESH,3172,KUSHI NAGAR,4038030,175.530467770227,38,258,2308.851234101,13636,2,20609,4288302,1339877,100164,6120,427,443.82522,10279.953014101,111477,134168,187946,301883,720,399542,575122,34245,7527.27656,1491811,55,78.76,69.74,121.07,NA
2018-2019,Dec,31,UTTAR PRADESH,3179,MAHOBA,671285,164.426107703435,35,14,191.455333225,3449,1,5450,532295,141754,42723,859,192,40.57465,1107.261933225,15200,23365,51017,144614,65,100045,262879,8899,875.23195,203878,78,77.19,61.67,125.5,NA
2018-2019,Dec,31,UTTAR PRADESH,3182,HAPUR,61004,166.204950807161,31,13,4.751039515,192,59,131,120546,60908,3532,37,6,4.15953,209.263989515,3820,4184,7814,8989,7,12062,13861,323,200.35342,38800,0,55.69,71.53,104.98,NA
2018-2019,Sep,31,UTTAR PRADESH,3109,BIJNOR,882792,171.441128170071,13,161,494.620755486,4102,19,5165,778216,323930,108523,1592,577,97.30047,1926.103515486,56437,67960,145734,243590,11,207399,325081,9267,1334.18229,212457,40,58.49,78.53,121.36,NA
2018-2019,Sep,31,UTTAR PRADESH,3112,SAHARANPUR,502765,177.407920063406,16,60,383.942878955,1568,7,3086,459264,196014,61138,643,205,61.12625,1259.839838955,28339,32773,79577,123494,45,117870,173176,4654,814.77071,144121,14,57.05,89.26,107.9,NA
2018-2019,Sep,31,UTTAR PRADESH,3116,GHAZIABAD,591,21.875,12,0,0,1,161,3,64,0,19,0,0,0,0.014,5,5,67,196,0,17605,25860,4,0.014,0,0,87.5,100,100,NA
2018-2019,Sep,31,UTTAR PRADESH,3118,ALIGARH,1032215,174.692158372779,25,90,1421.226986511,2625,13,3705,1134892,364356,46262,1303,161,110.73194,3514.526256511,44080,48943,104708,150062,48,193159,262117,6330,1982.56733,264371,25,68.02,76.57,100.71,NA
2018-2019,Jan,31,UTTAR PRADESH,3115,MEERUT,326493,162.053625617102,36,21,108.365363535,1113,9,661,309106,154211,12646,204,8,6.8272,616.110043535,8544,10291,19337,25803,76,53708,66223,1774,500.91748,102545,45,62.81,78.03,130.66,NA
2018-2019,Jan,31,UTTAR PRADESH,3116,GHAZIABAD,1122,150.797872340426,12,0,0,3,161,3,188,51,19,0,0,0,0.2835,15,15,71,200,0,17609,25864,6,0.2835,100,0,36.17,64.89,100,NA
2018-2019,Jan,31,UTTAR PRADESH,3127,SHAHJAHANPUR,2389122,169.032380542159,29,203,1844.85005344,14844,1,10848,2124285,661966,86636,626,81,157.47708,5593.05663844,71137,83548,156815,260230,369,311129,461597,25692,3590.729505,444469,72,54.28,40.44,117.13,NA
2018-2019,Jan,31,UTTAR PRADESH,3131,UNNAO,3203723,168.50379150759,40,139,1073.841214824,23463,1,10757,3172221,1061655,86488,5840,534,225.07334,6644.227214824,77493,88063,151095,224016,617,367999,484182,34220,5345.31266,880966,82,68.34,45.03,105.64,NA
2018-2019,Jan,31,UTTAR PRADESH,3133,RAE BARELI,2939501,164.005321032321,35,159,3425.517517676,21648,0,16320,3118876,992495,115819,6721,832,304.32712,8844.967234076,87905,106165,178752,327637,1389,313230,519250,37968,5115.1225964,1191369,64,43.41,34.95,100.37,NA
2018-2019,Jan,31,UTTAR PRADESH,3135,ETAWAH,1231494,167.097810795263,37,42,406.833990065,5637,3,8450,1260275,529919,42911,2866,147,93.03589,2605.761815065,34034,37141,63058,94076,368,145929,198052,14087,2105.891935,339997,70,45.6,60.95,121.8,NA
2018-2019,Jan,31,UTTAR PRADESH,3138,JALAUN,3301147,174.199739859712,44,271,2201.44721295,10227,0,11208,3497805,1204581,106635,5007,429,323.3024,8617.91682375,78022,114948,130800,289452,609,210602,438277,21435,6093.1672108,1237920,53,73.09,73.73,107.28,NA
2018-2019,Jan,31,UTTAR PRADESH,3145,PRAYAGRAJ,3405937,166.394430295192,36,210,2099.754718792,34600,0,21565,3326442,1598977,162782,2790,101,313.27703,7948.045963792,91751,116483,178756,298263,594,369583,571381,56165,5535.014215,1288864,81,72.14,36.8,111.35,NA
2018-2019,Jan,31,UTTAR PRADESH,3146,BAHRAICH,3996809,170.513548366679,41,364,2166.752619385,46089,0,20510,5150426,898178,75523,30260,2815,359.136,11308.062747985,124566,153773,215457,352977,814,443598,643049,66599,8782.1741286,1851882,85,67.15,38.77,109.42,NA
2018-2019,Jan,31,UTTAR PRADESH,3150,SULTANPUR,2855677,169.877089397053,43,108,2831.970702075,23138,2,19721,3431612,980917,61207,7825,398,333.99239,8995.485677075,78010,89643,136376,200148,538,292686,396077,42859,5829.522585,1380464,80,49.06,28.48,116.95,NA
2018-2019,Jan,31,UTTAR PRADESH,3157,AZAMGARH,6692210,171.211901718764,38,134,5019.670886573,21859,21,16517,5778804,2249428,121001,5765,374,444.63293,15358.304041573,151095,162845,235634,300341,305,484152,586350,38376,9894.000225,2335723,65,52.2,51.84,121.48,NA
2018-2019,Jan,31,UTTAR PRADESH,3158,JAUNPUR,3610416,177.052239857828,43,109,3767.28126545499,23395,15,15912,4022733,1541653,98718,15786,1513,340.48343,11230.103575455,92683,99206,177040,229724,1451,399142,492416,39307,7122.33888,1760196,71,87.88,65.38,107.34,NA
2018-2019,Jan,31,UTTAR PRADESH,3160,GHAZIPUR,3029183,172.624625558653,36,78,1632.505240871,13272,9,8560,2866270,702666,74606,18373,1355,225.66752,6806.060615871,77671,90732,158895,262625,861,345409,528760,21832,4947.887855,1043890,64,56.26,48.75,143.79,NA
2018-2019,Jan,31,UTTAR PRADESH,3173,SANT RAVIDAS NAGAR,860732,170.095509683681,38,23,424.622978908,7791,3,6877,939622,383404,44518,5234,365,80.56,2103.437808908,24572,32323,49901,101298,137,133195,237159,14668,1598.25483,394313,80,86.27,43.29,112.83,NA
2018-2019,Jan,31,UTTAR PRADESH,3179,MAHOBA,708788,152.075281143836,36,16,191.455333225,3700,1,5531,692617,180123,42753,1052,193,40.57465,1285.329233225,18737,29270,51128,144775,155,100267,263220,9231,1053.29925,266931,78,74.56,60.82,122.2,NA
2018-2019,Jan,31,UTTAR PRADESH,3184,SAMBHAL,1836455,166.9345418166,36,154,736.64076353,5409,115,3453,1891677,563727,43721,324,13,134.48682,4028.98991613,51166,60197,90793,133183,712,158832,217931,8862,3157.8623326,436350,43,63.71,62.32,119.81,NA
2018-2019,Feb,31,UTTAR PRADESH,3117,BULANDSHAHR,186559,166.136084748896,21,15,52.428605265,1754,56,1577,254257,57627,11187,0,0,14.52775,489.368980265,12008,13334,29518,41758,46,107693,140038,3331,422.412625,66791,36,78.35,90.59,123.25,NA
2018-2019,Feb,31,UTTAR PRADESH,3122,ETAH,1816331,171.173914829926,41,63,796.7816291,5554,4,5643,1423763,380262,33630,237,12,108.53065,3342.4231441,34117,38713,68835,110193,407,150510,221074,11197,2437.110865,369793,70,69.8,58.44,123.26,NA
2018-2019,Feb,31,UTTAR PRADESH,3126,PILIBHIT,2171992,168.497389158431,32,221,3199.282562378,12264,0,8018,2432932,470180,50251,4895,504,200.2837,7498.993162378,75694,92881,131114,224018,609,278999,411917,20282,4099.4269,537477,68,55.9,49.78,102.52,NA
2018-2019,Feb,31,UTTAR PRADESH,3130,HARDOI,6311577,177.847947360026,41,211,1846.581613579,33397,0,16473,5692328,2138835,145376,5565,381,394.03808,12364.308198579,136295,152361,251437,354798,1141,567000,733193,49870,10123.688505,1342009,77,68.82,56.37,119.42,NA
2018-2019,Feb,31,UTTAR PRADESH,3135,ETAWAH,1370128,173.231581716197,39,43,406.833990065,6687,3,7590,1435150,603434,42914,3233,147,93.03589,2986.002925065,36190,39580,63126,94133,550,146218,198360,14277,2486.133045,385958,70,45.5,59.79,120.04,NA
2018-2019,Feb,31,UTTAR PRADESH,3136,KANPUR DEHAT,1254555,169.875970043344,34,161,414.073003291,7806,1,9917,1106265,423695,54985,6162,843,69.75148,2363.102883291,32088,37726,71274,128050,107,217052,333016,17723,1879.2784,357268,80,69.36,51.54,118.77,NA
2018-2019,Feb,31,UTTAR PRADESH,3140,LALITPUR,3191019,168.868765295209,48,120,2328.81025752999,8158,0,5212,3514581,851666,60872,278057,18673,177.26881,8441.10860752999,71946,104534,118631,236409,5107,176602,333065,13370,5935.02954,1281808,59,74.37,73.4,100.42,NA
2018-2019,Feb,31,UTTAR PRADESH,3145,PRAYAGRAJ,3545979,169.757934125065,37,216,2099.754718792,35876,0,21433,3590440,1713883,162806,2968,102,313.27703,8508.088518792,95186,121221,178824,298340,747,370070,571987,57309,6095.05677,1393849,81,70.14,37.46,111.34,NA
2018-2019,Feb,31,UTTAR PRADESH,3147,GONDA,4922865,172.190440317016,49,158,6065.222017673,26531,161,18941,6204348,1289738,52530,15711,492,463.01948,17211.535637673,126528,137413,183243,228470,1848,330876,398326,45472,10683.29414,2242710,70,52.65,55.29,118.59,NA
2018-2019,Feb,31,UTTAR PRADESH,3153,BASTI,6630558,170.636613449709,48,163,5106.379030819,23126,9,16612,7101120,1786293,96931,3794,146,417.81456,17641.304275819,146173,177710,232105,359595,2558,361837,532554,39738,12117.110685,3123459,55,63.76,59.23,121.12,NA
2018-2019,Feb,31,UTTAR PRADESH,3157,AZAMGARH,6871941,172.488768959383,40,138,5022.553189373,24628,16,14419,6359384,2476555,120925,6832,374,444.63293,16436.409294373,156551,168832,235464,300149,404,484856,587110,39047,10969.223175,2571057,65,52.43,51.91,121.35,NA
2018-2019,Feb,31,UTTAR PRADESH,3161,VARANASI,1329173,170.162829621618,31,89,687.635047887,6503,0,8294,1207483,467649,55311,5251,536,98.17622,2840.498507887,37766,48239,72088,136433,311,155558,252122,14797,2054.68724,566461,68,47.86,39.21,104.51,NA
2018-2019,Feb,31,UTTAR PRADESH,3166,HATHRAS,517541,173.802834994707,28,28,263.950777187,1741,0,1025,544128,155685,17683,377,44,43.97596,1253.636627187,19078,21826,38220,59767,164,73550,106592,2766,945.70989,68355,17,63.33,81.72,104.9,NA
2018-2019,Feb,31,UTTAR PRADESH,3173,SANT RAVIDAS NAGAR,930507,172.448102529562,39,24,424.622978908,8660,3,6181,1003652,407654,44453,5297,365,80.56,2235.961808908,25474,33532,49980,101309,161,133511,237520,14841,1730.77883,420732,80,86.52,44.72,112.28,NA
2018-2019,Feb,31,UTTAR PRADESH,3176,SHRAVASTI,1545739,166.126960184304,40,92,424.263518206,5931,0,5115,1455858,504301,49758,7725,1335,81.59779,2924.433948206,36046,45194,72526,136820,491,128117,215979,11046,2418.57264,475911,65,84.49,69.29,113.23,NA
2018-2019,Feb,31,UTTAR PRADESH,3180,KASHGANJ,1164878,172.38422379416,38,111,802.67620619,3333,1,2362,1339606,275296,24852,1066,69,81.51229,3193.45790119,34881,42396,61193,112564,504,131050,207605,5695,2309.269405,320999,31,62.48,78.81,111.11,NA
2018-2019,Aug,31,UTTAR PRADESH,3109,BIJNOR,707305,170.251074922367,13,155,458.909251666,3578,47,5337,720052,302748,108550,1462,583,97.30047,1782.105991666,54371,65279,145754,243692,8,207403,325172,8915,1225.89627,196768,40,59.7,78.67,122.65,NA
2018-2019,Aug,31,UTTAR PRADESH,3115,MEERUT,225553,153.607869140016,29,17,105.377946535,465,45,1176,189271,97155,12693,75,8,5.85588,401.968976535,6377,7772,19189,25758,34,53166,65738,1641,290.73515,64459,48,58,72.05,122.42,NA
2018-2019,Aug,31,UTTAR PRADESH,3119,MATHURA,458584,165.087535257873,30,27,337.1617129,327,68,4202,720761,262743,40259,1240,247,63.29501,1590.3432929,23292,32335,57644,100855,59,129478,215499,4529,1189.88657,249322,20,73.47,88.94,126.91,NA
2018-2019,Aug,31,UTTAR PRADESH,3125,BAREILLY,475563,193.008588841717,19,113,484.726523756,3114,31,5718,776589,208819,61433,126,44,134.12825,2117.738243756,40492,45563,135195,221709,39,261404,389692,8832,1498.88347,117760,42,73.37,75.86,131.96,NA
2018-2019,Aug,31,UTTAR PRADESH,3126,PILIBHIT,840535,178.211881987115,22,140,1920.427751127,8850,5,5021,1140045,227386,50468,1897,504,160.76204,4112.885441127,50176,59168,130622,223536,86,277068,409434,13871,2031.69565,238252,68,52.5,50.39,102.99,NA
2018-2019,Aug,31,UTTAR PRADESH,3127,SHAHJAHANPUR,1625772,178.22316015655,21,118,1101.652964537,6370,8,13486,951263,311983,86545,282,80,90.59085,2887.614794537,45277,51943,154923,258157,41,307099,457056,19856,1695.37098,214320,72,57.08,42.57,132.54,NA
2018-2019,Aug,31,UTTAR PRADESH,3130,HARDOI,2952084,188.323723078874,27,130,1525.927649297,11649,11,27261,2650242,1044311,145863,2664,378,301.1845,6818.146554297,94839,105082,251109,354745,69,563112,729161,38910,4991.034405,668158,78,79.53,63.99,129.68,NA
2018-2019,Aug,31,UTTAR PRADESH,3134,FARRUKHABAD,449900,195.177973899801,16,34,299.745192614,2552,11,6216,280381,42457,15160,179,65,55.9961,902.983247614,17196,18665,63156,88392,0,149753,192685,8768,547.241955,68811,68,59.92,62.97,114.93,NA
2018-2019,Aug,31,UTTAR PRADESH,3138,JALAUN,1912930,172.801720723854,36,238,1326.755000748,5674,0,13091,2377883,849856,106879,2860,429,257.27174,5693.049481548,65079,94454,130233,289494,149,209691,438002,18765,4109.0227408,855750,53,86.09,86.74,108.05,NA
2018-2019,Aug,31,UTTAR PRADESH,3145,PRAYAGRAJ,2621236,164.793333585289,27,143,1435.981348639,18545,0,26576,1878641,1009932,163338,1776,98,183.77362,4715.630098639,67214,84752,178680,298903,67,367371,569309,45121,3095.87513,727647,82,78.71,34.98,113.36,NA
2018-2019,Aug,31,UTTAR PRADESH,3150,SULTANPUR,1711549,182.630790354059,33,80,1831.396784127,8934,6,24399,1876893,572937,61257,4961,398,235.30427,5494.485574127,56068,63999,135769,199592,30,290319,393449,33333,3427.78452,748747,82,56.74,34.98,115.64,NA
2018-2019,Aug,31,UTTAR PRADESH,3151,SIDDHARTH NAGAR,3781017,180.978160734637,29,99,4289.046243118,5827,19,10324,4550382,997453,77630,4451,299,329.52691,12853.770803118,151843,171053,244259,332543,66,363287,475021,16151,8235.19765,2193111,43,61.74,66.24,112.54,NA
2018-2019,Aug,31,UTTAR PRADESH,3157,AZAMGARH,4323277,180.108870964354,30,103,2644.115294178,8732,42,20562,3570649,1401766,120894,3536,375,312.46416,9387.635054178,118510,127072,235876,300816,45,483147,585409,29294,6431.0556,1461515,68,70.51,72.57,132.7,NA
2018-2019,Aug,31,UTTAR PRADESH,3163,SONBHADRA,1299881,171.181614271516,29,139,1310.010056762,8942,7,20257,1855388,640281,123182,538355,120705,173.55333,4659.646516162,62385,87799,152813,377001,94,340792,755852,29199,3176.0831294,852470,85,82.59,50.57,105.46,NA
2018-2019,Nov,31,UTTAR PRADESH,3119,MATHURA,771579,167.642836723333,35,33,790.384978516,1112,21,4083,930482,333801,40239,1837,247,94.32624,2444.597638516,26363,36774,57707,100852,116,129585,215551,5195,1559.88642,315853,21,60.61,77.13,126.43,NA
2018-2019,Nov,31,UTTAR PRADESH,3128,KHERI,2817790,161.359665079511,31,325,642.6027687803,29373,1,25727,3517193,1324301,167493,20931,6901,238.71172,6556.6453337803,111407,141948,257689,428293,252,520596,757278,55100,5675.330845,1021089,87,74.69,46.64,107.75,NA
2018-2019,Nov,31,UTTAR PRADESH,3132,LUCKNOW,875697,176.211837617606,30,42,739.384380859,5552,42,4707,801614,521460,85623,1637,325,83.91335,2235.836490859,26113,30692,69523,125142,101,190456,293996,10259,1412.53876,250298,78,65.41,62.2,115.1,NA
2018-2019,Nov,31,UTTAR PRADESH,3133,RAE BARELI,2250301,165.387250134836,30,139,3393.545700276,18939,0,16123,2293527,706691,115789,4803,825,285.36312,7472.110056676,74731,89375,178520,327451,422,312199,518055,35062,3793.2012364,893114,65,41.27,30.01,100.42,NA
2018-2019,Nov,31,UTTAR PRADESH,3135,ETAWAH,966830,180.821649810111,31,34,392.236612065,4072,4,9305,864451,366677,42895,2372,148,93.03589,2048.387062065,27415,29729,62846,93898,103,143334,195036,13377,1563.11456,242032,71,49.03,60.46,122.28,NA
2018-2019,Nov,31,UTTAR PRADESH,3136,KANPUR DEHAT,872130,172.456627803388,28,134,414.073003291,3178,1,13738,720646,288665,55052,3763,847,69.75148,1726.626273291,25713,29862,71165,128096,34,214253,329965,16916,1242.80179,239343,80,70.18,50.81,116.36,NA
2018-2019,Nov,31,UTTAR PRADESH,3137,KANPUR NAGAR,735163,165.147295010306,27,63,227.785665511,3832,2,6630,534161,199171,49411,9582,2383,61.19157,1171.129678011,19289,22349,62465,116449,30,199972,308010,10462,882.1524425,147720,72,71.35,59.52,112.31,NA
2018-2019,Nov,31,UTTAR PRADESH,3141,HAMIRPUR,1507929,166.011433787499,37,48,1350.33505575,4753,6,9806,1354057,357575,52132,772,74,158.69203,3756.91652575,36101,53213,88197,178712,506,162202,313785,14559,2247.88944,521385,60,64.28,67.63,116.87,NA
2018-2019,Nov,31,UTTAR PRADESH,3147,GONDA,4142978,172.896156684133,39,137,5791.063909673,18862,161,23052,4004745,866161,52075,10164,472,433.07948,13148.193579673,102500,110764,179868,224992,626,320699,387495,41914,6924.05019,1409256,71,53.32,56.04,119.21,NA
2018-2019,Nov,31,UTTAR PRADESH,3148,BARABANKI,2246708,172.012982064844,28,58,2389.608019786,12998,1,14788,1868732,761107,136001,1366,157,195.402,5799.471659786,64740,77014,196087,323920,268,447765,646637,27786,3214.46164,536204,68,52.03,47.43,102.05,NA
2018-2019,Nov,31,UTTAR PRADESH,3149,AYODHYA,2624583,169.135701950524,36,115,2135.847730989,13667,1,12020,2192334,860071,87837,4823,369,230.0868,6073.954030989,59508,69068,129699,213535,814,229996,350018,25687,3708.0195,851793,64,63.84,60.32,116.92,NA
2018-2019,Nov,31,UTTAR PRADESH,3151,SIDDHARTH NAGAR,5856618,168.335076318556,32,103,6263.246093642,6981,7,11472,5281743,1161515,77572,5593,299,545.01492,15699.287123642,160155,180999,244422,332641,263,364433,476135,18453,8891.02611,2541828,43,52.85,56.37,112.7,NA
2018-2019,Nov,31,UTTAR PRADESH,3158,JAUNPUR,3030514,182.898881104051,38,95,3747.39865626499,18145,19,17790,3055512,1193165,98521,12149,1510,318.48343,9654.37934626499,79417,84993,176349,229032,741,396214,489382,35935,5588.49726,1337265,72,87.26,62.27,107.14,NA
2018-2019,Nov,31,UTTAR PRADESH,3167,AMROHA,1248231,179.838444384632,31,95,1114.934485951,4658,15,3220,1694172,482895,53192,237,33,182.16242,4343.869475951,54108,68007,104509,179101,583,151161,245818,7878,3046.77257,391309,6,75.65,80.98,118.85,NA
2018-2019,Nov,31,UTTAR PRADESH,3171,CHANDAULI,1644274,174.747852330963,36,154,1697.647991824,6047,4,11712,1660172,559959,77080,8909,1021,174.9639,4773.726806824,45729,65959,95475,208285,267,233231,443501,17759,2901.114915,620453,70,67.44,50.9,109.38,NA
2018-2019,Nov,31,UTTAR PRADESH,3176,SHRAVASTI,1044479,166.410005505697,32,80,422.637118206,4573,0,4574,888171,312464,49874,4735,1341,75.09779,1975.740318206,27501,33950,72093,136515,122,126065,213580,9147,1478.00541,301839,66,83.25,66.87,116.71,NA
2018-2019,Nov,31,UTTAR PRADESH,3182,HAPUR,51832,172.26868568844,29,8,4.751039515,178,63,127,106124,51495,3502,37,6,4.15953,191.728989515,3612,3957,7775,8948,3,12000,13797,305,182.81842,33045,0,58.49,74.94,105.7,NA
2018-2019,Sep,31,UTTAR PRADESH,3119,MATHURA,607454,167.60388415224,32,28,377.7596631,768,60,3972,774223,281177,40256,1330,247,63.29501,1738.6824931,24056,33446,57642,100850,71,129478,215497,4740,1297.62782,266222,22,70.28,87.95,126.75,NA
2018-2019,Sep,31,UTTAR PRADESH,3120,AGRA,1253470,175.383213105632,28,59,344.351916288,2400,35,3130,898545,286739,37803,7796,931,55.4386,1975.687608488,31894,37678,73017,108626,14,156096,212812,5530,1575.8970922,255027,51,83.49,82.63,106.63,NA
2018-2019,Sep,31,UTTAR PRADESH,3126,PILIBHIT,1243104,178.681535285622,23,144,1941.448548935,8987,3,6206,1238649,242600,50461,1980,504,160.76204,4315.447638935,52234,61939,130705,223672,101,277119,409615,15193,2213.23705,270680,69,51.26,47.85,102.88,NA
2018-2019,Sep,31,UTTAR PRADESH,3131,UNNAO,2239105,161.608472197311,29,104,639.080905734,13929,1,17253,1756215,631605,86730,3134,537,127.23135,3604.504485734,59716,67015,150319,223534,52,365409,481666,31182,2838.19223,504517,84,70.38,46.88,105.38,NA
2018-2019,Sep,31,UTTAR PRADESH,3135,ETAWAH,677688,179.700899835367,27,26,334.541395967,3142,7,9499,673012,293591,42881,1816,148,68.99429,1612.944305967,24109,26086,62669,93708,24,142878,194520,12641,1209.40862,188105,72,49.77,61.5,127.05,NA
2018-2019,Sep,31,UTTAR PRADESH,3139,JHANSI,3145331,175.041825420012,43,185,1709.638941229,5778,1,12512,1971612,661735,84692,22346,1851,174.95964,5335.744216229,45108,66316,108183,225560,1187,186658,372096,18290,3451.145635,731797,52,60.56,57.56,117.58,NA
2018-2019,Sep,31,UTTAR PRADESH,3144,PRATAPGARH,2284535,162.312635777459,36,69,4573.101192163,7677,20,39549,3603783,1858572,126016,4865,420,269.49427,10691.990637163,98423,109039,188002,260663,438,372183,511346,47226,5849.395175,1654789,81,50.56,48.07,114.87,NA
2018-2019,Sep,31,UTTAR PRADESH,3145,PRAYAGRAJ,2871991,169.311206351572,29,151,1453.153289699,21341,0,25081,2080115,1102494,163336,2178,98,183.77362,5158.794709699,70409,89173,178763,298953,100,367587,569540,46422,3521.8678,805363,82,78,34.6,113.03,NA
2018-2019,Sep,31,UTTAR PRADESH,3146,BAHRAICH,2489307,182.007754819368,31,192,1592.872007402,17728,1,38164,2967298,570836,75898,14143,2808,266.84,7260.424476002,94387,115203,214012,351532,119,436008,634467,55892,5400.7124686,1117101,84,69.88,43.49,111.47,NA
2018-2019,Sep,31,UTTAR PRADESH,3156,MAU,3864227,177.600139376773,37,291,3136.372081869,7350,2,13081,2892878,828944,63865,20215,1203,227.488,8501.615441869,77558,86449,151198,209092,422,236444,314365,20431,5137.75536,1240591,60,63.74,57.57,105.39,NA
2018-2019,Sep,31,UTTAR PRADESH,3163,SONBHADRA,1534908,171.987158970443,31,143,1385.88976768,11399,7,18700,2037536,695433,123179,600278,120690,173.55333,5063.74337708,65709,92774,152836,376978,143,340926,755999,30099,3504.3002794,927260,85,81.64,48.52,105.5,NA
2018-2019,Sep,31,UTTAR PRADESH,3169,AURAIYA,628196,159.709406062182,25,33,224.953716785,4463,1,11968,553728,274079,52021,2249,573,41.31908,1150.628496785,22124,24462,70542,106474,7,131118,184694,16431,884.3557,196771,84,59.62,26.87,108.19,NA
2018-2019,Sep,31,UTTAR PRADESH,3171,CHANDAULI,1256978,180.17758114792,33,144,1345.19640257,3191,9,12937,1410603,483276,77105,7753,1021,110.5779,3997.36466757,42207,60625,95338,208201,153,232332,442282,16128,2541.590365,530399,69,68.2,54.79,110.31,NA
2018-2019,Sep,31,UTTAR PRADESH,3181,AMETHI,1858731,196.496967986782,29,47,1471.81517862,7326,7,17038,1222620,374835,57775,5520,811,161.55907,4035.78547862,41536,47974,110231,184871,54,224205,342656,24364,2402.41123,411335,77,48.78,42.25,111.14,NA
2018-2019,Sep,31,UTTAR PRADESH,3182,HAPUR,39894,160.68718000089,27,5,4.644519515,130,110,127,89844,43598,3403,37,6,3.82353,152.835839515,3221,3528,7620,8779,0,11714,13486,257,144.36779,28241,0,69.36,86.16,106.8,NA
2018-2019,Sep,31,UTTAR PRADESH,3183,SHAMLI,246563,161.223969702548,31,2,70.6850846,202,2,767,190115,17221,2566,27,13,16.209416,393.4054506,6100,6699,17454,21471,36,35859,42867,969,306.51095,47952,7,68.32,86.76,127.37,NA
2018-2019,Oct,31,UTTAR PRADESH,3112,SAHARANPUR,573832,171.295543315547,17,63,389.206878955,1738,3,3191,523057,221517,61187,780,205,70.49155,1355.671758955,30224,35093,79758,123714,57,118222,173613,4929,895.97333,162409,14,56.41,89.46,107.67,NA
2018-2019,Oct,31,UTTAR PRADESH,3115,MEERUT,268430,163.899561704123,31,18,106.335091935,672,16,1035,221768,110251,12600,123,8,6.10634,475.918211935,6979,8458,19205,25655,46,53275,65740,1707,363.47678,74743,46,58.3,72.44,127.41,NA
2018-2019,Oct,31,UTTAR PRADESH,3116,GHAZIABAD,728,115.625,11,0,0,1,161,5,112,32,19,0,0,0,0.1295,10,10,67,196,0,17605,25860,6,0.1295,24,0,50,78.57,100,NA
2018-2019,Oct,31,UTTAR PRADESH,3125,BAREILLY,668351,180.358763415485,21,133,510.025450606,3751,11,6289,974620,257313,61336,167,46,155.66953,2423.507560606,46044,52062,135246,221586,64,261209,389276,10040,1757.81258,150754,42,69.17,72.99,128.71,NA
2018-2019,Oct,31,UTTAR PRADESH,3127,SHAHJAHANPUR,1959600,169.359085217658,24,147,1176.641188387,8941,1,14797,1340931,423305,86663,414,80,124.99215,3572.621813387,55365,64350,155642,259018,97,308369,458566,23738,2270.988475,305872,74,56.77,39.45,123.51,NA
2018-2019,Oct,31,UTTAR PRADESH,3134,FARRUKHABAD,644518,174.574889784198,21,40,313.845631114,3789,2,8232,553006,83391,15133,500,67,66.6961,1345.951346114,25456,28591,63430,88689,0,150458,193452,12021,965.409615,137969,68,65.48,57.37,111.63,NA
2018-2019,Oct,31,UTTAR PRADESH,3145,PRAYAGRAJ,3017812,168.217061681487,31,174,1464.129289699,24017,0,25587,2352359,1198452,163124,2336,95,220.58562,5641.784099699,75721,96123,178765,298688,176,367901,569641,49604,3957.06919,912939,82,75.58,32.93,113.41,NA
2018-2019,Oct,31,UTTAR PRADESH,3148,BARABANKI,1796063,189.695231246561,25,49,1466.309558285,11795,2,15227,1480995,611424,135994,1117,157,186.42,4462.106448285,57227,67646,196078,323917,148,447740,646627,27022,2809.37689,432064,69,54.94,49.61,102.49,NA
2018-2019,Oct,31,UTTAR PRADESH,3152,MAHARAJGANJ,2613492,184.094540574229,30,544,2606.1789741,12214,0,9061,3509087,940696,103467,16688,2766,373.28382,9439.5003851,115275,144172,211621,388540,243,326331,555792,21275,6460.037591,1355238,71,56.13,56.48,110.02,NA
2018-2019,Oct,31,UTTAR PRADESH,3154,GORAKHPUR,2689521,179.089445724129,32,102,762.857637805,11071,3,14495,2741126,783977,70481,7390,728,197.61376,5869.538757805,84500,93667,164142,237331,111,373493,495451,25566,4909.06736,1087738,75,53.45,59.48,112.49,NA
2018-2019,Oct,31,UTTAR PRADESH,3164,GAUTAM BUDDHA NAGAR,5637,172.501139298192,17,0,0,67,84,151,6583,1557,548,56,14,0,11.35575,380,431,1268,1766,1,16002,18469,218,11.35575,1176,24,12.48,90.03,119.35,NA
2018-2019,Oct,31,UTTAR PRADESH,3166,HATHRAS,370062,165.302718830455,23,27,145.123117387,988,5,1342,408227,118796,17687,312,44,41.36954,861.302987387,17060,19087,38084,59600,30,73282,106235,2330,674.81033,48506,16,65.54,88.78,104.25,NA
2018-2019,Oct,31,UTTAR PRADESH,3180,KASHGANJ,901791,166.372648686279,28,88,404.783713465,2181,1,2020,836022,173482,24864,842,71,70.00855,1865.704208465,29006,34755,61032,112485,113,130245,206695,4201,1390.911945,199163,31,60.11,76.85,113.52,NA
2018-2019,March,31,UTTAR PRADESH,3110,MORADABAD,1849737,174.971723889646,39,146,796.614139076,8840,62,3929,2158253,496853,35760,378,17,290.46598,4863.412599076,55235,68988,92952,148859,783,158874,234907,12769,3776.33248,653912,65,79.97,66.61,108.61,NA
2018-2019,March,31,UTTAR PRADESH,3116,GHAZIABAD,1510,175,12,0,0,3,161,3,188,51,19,0,0,0,0.329,15,15,71,200,0,17611,25866,6,0.329,100,0,36.17,64.89,100,NA
2018-2019,March,31,UTTAR PRADESH,3119,MATHURA,1092780,174.292524683682,38,33,894.079477141,1528,16,3976,1095258,388647,40192,2616,247,171.57183,2974.604127141,28482,39623,57790,100889,156,129877,215922,5504,1908.95282,369346,20,57.45,74.32,131.84,NA
2018-2019,March,31,UTTAR PRADESH,3121,FIROZABAD,1428751,178.45692254717,44,55,666.186135286,5819,2,1608,1698905,800210,39243,2008,109,214.61621,3912.615925286,38159,44480,68271,92058,370,141075,182119,7427,3031.81358,542753,54,79.98,77.25,107.26,NA
2018-2019,March,31,UTTAR PRADESH,3122,ETAH,1851670,175.877246472726,42,67,1048.44904838,6436,4,4862,1497403,393636,33614,251,11,251.80563,3933.84584338,34824,39651,68820,110140,468,150620,221275,11298,2633.591165,389011,69,65.68,54.53,122.67,NA
2018-2019,March,31,UTTAR PRADESH,3129,SITAPUR,7226060,176.339238652766,43,545,4045.30817269201,77744,1,29740,8076814,3264168,325595,11692,908,1078.09298,19365.993467692,187673,255805,351802,704001,1469,629153,1107209,107484,14242.592315,2462358,85,67.53,33.06,114.1,NA
2018-2019,March,31,UTTAR PRADESH,3134,FARRUKHABAD,1075252,178.163645740373,33,49,605.960490184,7141,0,7498,1201232,149428,15068,1036,67,196.77637,2942.895585184,35907,41310,63778,88991,6,151302,194304,14639,2140.158725,318812,68,70.64,53.52,112.06,NA
2018-2019,March,31,UTTAR PRADESH,3137,KANPUR NAGAR,1065738,170.236318904089,36,81,437.295685679,5782,1,5357,952048,352565,49233,17374,2380,168.68935,2226.716505079,26277,30898,62467,116085,144,199544,306976,11139,1620.7314694,245373,70,66.15,59.3,112.49,NA
2018-2019,March,31,UTTAR PRADESH,3153,BASTI,6967087,178.202038381822,50,167,7530.526902199,26541,9,14136,7519445,1882913,96632,3893,146,706.88132,21637.212487199,150125,182812,231780,358437,2777,361776,531575,40677,13399.804265,3308149,54,61.32,56.61,120.2,NA
2018-2019,March,31,UTTAR PRADESH,3155,DEORIA,3594558,184.257587364316,44,70,2936.092617745,9397,3,7254,3352284,997609,49735,100638,4661,554.99692,9667.927157745,75150,79550,128281,161526,604,238593,291167,16651,6176.83762,1185524,47,63.68,62.16,100.95,NA
2018-2019,March,31,UTTAR PRADESH,3156,MAU,5841811,178.903722844644,50,363,5840.135658335,16680,1,7615,4886559,1354443,64035,36440,1300,585.712,15168.083628335,96636,108847,152683,210493,2590,240605,318878,24295,8742.23597,2094165,56,52.65,46.36,104.93,NA
2018-2019,March,31,UTTAR PRADESH,3157,AZAMGARH,6928944,178.996552522635,42,145,7673.829876617,27907,14,11591,6792938,2638501,120670,7663,373,1086.79599,20919.750701617,160640,173435,235025,299523,529,484395,586435,39498,12159.124835,2745996,64,51.83,50.82,120.34,NA
2018-2019,March,31,UTTAR PRADESH,3165,BAGHPAT,123293,178.019246377988,40,6,25.568042543,487,4,369,98564,36197,3741,27,11,11.24891,212.279842543,2425,2888,7809,11617,41,32134,44555,856,175.46289,26938,5,36.82,82.34,124.4,NA
2018-2019,March,31,UTTAR PRADESH,3169,AURAIYA,1202937,171.245177450805,36,49,509.208992588,11658,0,8161,1315435,574492,51906,5000,569,188.25025,2950.078242588,35678,40476,70804,106555,169,132977,186482,19819,2252.619,435640,82,52.69,31.99,110.21,NA
2018-2019,March,31,UTTAR PRADESH,3171,CHANDAULI,1964893,178.213117395416,41,167,2251.85893538,10954,2,10001,2274697,755100,76884,10746,1019,387.0185,6692.68587038,54909,79368,95647,207886,545,234226,444425,20955,4053.808435,819356,69,65.82,46.3,109,NA
2018-2019,March,31,UTTAR PRADESH,3174,SANT KABEER NAGAR,3670688,177.358949482624,44,122,4300.441741971,16298,0,9768,4123987,1459119,93356,6623,511,652.99206,12267.693821971,92797,113003,143943,247295,1170,271344,429510,26066,7314.26002,1818371,66,62.38,60.45,103.54,NA
2018-2019,March,31,UTTAR PRADESH,3180,KASHGANJ,1187542,177.389729250072,39,113,1001.014720304,3957,1,1883,1405282,286138,24844,1107,69,208.93842,3702.779075304,35412,43348,61175,112495,588,131184,207740,5840,2492.825935,338856,31,64.68,79.47,110.75,NA
2018-2019,March,31,UTTAR PRADESH,3184,SAMBHAL,1922549,177.789810674934,38,158,1174.64068008,6532,115,2740,2068453,615442,43734,373,13,291.1398,5143.27915268,53147,62594,90870,133261,885,159448,218584,9272,3677.4986726,477686,42,62.48,60.14,120.23,NA
2018-2019,June,31,UTTAR PRADESH,3112,SAHARANPUR,130876,147.94935864262,13,50,317.591594575,1174,90,3017,307239,135609,60988,473,205,48.39425,820.543974575,23104,26420,79164,122964,22,117240,172375,4191,454.55813,100612,14,77.36,83.84,105.76,NA
2018-2019,June,31,UTTAR PRADESH,3114,MUZAFFARNAGAR,116016,147.149723045442,18,8,108.660598132,441,62,1270,113376,35970,11681,343,85,12.39727,287.890338132,6208,6518,29466,37279,0,77293,96519,1711,166.83247,24999,4,49.91,56.1,108.8,NA
2018-2019,June,31,UTTAR PRADESH,3126,PILIBHIT,266466,140.271799114884,18,116,1165.678161439,7621,27,4069,783174,157850,50557,1315,504,115.79294,2380.043361439,41606,48584,130369,223271,22,276381,408623,11690,1098.57226,166451,68,59.54,50.44,102.2,NA
2018-2019,June,31,UTTAR PRADESH,3128,KHERI,1028551,142.349438942823,21,219,159.9599633593,5149,37,40914,1539950,612298,167854,10846,6896,77.34949,2429.4196383593,72872,90449,256796,427862,5,518288,754867,46063,2192.110185,454539,87,84.94,51.44,113.53,NA
2018-2019,June,31,UTTAR PRADESH,3129,SITAPUR,1806515,147.240841995606,25,360,942.898830107999,11326,24,67159,2559182,1149520,326129,2883,906,261.02862,4972.088575108,101119,133897,346660,697643,11,616849,1091012,78485,3768.161125,851085,86,84.57,28.53,126.26,NA
2018-2019,June,31,UTTAR PRADESH,3135,ETAWAH,152672,173.22768301123,20,21,291.791661247,1597,18,9767,343886,155318,42824,1045,146,55.37877,942.876181247,16414,17700,62232,93252,1,141021,192378,11364,595.70575,104122,73,60.83,52.16,119.42,NA
2018-2019,June,31,UTTAR PRADESH,3140,LALITPUR,1094412,143.326995764935,29,82,1128.286327825,1238,0,9244,1352990,329427,60578,112092,18641,56.1276,3123.613847825,45232,64254,116706,233859,397,173467,328803,10482,1939.19992,512729,57,87.48,84.22,100.78,NA
2018-2019,June,31,UTTAR PRADESH,3141,HAMIRPUR,185379,149.316217156227,24,32,777.8010955,2718,9,8606,474405,132040,52022,370,74,101.77636,1587.9410555,19184,27680,87291,177466,4,161354,312696,11324,708.3636,189469,59,72.54,65.39,133.99,NA
2018-2019,June,31,UTTAR PRADESH,3145,PRAYAGRAJ,1649879,142.386419660665,22,79,1161.146301759,11063,16,29494,1122078,615907,163606,1311,98,128.54644,2887.379431759,49691,62287,178586,299020,4,366871,568968,40557,1597.68669,443663,83,79.61,23.93,113.05,NA
2018-2019,June,31,UTTAR PRADESH,3156,MAU,2113938,144.156926242394,28,225,2469.246185151,4023,4,13934,1835187,537457,63829,12612,1199,169.756,5284.551355151,63898,70712,150463,208353,56,234993,312814,17957,2645.54917,794924,61,62.04,55.24,105.97,NA
2018-2019,June,31,UTTAR PRADESH,3166,HATHRAS,144596,140.324938005726,16,21,76.594511387,582,60,1153,193163,57385,17690,108,44,19.75853,367.408901387,11568,12495,38008,59740,1,73214,106406,1735,271.05586,20787,16,84.82,84.5,101.07,NA
2018-2019,June,31,UTTAR PRADESH,3170,KAUSHAMBI,522347,132.175855020178,27,57,225.447874853,2476,4,15131,549373,297454,89015,256,71,61.4579,1013.044234853,20095,25264,77054,146473,24,206111,336442,17607,726.13846,258394,91,93.48,35.63,113.95,NA
2018-2019,June,31,UTTAR PRADESH,3178,AMBEDKAR NAGAR,767319,145.193654216451,26,22,947.69533048,3110,16,15724,974789,423734,99949,1137,497,100.19949,2463.22659048,37123,42488,114810,207792,13,245396,392496,18834,1415.33177,421251,75,81.13,64.84,101.97,NA
2018-2019,June,31,UTTAR PRADESH,3179,MAHOBA,220159,110.932499743663,23,9,88.444004581,676,16,6966,185303,56523,42673,371,190,18.9482,312.953454581,8011,11993,50576,143941,2,99255,261641,7642,205.56125,74830,78,91.62,58.4,124.23,NA
2018-2019,July,31,UTTAR PRADESH,3109,BIJNOR,435576,165.68749701977,12,143,387.100995006,3339,84,5159,629146,265241,108545,1292,583,81.9276,1511.444855006,50072,59952,145566,243469,7,207053,324686,8498,1042.41626,174954,41,67.19,76.72,124.59,NA
2018-2019,July,31,UTTAR PRADESH,3126,PILIBHIT,426345,167.452014441225,21,132,1187.316055339,8506,12,3814,1021797,208841,50507,1724,504,115.79294,3014.128655339,47709,56080,130642,223565,56,276733,408999,12320,1711.01966,207253,67,55.11,51.85,102.65,NA
2018-2019,July,31,UTTAR PRADESH,3137,KANPUR NAGAR,234462,160.786247823463,19,48,136.438524922,2777,19,6502,232020,91119,49424,4453,2391,28.36998,537.864757122,11703,13336,62297,116328,2,199550,307613,9279,373.0562522,72544,72,84.66,51.23,110.43,NA
2018-2019,July,31,UTTAR PRADESH,3139,JHANSI,1621977,159.119716022577,38,151,1379.887036861,4353,1,12730,1564068,531109,84673,18420,1849,123.90346,3992.531056861,40216,58894,107926,225165,503,186075,371218,17083,2488.74056,587869,52,62.86,57.36,115.47,NA
2018-2019,July,31,UTTAR PRADESH,3141,HAMIRPUR,291899,153.606586316321,28,35,820.96496414,3082,6,8607,663345,185184,52034,487,74,104.91886,1944.82543414,22982,33586,87467,177680,15,161545,312921,11689,1018.94161,265708,58,72.11,66.71,131.78,NA
2018-2019,July,31,UTTAR PRADESH,3150,SULTANPUR,1093371,170.910167216664,31,78,1497.772327808,5777,18,26940,1632433,497579,61293,4370,398,197.58344,4485.349737808,52656,60013,135703,199616,14,286572,389085,32717,2789.99397,648353,83,60.64,38.38,116.34,NA
2018-2019,July,31,UTTAR PRADESH,3154,GORAKHPUR,1427523,171.299953134795,29,91,487.64078049,5895,10,16641,2338622,672583,70417,6574,717,164.20933,4657.90850049,78580,86464,163408,236392,63,371015,492600,22536,4006.05839,928631,74,54.25,65.72,111.84,NA
2018-2019,July,31,UTTAR PRADESH,3161,VARANASI,318433,175.711579260625,18,57,390.077258666,3366,83,6389,416676,175433,55059,1625,533,45.57797,1167.803208666,22801,28065,71374,135401,3,153927,249792,9755,732.14798,195836,69,61.78,48.84,105.47,NA
2018-2019,July,31,UTTAR PRADESH,3165,BAGHPAT,16484,197.24568183987,20,3,16.987940943,282,43,399,20958,8089,3706,0,11,1.408,59.734690943,1042,1180,7634,11412,1,31910,44296,681,41.33875,5693,7,30.98,57.13,110.28,NA
2018-2019,July,31,UTTAR PRADESH,3169,AURAIYA,240587,155.955394208552,22,27,171.718985684,3212,2,11795,410709,209509,52017,1783,573,30.66803,842.909855684,18453,20278,70281,106211,5,130520,184041,15007,640.52284,147507,83,62.22,28.21,109.38,NA
2018-2019,July,31,UTTAR PRADESH,3171,CHANDAULI,884202,164.645374939129,31,140,854.005231463,1678,14,13373,1254697,428005,77068,7017,1021,90.7092,3010.515011463,39637,56627,95149,208029,80,231978,441781,15051,2065.80058,471352,70,70.45,60.28,110.4,NA
2018-2019,July,31,UTTAR PRADESH,3184,SAMBHAL,769020,165.054830479634,26,127,276.486141702,2331,122,3685,1025511,325393,43177,172,13,134.48682,2103.628404302,39316,45959,88958,131065,58,155881,214543,6016,1692.6554426,232661,49,77.81,73.95,118.2,NA
2018-2019,May,31,UTTAR PRADESH,3110,MORADABAD,369947,93.7320148056804,17,50,269.381524741,1350,168,6184,504401,119007,35776,90,17,18.11008,760.276824741,28281,33958,91715,147435,1,156821,232472,7534,472.78522,164718,77,93.49,64.02,107.97,NA
2018-2019,May,31,UTTAR PRADESH,3112,SAHARANPUR,82545,132.505962462885,9,33,297.417985275,791,172,3200,145829,66090,60921,192,205,42.86825,533.518355275,14777,16698,78978,122696,0,116965,171980,3991,193.23212,47609,15,74.11,76.71,102.76,NA
2018-2019,May,31,UTTAR PRADESH,3120,AGRA,226298,131.338693935181,15,23,302.288568613,928,168,3577,279052,91880,37622,2099,931,22.21608,691.007900813,17915,20591,72269,107532,0,154662,210701,4505,366.5032522,80022,55,87.11,78.69,106.96,NA
2018-2019,May,31,UTTAR PRADESH,3124,BUDAUN,200858,186.073778073677,15,90,326.651113699,1717,124,11359,366491,74980,43296,281,80,80.30182,1088.896583699,23579,25663,125551,179109,0,250100,335536,13076,681.94365,88008,69,75.67,52.99,109.34,NA
2018-2019,May,31,UTTAR PRADESH,3131,UNNAO,686028,136.463438799447,17,49,312.620073104,4596,69,19534,461254,177462,86895,806,537,53.41821,995.481353104,25786,28630,149196,222674,0,362481,478734,24130,629.44307,146260,87,82.6,26.55,107.3,NA
2018-2019,May,31,UTTAR PRADESH,3133,RAE BARELI,357424,117.295907810069,15,90,1786.239761004,4510,10,21686,713310,241093,115779,1777,826,131.10774,2754.030941004,45021,51508,177642,326564,0,309566,514929,26196,836.68344,293155,64,40.3,23.86,100.54,NA
2018-2019,May,31,UTTAR PRADESH,3138,JALAUN,508009,128.042480552929,19,144,1092.498202511,1380,17,15691,765668,287271,107251,741,416,175.49928,2248.377782511,38433,53841,129131,289226,0,207306,436026,17071,980.3803,275218,55,88.24,81.48,115.45,NA
2018-2019,May,31,UTTAR PRADESH,3142,BANDA,412256,129.138415679188,20,15,853.745542369,1801,2,17988,407266,125999,84783,317,173,62.37926,1442.061662369,20078,26682,121736,273242,0,211203,446292,19789,525.93686,174752,80,78.8,39.36,100.6,NA
2018-2019,May,31,UTTAR PRADESH,3144,PRATAPGARH,426797,128.12526911674,20,38,2226.668730066,1472,258,36175,1005140,530309,125732,760,422,114.67821,3629.185270066,49150,53680,187024,260248,2,367095,506439,37647,1287.83833,466254,81,59.66,44.87,115.82,NA
2018-2019,May,31,UTTAR PRADESH,3150,SULTANPUR,591044,152.589507192974,21,50,1115.713119708,3017,78,28354,795707,253117,61205,2109,399,115.254,2445.132509708,36274,41065,135128,199161,2,283658,386008,31371,1214.16539,320300,85,59.82,30.37,114.77,NA
2018-2019,May,31,UTTAR PRADESH,3157,AZAMGARH,1385792,107.951418656398,16,76,2030.719796867,2562,443,23090,1301055,520423,120730,1184,375,108.78337,3544.010496867,76674,81603,234742,299608,0,479689,581674,25652,1404.50733,534757,71,72.71,67.85,147.31,NA
2018-2019,May,31,UTTAR PRADESH,3167,AMROHA,229742,125.992481834209,14,39,346.472405351,1469,130,2875,321621,98792,52959,29,33,35.16377,786.854455351,21460,26442,103665,178229,4,149872,244362,4344,405.21828,79418,7,57.91,57.47,218.3,NA
2018-2019,May,31,UTTAR PRADESH,3176,SHRAVASTI,246302,137.320581775912,18,39,255.490226995,2415,24,2815,209909,74106,50520,1074,1346,11.23,554.968486995,11553,13767,71673,137468,0,125320,213907,5230,288.24826,82666,70,77.36,48.38,103.73,NA
2018-2019,May,31,UTTAR PRADESH,3178,AMBEDKAR NAGAR,479575,134.67056419534,21,19,914.2157985,1995,42,16451,614663,268255,99940,732,497,65.89949,1807.8854185,28512,32325,114604,207564,1,244988,392034,18446,827.77013,274041,77,75.5,55.34,100.63,NA
2018-2019,April,31,UTTAR PRADESH,3111,RAMPUR,121208,428.536126154826,9,9,235.253687571,248,299,3158,31390,5530,28255,48,150,24.554,394.325177571,3181,3474,85465,120261,0,159196,210232,3406,134.51749,7000,61,52.25,35.95,135.42,NA
2018-2019,April,31,UTTAR PRADESH,3116,GHAZIABAD,0,0,0,0,0,0,161,3,0,0,19,0,0,0,0,0,0,64,203,0,17599,25864,3,0,0,0,0,0,0,NA
2018-2019,April,31,UTTAR PRADESH,3126,PILIBHIT,59215,171.480905513506,13,30,600.217221709,1612,169,8893,116133,22898,50702,198,504,60.1944,859.557541709,8447,9746,129175,222026,0,272820,404314,10505,199.14592,36465,74,39.86,23.71,102.13,NA
2018-2019,April,31,UTTAR PRADESH,3130,HARDOI,372420,246.605368154979,14,40,728.113920038,2188,303,34161,305021,141133,145798,308,379,97.37275,1577.684830038,20550,23366,249685,353267,0,559261,725071,36349,752.19816,94763,81,74.45,14.54,153.14,NA
2018-2019,April,31,UTTAR PRADESH,3132,LUCKNOW,95307,207.019419915886,12,4,170.938866125,497,227,7040,59681,38879,85579,196,324,4.62,299.110126125,4783,5504,69074,124637,0,189662,293043,7537,123.55126,22930,82,53.59,35.66,127.68,NA
2018-2019,April,31,UTTAR PRADESH,3143,FATEHPUR,297648,67.0112397735209,19,9,480.578684571,614,382,24423,320736,148012,98142,15,31,48.228,743.735854571,16866,18781,138783,209780,0,263470,367901,25037,214.92917,152515,89,58.28,33.06,115.97,NA
2018-2019,April,31,UTTAR PRADESH,3148,BARABANKI,141911,199.325781267246,14,10,873.231356576,2607,211,17819,271802,120040,135734,408,157,10.454,1425.456816576,18738,21583,195196,322823,0,445432,643818,20426,541.77146,82313,72,53.84,39.78,101.23,NA
2018-2019,April,31,UTTAR PRADESH,3166,HATHRAS,36740,119.606314155094,10,1,57.698685047,286,277,1064,23186,6230,17505,28,44,9.60199,95.032595047,2276,2416,37782,59433,0,72861,105909,1350,27.73192,3198,19,72.81,70.29,103.79,NA
2018-2019,April,31,UTTAR PRADESH,3170,KAUSHAMBI,91411,75.1822669451301,17,23,155.051095853,239,259,16921,126408,59996,89104,78,70,33.5315,283.618995853,7216,8825,76593,146081,0,203945,333909,17160,95.0364,61239,92,91.66,11.02,124.09,NA
2018-2019,April,31,UTTAR PRADESH,3176,SHRAVASTI,151837,154.57805680433,16,12,246.421410595,597,67,4092,76297,23644,50913,314,1422,8.53,372.889830595,4609,5635,71598,138254,0,124937,214300,4689,117.93842,34564,75,63.04,34.46,104.82,NA
2018-2019,April,31,UTTAR PRADESH,3182,HAPUR,0,168.026151930262,10,0,0,22,253,72,1606,777,3242,0,5,1.20762,3.90612,155,166,7204,8331,0,11016,12754,94,2.6985,371,0,66.95,66.95,110.08,NA
