fin_year,month,state_code,state_name,district_code,district_name,Approved_Labour_Budget,Average_Wage_rate_per_day_per_person,Average_days_of_employment_provided_per_Household,Differently_abled_persons_worked,Material_and_skilled_Wages,Number_of_Completed_Works,Number_of_GPs_with_NIL_exp,Number_of_Ongoing_Works,Persondays_of_Central_Liability_so_far,SC_persondays,SC_workers_against_active_workers,ST_persondays,ST_workers_against_active_workers,Total_Adm_Expenditure,Total_Exp,Total_Households_Worked,Total_Individuals_Worked,Total_No_of_Active_Job_Cards,Total_No_of_Active_Workers,Total_No_of_HHs_completed_100_Days_of_Wage_Employment,Total_No_of_JobCards_issued,Total_No_of_Workers,Total_No_of_Works_Takenup,Wages,Women_Persondays,percent_of_Category_B_Works,percent_of_Expenditure_on_Agriculture_Allied_Works,percent_of_NRM_Expenditure,percentage_payments_gererated_within_15_days,Remarks
2021-2022,April,31,UTTAR PRADESH,3121,FIROZABAD,125102,152.993549263801,15,8,0,91,212,15529,125102,46648,39730,56,118,0,191.39799,7964,8411,89000,108444,0,213416,263010,15620,191.39799,51461,33,69.45,53.73,99.23,NA
2021-2022,April,31,UTTAR PRADESH,3124,BUDAUN,74759,189.59254404152,15,11,0,344,745,17142,74759,13592,44737,175,159,0,141.73749,4920,5199,156446,205446,0,315911,412192,17486,141.73749,18498,21,42.55,34.16,101.52,NA
2021-2022,April,31,UTTAR PRADESH,3126,PILIBHIT,195164,168.732860423159,21,20,0,2104,118,18832,195104,39980,51961,615,567,0,329.20456,9025,12376,169204,268632,0,315167,464690,20936,329.20456,69803,56,50.59,14.96,105.05,NA
2021-2022,April,31,UTTAR PRADESH,3128,KHERI,361363,154.078919035612,18,47,0,981,246,65602,361307,136608,186973,2543,8882,0.2464,556.94432,19821,25601,342230,528879,0,668336,954979,66583,556.69792,137031,73,85.26,18.43,102.75,NA
2021-2022,April,31,UTTAR PRADESH,3135,ETAWAH,88750,216.291211267606,15,3,0,360,128,17300,88750,30246,52280,122,215,0,191.95845,5686,6001,103691,138450,0,200982,262927,17660,191.95845,23646,33,55.22,56.98,133.13,NA
2021-2022,April,31,UTTAR PRADESH,3139,JHANSI,192042,150.277907957634,23,37,0,428,51,21988,192042,84761,86151,2737,1995,0,288.5967,8039,11122,129780,240153,0,226497,431562,22416,288.5967,85294,60,76.75,17.44,100.77,NA
2021-2022,April,31,UTTAR PRADESH,3146,BAHRAICH,746300,142.797596546854,21,28,0,682,57,41563,746218,123051,80092,3661,3346,0,1065.581369,35137,40077,308974,447105,8,651618,878796,42245,1065.581369,333863,79,45.84,28.73,100.15,NA
2021-2022,April,31,UTTAR PRADESH,3147,GONDA,168199,130.356274701205,17,13,0,975,704,36009,168008,44879,56294,506,584,0,219.00897,9555,10390,213329,257463,0,441849,522213,36984,219.00897,79995,62,65.14,40.11,119.93,NA
2021-2022,April,31,UTTAR PRADESH,3148,BARABANKI,314065,173.345710346057,21,24,0,874,291,35505,314023,124144,139053,113,205,0,544.3454,14873,18058,234261,343652,0,512809,729527,36379,544.3454,134227,53,42.86,20.69,101.4,NA
2021-2022,April,31,UTTAR PRADESH,3151,SIDDHARTH NAGAR,387065,163.949922697032,17,24,0,860,264,38074,386143,92001,74959,278,334,0,633.08115,21657,23758,300707,376198,0,503316,628994,38934,633.08115,206077,47,62.72,39.67,106.29,NA
2021-2022,April,31,UTTAR PRADESH,3153,BASTI,362154,186.562032044199,19,23,0,663,234,52167,362000,91478,95701,164,210,0,675.354556,18876,21416,294353,411196,0,521251,716109,52830,675.354556,177470,59,69.44,28.6,113.15,NA
2021-2022,April,31,UTTAR PRADESH,3164,GAUTAM BUDDHA NAGAR,42,201,21,0,0,1,86,128,42,0,556,0,16,0,0.08442,2,3,1217,1543,0,16768,19349,129,0.08442,21,20,100,0,119.61,NA
2021-2022,April,31,UTTAR PRADESH,3166,HATHRAS,42593,173.016199845045,18,2,0,150,152,7482,42593,11704,25505,88,81,0,73.69279,2320,2884,62183,91144,0,99174,139193,7632,73.69279,13858,20,64.21,23.52,141.76,NA
2021-2022,April,31,UTTAR PRADESH,3167,AMROHA,18350,555.42,20,1,0,362,323,7237,18350,6698,51303,0,79,0,101.91957,906,1167,113546,180251,0,174378,276422,7599,101.91957,9079,32,62.39,15.43,112.64,NA
2021-2022,April,31,UTTAR PRADESH,3171,CHANDAULI,147366,213.553251767708,17,15,0,264,123,25039,147366,47096,83186,735,1084,0,314.704885,8425,10536,139552,249376,0,280577,508012,25303,314.704885,54065,46,70.09,41.5,113.52,NA
2021-2022,April,31,UTTAR PRADESH,3172,KUSHI NAGAR,479547,159.829401497663,16,114,0.004,4283,211,36739,479547,139220,105574,516,573,0,766.4611,28347,32614,239074,359873,0,488329,681276,41022,766.4571,181639,37,73.62,68.43,110,NA
2021-2022,April,31,UTTAR PRADESH,3173,SANT RAVIDAS NAGAR,70252,162.18733982573,16,1,0,489,272,22969,70236,31544,48522,91,421,0,113.9139,4211,4864,74181,117227,0,187724,307505,23458,113.9139,37804,68,91.42,45.23,108.38,NA
2021-2022,March,31,UTTAR PRADESH,3110,MORADABAD,3559709,202.824261297794,37,200,1213.60609786,10270,1,11843,3355987,683566,40778,2921,135,437.76498,8458.12691986,89775,107019,130304,188239,6254,227230,314087,22113,6806.755842,875710,40,68.87,63.52,101.26,NA
2021-2022,March,31,UTTAR PRADESH,3111,RAMPUR,3314619,202.714639450251,36,123,4242.91459103201,6538,3,13983,3281059,581615,33271,4519,198,431.66441,11325.765923032,89015,99442,121847,157739,4336,247546,308609,20521,6651.186922,623681,32,40.18,38.21,110.72,NA
2021-2022,March,31,UTTAR PRADESH,3120,AGRA,3214514,202.742908985542,37,156,1565.299805904,5326,5,15297,3147434,988185,55416,24173,1290,515.96712,8462.466175904,83021,103872,119306,175758,4612,218633,304881,20623,6381.19925,1001363,36,63.71,59.23,103.56,NA
2021-2022,March,31,UTTAR PRADESH,3125,BAREILLY,4824761,202.783390798932,34,785,3121.084899894,12437,0,21711,4858849,1000852,71905,5016,231,774.57625,13748.599905894,142394,176245,215846,326553,7122,341545,490022,34148,9852.938756,1009487,38,56.44,59.53,101.72,NA
2021-2022,March,31,UTTAR PRADESH,3131,UNNAO,5062819,203.314609180525,44,183,1101.682430791,24775,0,17790,4927518,1676275,95572,8351,576,697.24547,11817.291864791,111403,132590,202074,275945,9006,426499,546311,42565,10018.363964,1639029,58,78.68,61.74,100.33,NA
2021-2022,March,31,UTTAR PRADESH,3142,BANDA,4363094,204.380443807128,46,69,2050.488056605,18427,1,33767,4382264,1311071,91296,4047,240,384.69564,11391.674308605,94837,138621,166797,328256,7384,291541,542134,52194,8956.490612,2132660,77,63.24,39.06,100.9,NA
2021-2022,March,31,UTTAR PRADESH,3143,FATEHPUR,5236218,201.796485396323,48,178,2280.004863472,20471,1,36246,5437569,2226410,106482,3991,129,679.97108,13932.799076472,113198,131900,179935,246226,8497,387705,506806,56717,10972.823133,2397211,69,65.3,59.15,101.27,NA
2021-2022,March,31,UTTAR PRADESH,3150,SULTANPUR,6780749,197.426978087172,51,236,4306.836927996,41145,3,28851,7166259,2433807,74695,26078,551,564.20828,19019.173793596,139521,165378,196515,248099,21908,445789,564324,69996,14148.1285856,3323002,71,65.55,39.29,103.24,NA
2021-2022,March,31,UTTAR PRADESH,3164,GAUTAM BUDDHA NAGAR,8648,197.979741010274,18,0,0,37,14,181,9344,3091,603,230,18,0,18.499227,502,521,1400,1730,0,17032,19618,218,18.499227,1254,12,5.42,87.34,132.28,NA
2021-2022,March,31,UTTAR PRADESH,3166,HATHRAS,1308364,202.138766150016,31,32,452.307364882,3432,9,6189,1292491,370550,27072,1443,100,216.86957,3281.802294882,41677,48680,66797,97257,2412,106756,148380,9621,2612.62536,220918,18,69.31,69.65,103.47,NA
2021-2022,March,31,UTTAR PRADESH,3172,KUSHI NAGAR,5387460,200.340347948471,40,377,3085.395744919,19753,1,32946,5428390,1544703,106677,10717,630,699.49404,14660.145198919,134215,161683,245014,366933,9733,499808,691350,52699,10875.255414,1980178,32,62.8,57.17,103.92,NA
2021-2022,March,31,UTTAR PRADESH,3173,SANT RAVIDAS NAGAR,2043591,203.505577784701,40,62,1048.810086966,9518,0,20981,2057609,903710,49768,7010,430,303.47666,5539.635830966,50991,65349,77226,121150,1859,188232,301640,30499,4187.349084,1039534,68,70.54,40.11,106.31,NA
2021-2022,March,31,UTTAR PRADESH,3175,BALRAMPUR,4136664,201.060846551307,44,117,3021.64690337499,7414,0,27283,4381471,793705,38094,71911,3565,690.66037,12521.729957375,98486,111062,154895,208802,9104,261631,338661,34697,8809.422684,1563743,45,66.93,60.45,101.19,NA
2021-2022,March,31,UTTAR PRADESH,3176,SHRAVASTI,2805893,204.453500790593,47,140,530.102001659,8033,0,9865,2860511,889442,51454,22466,1244,233.66384,6612.180721659,59790,78247,96855,162537,6732,171120,268497,17898,5848.41488,1046936,60,76.71,63.24,103.09,NA
2021-2022,March,31,UTTAR PRADESH,3179,MAHOBA,1621287,203.174283579176,45,46,652.884805984,5126,1,12278,1608482,487956,34911,2671,171,192.89375,4113.800335984,35411,57605,59690,122073,2607,107593,235771,17404,3268.02178,643850,64,71.64,45.55,102.51,NA
2021-2022,March,31,UTTAR PRADESH,3183,SHAMLI,502127,204.812977714584,42,7,37.38511872,1436,0,4264,514821,82085,4182,595,29,9.13087,1100.93620872,12158,14103,22877,27710,744,55571,66341,5700,1054.42022,140661,20,66.4,74.34,100.64,NA
2021-2022,Feb,31,UTTAR PRADESH,3110,MORADABAD,3354428,200.026663926171,36,199,1157.31897786,7460,1,14383,3269481,667459,40778,2857,135,340.62643,8037.77917986,89270,106258,130305,188242,4871,230137,318347,21843,6539.833772,854578,41,71.66,66.29,101.25,NA
2021-2022,Feb,31,UTTAR PRADESH,3115,MEERUT,889929,198.417609243386,44,24,241.079857852,1632,3,4039,918408,407994,17143,4465,214,6.27939,2069.642444552,20564,23195,31662,39096,1343,74808,90032,5671,1822.2831967,341579,23,65.86,74.99,105.59,NA
2021-2022,Feb,31,UTTAR PRADESH,3116,GHAZIABAD,64,204,12,0,0,4,160,17,216,28,20,0,0,0,0.44064,18,21,112,122,0,17909,26201,21,0.44064,165,38,41.2,71.3,108,NA
2021-2022,Feb,31,UTTAR PRADESH,3122,ETAH,2619189,199.316969255696,41,69,848.274661158001,4574,3,14413,2627381,489893,32593,635,47,350.25412,6435.344961158,63324,72873,101968,142200,2866,234494,325470,18987,5236.81618,779724,37,63.36,53.37,108.11,NA
2021-2022,Feb,31,UTTAR PRADESH,3130,HARDOI,7460749,201.978338874904,41,201,4265.82377506901,17166,0,39910,7472911,2757818,150728,11918,476,779.76445,20139.249728469,180094,197427,308506,399072,8929,697691,881032,57076,15093.6615034,1523063,40,67.09,66.14,103.91,NA
2021-2022,Feb,31,UTTAR PRADESH,3134,FARRUKHABAD,2545246,198.814685913033,41,132,1810.84555144299,5134,4,15193,2647149,362766,16308,5502,152,290.7886,7364.55512144299,63918,70881,86618,106173,4362,193082,232518,20327,5262.92097,578350,44,67.95,59.48,106.1,NA
2021-2022,Feb,31,UTTAR PRADESH,3136,KANPUR DEHAT,2524681,201.088787288048,35,236,631.670567793,5515,1,22764,2557656,989880,59845,14128,988,264.50103,6039.331031193,72368,87403,107671,156045,2457,271966,401829,28279,5143.1594334,686682,50,71.56,64.54,105.81,NA
2021-2022,Feb,31,UTTAR PRADESH,3137,KANPUR NAGAR,1572537,196.407682920068,33,148,261.877939241,4825,0,12839,1587278,631087,44312,23509,1669,249.64612,3629.060000541,48068,58588,72290,108757,2075,210048,310224,17664,3117.5359413,387838,46,70.78,62.15,103.73,NA
2021-2022,Feb,31,UTTAR PRADESH,3149,AYODHYA,4126848,199.444849291826,40,146,2794.863295699,13965,28,19669,4375476,1684125,109713,7177,495,530.46916,12051.993969699,108777,127638,186588,291973,7666,303880,445120,33634,8726.661514,1794637,60,67.29,55.89,101.67,NA
2021-2022,Feb,31,UTTAR PRADESH,3155,DEORIA,4188334,196.044774369535,41,94,1515.782217625,6439,0,28210,4251066,987902,48448,114739,5593,601.25689,10451.031855625,102939,111002,163744,194585,4932,318208,375784,34649,8333.992748,1519014,39,69.88,64.87,100.17,NA
2021-2022,Feb,31,UTTAR PRADESH,3162,MIRZAPUR,5091680,197.239302674331,41,199,5345.487567926,18439,1,34820,5361340,2302677,149387,63665,3689,444.58457,16364.741767926,128632,178466,205442,345568,9198,406118,646134,53259,10574.66963,2382777,67,61.84,43.68,101.3,NA
2021-2022,Feb,31,UTTAR PRADESH,3163,SONBHADRA,5612284,197.785508827798,42,295,2603.846303981,16630,1,26288,5874738,1846474,118627,1769276,107689,461.91342,14685.140169581,137622,197829,215861,382443,9691,374165,716824,42918,11619.3804456,2936779,75,83.16,60.7,100.54,NA
2021-2022,Feb,31,UTTAR PRADESH,3164,GAUTAM BUDDHA NAGAR,8160,192.166551229998,18,0,0,17,20,189,8374,2774,596,230,18,0,16.092027,453,470,1391,1720,0,17022,19607,206,16.092027,1163,13,3.95,89.02,134.88,NA
2021-2022,Feb,31,UTTAR PRADESH,3167,AMROHA,2940106,204.243667129095,33,144,1227.797448756,7278,3,10295,2911441,731749,52878,1010,86,344.56535,7518.796663456,87851,108739,122915,192001,4237,186461,284469,17573,5946.4338647,634992,22,72.47,70.8,100.55,NA
2021-2022,Feb,31,UTTAR PRADESH,3177,CHITRAKOOT,3243875,197.528964353569,46,91,1270.801377207,8697,0,20261,3339605,1548885,93789,854,32,229.75089,8097.239437207,71411,107909,114149,213654,6572,173461,316678,28958,6596.68717,1454466,69,60.26,48.73,100.91,NA
2021-2022,Feb,31,UTTAR PRADESH,3178,AMBEDKAR NAGAR,4165754,195.713993935739,36,154,2016.507368157,7181,0,36850,4263669,1560944,112387,11339,690,472.39539,10833.499646257,118193,145287,179410,277353,4208,363207,530558,44031,8344.5968881,1739956,52,65.8,45.9,100.84,NA
2021-2022,Feb,31,UTTAR PRADESH,3183,SHAMLI,473081,199.117431608055,41,7,34.60569872,1304,0,4384,494722,78878,4182,595,29,6.98626,1026.66969872,12052,13972,22877,27710,639,56096,66959,5688,985.07774,136131,20,69.88,78.24,100.67,NA
2021-2022,Aug,31,UTTAR PRADESH,3112,SAHARANPUR,754288,181.842109247396,16,100,333.982963146,792,7,20531,754288,297487,73527,1940,313,36.88871,1742.484882146,45595,52849,105761,155939,34,171726,241095,21323,1371.613209,284566,34,58.8,63.68,101.08,NA
2021-2022,Aug,31,UTTAR PRADESH,3115,MEERUT,480820,180.611376565035,30,16,126.421976872,478,14,4471,480820,204894,16809,1341,212,2.62092,997.458517672,15517,17324,31074,38412,21,73135,88134,4949,868.4156208,180123,26,68.15,75.59,102.76,NA
2021-2022,Aug,31,UTTAR PRADESH,3124,BUDAUN,1786702,170.7430089421,21,342,886.30460767,1866,2,19277,1778665,343856,46949,1451,166,123.24403,4046.49477767,82135,88957,170075,220663,116,339016,437659,21143,3036.94614,362283,19,69.06,72.98,102.26,NA
2021-2022,Aug,31,UTTAR PRADESH,3129,SITAPUR,5877963,181.583337225012,29,486,4891.501900463,18168,2,84599,5884350,2238816,320424,10448,1157,309.54061,15886.041614463,200269,258036,450370,780292,812,844109,1397767,102767,10684.999104,1987925,80,73.77,37.26,105.51,NA
2021-2022,Aug,31,UTTAR PRADESH,3139,JHANSI,2568460,178.911886745877,37,205,1196.211908963,2679,0,24272,2568348,935957,87948,30519,2081,107.94219,5899.233963963,68725,103984,134148,246909,1078,232998,439904,26951,4595.079865,1020259,58,79.56,61.94,102.25,NA
2021-2022,Aug,31,UTTAR PRADESH,3143,FATEHPUR,2180327,170.13018848374,27,122,923.808168188,2690,2,48670,2181090,905565,106127,1585,128,137.62431,4772.125006188,79824,89061,179316,245532,160,392786,515393,51360,3710.692528,959731,70,72.16,58.78,101.85,NA
2021-2022,Aug,31,UTTAR PRADESH,3146,BAHRAICH,4915295,188.888471877414,30,126,1828.95016834,6731,2,49027,4914573,809731,81148,38249,3389,249.76456,11361.77656734,159020,188369,319699,459829,1589,665086,889422,55758,9283.061839,1995329,81,74.2,51.79,100.07,NA
2021-2022,Aug,31,UTTAR PRADESH,3156,MAU,2104029,189.64454021964,24,233,1211.547740165,2718,5,26172,2103537,659843,79808,16329,1897,143.61695,5344.407762165,86999,98478,203609,269934,116,337189,432340,28890,3989.243072,1029420,66,80.87,63.57,104.14,NA
2021-2022,Aug,31,UTTAR PRADESH,3159,BALLIA,1497508,183.682490219316,23,96,390.98243052,5194,6,39800,1496061,254506,44584,40623,5986,169.01438,3307.99891052,63136,70817,194224,268979,20,410232,531406,44994,2748.0021,682091,59,76.84,55.17,103.52,NA
2021-2022,Aug,31,UTTAR PRADESH,3173,SANT RAVIDAS NAGAR,815841,178.334783478409,23,41,435.207464188001,2342,2,26106,814861,366934,49552,2236,430,80.26318,1968.651244188,35280,42939,76722,120526,34,193291,314027,28448,1453.1806,410321,69,78.7,46.27,106.2,NA
2021-2022,Aug,31,UTTAR PRADESH,3183,SHAMLI,174419,155.110168722272,24,3,5.9820074,829,0,4460,176266,27840,4039,279,29,2.78544,282.1739374,7118,8278,22420,27157,8,54663,65225,5289,273.40649,54047,20,67.1,65.69,100.59,NA
2021-2022,Dec,31,UTTAR PRADESH,3121,FIROZABAD,2914321,190.053581897214,37,135,748.89953043,2843,6,18546,2916192,967559,40948,5140,127,182.27187,6473.49875143,78375,89133,97050,117573,3845,225134,275489,21389,5542.327351,1012055,31,65.24,62,99.69,NA
2021-2022,Dec,31,UTTAR PRADESH,3127,SHAHJAHANPUR,3612615,192.005333955997,31,272,2584.513079856,9949,1,23096,3612437,957398,84486,2541,192,486.4067,10006.991505656,116394,140965,199864,294664,3263,399809,566852,33045,6936.0717258,784123,50,52.92,38.63,108,NA
2021-2022,Dec,31,UTTAR PRADESH,3144,PRATAPGARH,6464684,184.942876402914,41,75,2598.379809966,6802,44,68933,6456738,2689457,146344,23865,811,494.85024,15034.507028966,153824,173081,272250,341754,5150,594678,741799,75735,11941.276979,3054080,63,62.75,54.27,109.01,NA
2021-2022,Dec,31,UTTAR PRADESH,3145,PRAYAGRAJ,6457475,189.597586682097,38,307,3800.7125833,17137,23,86976,6449544,3203422,221608,6786,338,588.13295,16617.0253093,165650,220264,296311,460499,5363,575914,838334,104113,12228.179776,2919000,76,70.75,36.07,102.87,NA
2021-2022,Dec,31,UTTAR PRADESH,3149,AYODHYA,3588741,188.441238795214,35,135,2748.570134959,7844,28,25111,3588422,1374967,109664,5883,493,474.48698,9985.123984959,101618,118278,186496,291854,4543,303053,444246,32955,6762.06687,1462297,60,71.59,62.71,101.76,NA
2021-2022,Dec,31,UTTAR PRADESH,3151,SIDDHARTH NAGAR,7012355,177.793829458729,36,141,13007.246754089,9004,0,38566,6996242,1322583,75625,6139,343,611.23289,26057.366214089,193582,214469,307925,384135,7028,521431,646423,47570,12438.88657,3488387,42,47.29,49.44,101.04,NA
2021-2022,Dec,31,UTTAR PRADESH,3156,MAU,3593408,187.364853393694,34,281,1698.73566723101,8223,5,23643,3582895,1125731,79893,27804,1900,412.79614,8824.61777123101,104996,121343,203847,270235,2975,337788,432428,31866,6713.085964,1777510,62,78.07,58.74,102.9,NA
2021-2022,Dec,31,UTTAR PRADESH,3158,JAUNPUR,7991477,186.948285862541,39,235,2755.162729752,15262,12,66716,7984278,2928288,141143,35045,1730,868.65044,18550.284029252,201941,213382,317057,371153,6256,682735,790587,81978,14926.4708595,3797803,53,76.62,60.73,100.4,NA
2021-2022,Dec,31,UTTAR PRADESH,3160,GHAZIPUR,5348008,181.481297641146,33,188,1451.050528919,8086,1,49429,5343018,1423626,110375,45768,2952,594.55894,11742.187868519,159876,187962,276851,407404,2821,535272,754240,57515,9696.5783996,2185531,65,65.16,48.31,109.68,NA
2021-2022,Dec,31,UTTAR PRADESH,3161,VARANASI,1935202,186.755604977515,30,150,766.535903366,2355,1,26235,1934138,772393,65557,13714,906,274.78968,4653.436706366,62733,82210,103678,179053,1392,206738,320290,28590,3612.111123,921834,59,55.93,34.59,101.74,NA
2021-2022,Dec,31,UTTAR PRADESH,3162,MIRZAPUR,4513220,192.179869462159,37,182,4393.010270458,11407,1,41190,4512408,1921296,149363,55122,3689,372.75819,13437.708264458,121234,166661,205399,345515,6148,406017,646837,52597,8671.939804,1995329,67,63.61,45.14,101.53,NA
2021-2022,Dec,31,UTTAR PRADESH,3165,BAGHPAT,60531,172.653466818655,24,4,9.11941702,91,5,1531,60531,16753,2870,229,19,4.21816,117.84644702,2441,2782,6447,9194,33,35711,48826,1622,104.50887,16024,10,41.02,62.64,119.16,NA
2021-2022,Dec,31,UTTAR PRADESH,3179,MAHOBA,1388933,193.470603926013,41,46,422.920454718,3711,1,13375,1387107,428021,34898,1861,171,131.51198,3238.076724718,33167,53415,59660,122028,1744,112320,254595,17086,2683.64429,560043,64,86.23,58.04,102.3,NA
2021-2022,Dec,31,UTTAR PRADESH,3180,KASHGANJ,2303994,192.308927352291,34,157,1536.719283126,4812,0,7166,2302564,432671,30269,1822,91,211.48328,6176.238693126,65802,78590,93043,153255,3382,164269,250276,11978,4428.03613,560866,18,60.89,72.36,101.2,NA
2021-2022,Dec,31,UTTAR PRADESH,3182,HAPUR,216727,183.11788173041,37,4,31.923154735,352,8,1127,216573,106411,4919,124,8,2.47468,430.981724735,5840,6386,10861,12161,244,20184,22712,1479,396.58389,84326,22,24.64,41.83,102.16,NA
2021-2022,Nov,31,UTTAR PRADESH,3118,ALIGARH,2649352,190.889826644402,24,216,1040.551230341,2880,2,23103,2649352,675876,55138,3809,305,151.39133,6249.286000341,108367,122010,160276,210425,1055,294965,381926,25983,5057.34344,590303,23,86.89,89.62,100.24,NA
2021-2022,Nov,31,UTTAR PRADESH,3122,ETAH,2023135,189.875497710864,34,61,800.605462176001,3061,3,15156,2021505,372091,32592,507,47,310.98022,4949.928362176,58677,66786,101966,142198,930,234057,325352,18217,3838.34268,587990,38,78.28,67.86,108.08,NA
2021-2022,Nov,31,UTTAR PRADESH,3131,UNNAO,3860065,196.223635695171,37,162,815.002781805,17608,0,23635,3845988,1310101,95535,6792,570,459.38425,8821.124513805,102819,121373,201943,275783,3278,437005,563632,41243,7546.737482,1291309,59,83.85,65.13,100.3,NA
2021-2022,Nov,31,UTTAR PRADESH,3132,LUCKNOW,1695199,192.756618719296,35,107,1009.861944502,5485,5,9382,1695192,1075315,96311,4307,405,225.93021,4503.386934502,48232,60799,91561,148277,1639,212499,325857,14867,3267.59478,561001,65,67.9,48.77,102.86,NA
2021-2022,Nov,31,UTTAR PRADESH,3133,RAE BARELI,4408397,190.659060631803,32,219,2053.356197436,16713,1,48561,4408495,1511942,136072,14386,1084,425.7276,10884.278952436,134982,171008,239173,404157,2454,398347,632663,65274,8405.195155,1705093,60,68.31,48.52,100.61,NA
2021-2022,Nov,31,UTTAR PRADESH,3134,FARRUKHABAD,2047045,190.499200033621,34,127,1639.647843095,2074,4,17656,2046336,285427,16308,4387,152,193.98083,5731.882383095,60037,66300,86618,106173,1433,199303,240843,19730,3898.25371,441171,44,68.3,61.28,105.48,NA
2021-2022,Nov,31,UTTAR PRADESH,3136,KANPUR DEHAT,2025983,194.169430093248,30,217,445.063887231,3854,1,23821,2025770,785212,59789,11071,987,203.1432,4581.633151231,65755,78917,107456,155813,862,273059,404444,27675,3933.426064,551024,50,75.07,66.64,105.54,NA
2021-2022,Nov,31,UTTAR PRADESH,3140,LALITPUR,3526688,187.65368096072,39,159,1941.978586333,906,0,30406,3526688,869894,62719,413056,19987,228.61643,8788.554864333,88684,131791,143441,259620,6618,211608,381658,31312,6617.959848,1452467,63,86.26,64.11,101.58,NA
2021-2022,Nov,31,UTTAR PRADESH,3168,KANNAUJ,1819325,192.707922398527,29,152,560.528858426001,6453,0,19385,1820017,617304,53577,885,65,186.26004,4254.105846426,60775,73968,100475,142456,1203,197573,265370,25838,3507.316948,436844,47,74.51,48.95,106.38,NA
2021-2022,Nov,31,UTTAR PRADESH,3170,KAUSHAMBI,1962144,183.005560182184,34,129,1646.734734109,6268,39,25995,1960871,907301,79869,589,80,158.3247,5393.562392109,56876,70202,104490,159298,1882,243314,372627,32263,3588.502958,864189,75,69.2,49.45,98.79,NA
2021-2022,Nov,31,UTTAR PRADESH,3173,SANT RAVIDAS NAGAR,1454837,184.807867284605,32,51,606.499228615001,3239,1,26418,1451708,655176,49696,4770,430,184.51068,3473.880502615,44743,56103,77078,120978,524,193577,313533,29657,2682.870594,743554,69,75.29,38.53,107.06,NA
2021-2022,Nov,31,UTTAR PRADESH,3179,MAHOBA,1238085,193.200737976937,39,45,422.920454718,2285,1,14666,1236353,383141,34889,1595,171,125.76635,2937.329924718,31328,50107,59628,121975,1244,119838,282561,16951,2388.64312,500787,64,87.67,60.2,101.96,NA
2021-2022,Nov,31,UTTAR PRADESH,3181,AMETHI,3731252,184.70932376673,39,108,4193.858689294,11830,0,41291,3731035,1033552,73847,9315,687,298.29344,11383.721647294,94205,118504,168030,253921,3003,313629,447813,53121,6891.569518,1353429,65,58.11,41.37,101.56,NA
2021-2022,Oct,31,UTTAR PRADESH,3109,BIJNOR,2680486,190.655097077598,19,253,993.848151430999,6922,5,23000,2680124,1094576,129334,7592,736,244.98144,6348.622605431,138356,169921,199256,302917,1155,303265,444580,29922,5109.793014,732211,35,63.25,66.26,104.35,NA
2021-2022,Oct,31,UTTAR PRADESH,3119,MATHURA,2218332,184.897957754161,30,81,2371.94521697,4313,12,18215,2218538,634105,51637,4232,437,121.30523,6595.28190097,71997,92226,103780,161055,1416,205575,316241,22528,4102.031454,743109,12,56.18,59.39,105.09,NA
2021-2022,Oct,31,UTTAR PRADESH,3122,ETAH,1779346,187.911110061679,31,55,377.447614599,2764,3,15075,1778739,327799,32589,485,47,242.97136,3962.867174599,55881,63499,101949,142170,489,233969,325199,17839,3342.4482,512558,38,78.73,68.85,108.09,NA
2021-2022,Oct,31,UTTAR PRADESH,3123,MAINPURI,2522258,192.511956927628,34,100,681.407844152,5019,10,22424,2521570,737779,55427,5173,363,155.93581,5691.667406452,73999,84550,133953,188614,1994,225816,304578,27443,4854.3237523,618492,30,77.33,80.35,105.56,NA
2021-2022,Oct,31,UTTAR PRADESH,3129,SITAPUR,8425839,191.446143499151,36,557,5210.756645087,28531,2,78410,8433806,3206076,321058,13807,1160,500.1617,21857.114682287,230535,302773,452436,782960,5750,847540,1401300,106941,16146.1963372,2847925,80,70.07,36.25,104.95,NA
2021-2022,Oct,31,UTTAR PRADESH,3137,KANPUR NAGAR,1101248,189.46360424593,26,121,112.562869749,2154,0,15121,1101290,432928,44295,16726,1669,174.42682,2373.533416949,41997,50183,72245,108703,308,212004,314691,17275,2086.5437272,270370,46,67.09,61.14,104.48,NA
2021-2022,Oct,31,UTTAR PRADESH,3138,JALAUN,4029676,186.829350112117,38,339,1220.83422463,6657,1,28845,4028818,1306647,99822,4384,434,180.70676,8928.55547123,104931,151580,163777,294842,3674,270953,519781,35502,7527.0144866,1433052,49,66.82,64.76,101.05,NA
2021-2022,Oct,31,UTTAR PRADESH,3142,BANDA,2822838,189.96577913977,34,58,826.265848041,3733,1,46759,2822337,828512,91275,2357,240,172.27598,6360.016300041,81912,116851,166770,328210,1590,296641,561650,50492,5361.474472,1346203,78,77.03,51.24,101.08,NA
2021-2022,Oct,31,UTTAR PRADESH,3144,PRATAPGARH,4833527,187.38935588453,34,68,925.609462715,3548,46,70016,4830904,2037640,146248,17497,811,354.4813,10332.690651715,139505,155386,272043,341541,1409,594654,742822,73564,9052.599889,2287742,64,62.92,50.24,107.27,NA
2021-2022,Oct,31,UTTAR PRADESH,3145,PRAYAGRAJ,4767134,186.905795969255,32,266,2651.809943685,7982,23,93864,4764380,2397837,221425,5055,331,420.10782,11976.820125685,148617,193880,295553,459497,1628,573872,835893,101846,8904.902362,2178190,76,70.52,35.98,102.85,NA
2021-2022,Oct,31,UTTAR PRADESH,3149,AYODHYA,2501966,194.767990052623,28,115,2451.053573715,5644,28,25347,2501966,961573,109401,3984,493,318.24168,7642.324143715,86759,98927,185884,291145,1521,301469,442627,30991,4873.02889,1003461,61,74.25,68.81,102.11,NA
2021-2022,Oct,31,UTTAR PRADESH,3156,MAU,2507757,196.986407250402,27,243,1216.513780165,4027,5,25832,2507116,788981,79876,19712,1900,232.86426,6388.055774165,92625,105560,203777,270142,455,337269,432159,29859,4938.677734,1230638,65,77.33,59.93,103.96,NA
2021-2022,Oct,31,UTTAR PRADESH,3169,AURAIYA,1150062,194.278890662375,26,44,334.755253746,1208,0,14072,1148397,529264,59765,5257,576,127.91871,2693.766915746,43704,49865,92546,130618,264,170323,229960,15280,2231.092952,293018,39,66.07,73.17,104.2,NA
2021-2022,Oct,31,UTTAR PRADESH,3170,KAUSHAMBI,1694405,186.93461986543,31,126,631.063709516,6110,39,25949,1693545,783242,79858,496,80,127.17832,3924.063937516,54156,65806,104477,159280,1069,243311,372839,32059,3165.821908,747394,75,69.21,48.29,99.1,NA
2021-2022,Oct,31,UTTAR PRADESH,3171,CHANDAULI,2633367,198.909733430711,31,233,702.13348084,3428,1,27914,2633049,843062,83980,14472,1087,244.83599,6184.36021784,84030,113452,141920,252609,1854,283599,509646,31342,5237.390747,888190,46,72.31,60.39,102.51,NA
2021-2022,Oct,31,UTTAR PRADESH,3177,CHITRAKOOT,2351162,189.66947918554,37,80,189.255787413,4351,0,23639,2351202,1092898,93720,593,32,129.96934,4778.737715413,63402,94094,113939,213330,1759,172846,317262,27990,4459.512588,1024167,69,71.57,58.15,100.66,NA
2021-2022,Oct,31,UTTAR PRADESH,3179,MAHOBA,1121577,191.115844603494,37,42,150.566502342,1903,1,14996,1119845,345904,34848,1519,171,79.03217,2369.799902342,30200,48064,59523,121812,909,120109,287329,16899,2140.20123,455330,64,88.87,61.7,101.97,NA
2021-2022,June,31,UTTAR PRADESH,3132,LUCKNOW,496966,166.356585553335,20,64,11.38225,2398,8,9267,496959,314586,95367,1115,399,49.29164,887.397914,24630,29404,90009,146402,1,210131,323655,11665,826.724024,190146,63,72.95,30.46,103.65,NA
2021-2022,June,31,UTTAR PRADESH,3136,KANPUR DEHAT,619940,162.153274510436,18,132,30.251882495,1993,5,22250,619940,246950,59171,3833,976,20.01913,1055.524022495,34222,38990,105791,153895,0,270028,401499,24243,1005.25301,184964,48,80.69,59.26,102.8,NA
2021-2022,June,31,UTTAR PRADESH,3143,FATEHPUR,890755,149.955809287269,23,61,24.1728686,2023,26,38962,890617,398319,105467,390,104,33.11618,1392.8209786,38628,42229,177261,243293,0,387173,509490,40985,1335.53193,449052,66,72.14,37.68,101.64,NA
2021-2022,June,31,UTTAR PRADESH,3148,BARABANKI,1426939,151.56172744762,23,96,22.4305678,3943,1,36301,1426845,578340,141227,510,206,49.53958,2234.5210778,60126,70961,240805,351366,22,523684,741805,40244,2162.55093,514635,53,61.87,33.42,100.26,NA
2021-2022,June,31,UTTAR PRADESH,3156,MAU,1173313,125.785135661508,20,167,59.743011757,1177,13,24405,1173251,385588,78739,8694,1852,58.42847,1593.946843757,57511,64494,200178,265656,12,328737,422217,25582,1475.775362,589075,66,82.26,46.79,104.21,NA
2021-2022,June,31,UTTAR PRADESH,3157,AZAMGARH,1595560,112.491079354131,18,77,30.191467682,2290,94,44394,1594750,615901,157955,3938,885,141.17654,1965.319495682,87037,93347,333989,404599,14,701377,822778,46684,1793.951488,700029,59,67.46,51.58,102.31,NA
2021-2022,June,31,UTTAR PRADESH,3159,BALLIA,724836,129.44897077299,20,54,11.53633072,1159,37,37728,724330,128263,44187,19652,5878,78.63143,1027.80549072,36030,39869,191766,266222,4,404506,525142,38887,937.63773,354567,56,82.2,41.6,103.14,NA
2021-2022,June,31,UTTAR PRADESH,3162,MIRZAPUR,1001971,141.218470394852,18,59,34.08932046,6442,3,35544,1001971,439709,148440,11945,3627,131.3024,1580.35984046,54053,69855,202285,341290,17,400417,641747,41986,1414.96812,438670,66,84.71,54.2,101.09,NA
2021-2022,June,31,UTTAR PRADESH,3167,AMROHA,546082,105.796063594845,13,71,21.7299167,798,17,8893,546082,147233,51797,182,79,46.53972,646.0028967,41667,48667,118154,186034,0,181236,284748,9691,577.73326,136160,27,80.18,66.88,100.52,NA
2021-2022,June,31,UTTAR PRADESH,3179,MAHOBA,395714,133.186361352088,23,22,7.0353,611,2,15033,393998,129905,34547,641,171,15.43412,547.22102,16897,25771,58521,120203,3,119947,291094,15644,524.7516,162411,63,94.19,54.87,102.9,NA
2021-2022,June,31,UTTAR PRADESH,3183,SHAMLI,57365,145.606099596606,18,2,1.1916002,475,0,4431,57512,8414,3951,110,29,0.99456,85.9271402,3085,3686,21914,26546,0,53802,64228,4906,83.74098,22761,21,84.69,33.25,100.64,NA
2021-2022,June,31,UTTAR PRADESH,3110,MORADABAD,760714,109.114976408984,17,105,43.942476925,2291,102,13176,752617,163881,40196,666,132,107.17551,972.335848925,43983,50137,125601,182343,4,221087,308191,15467,821.217862,206779,44,78.54,55.71,102.03,NA
2021-2022,June,31,UTTAR PRADESH,3112,SAHARANPUR,308160,132.01975434839,13,47,49.57153662,374,92,19520,308160,115236,72930,804,310,14.1612,470.56481162,22761,26190,104231,154095,0,168950,237903,19894,406.832075,126993,34,61.15,58,102.11,NA
2021-2022,June,31,UTTAR PRADESH,3119,MATHURA,635465,93.718188098479,16,54,2.0612,1602,149,18190,635465,193253,51081,1226,434,29.27687,626.884354,38816,48506,101379,157732,7,200779,310151,19792,595.546284,211623,12,68.81,70.28,113.3,NA
2021-2022,May,31,UTTAR PRADESH,3125,BAREILLY,253084,161.460027500751,20,44,0,2030,281,22279,253084,64110,71465,184,222,0,408.629496,12275,15029,210480,319842,0,339795,495147,24309,408.629496,99281,41,74.04,35.9,104.11,NA
2021-2022,May,31,UTTAR PRADESH,3135,ETAWAH,179448,173.328122910258,16,7,0,516,118,17463,179448,62610,52313,227,215,0,311.03385,10582,11355,103820,138603,1,201260,263104,17979,311.03385,44581,33,52.99,60.99,118.66,NA
2021-2022,May,31,UTTAR PRADESH,3141,HAMIRPUR,284211,146.394150824563,29,11,0,1079,4,18279,284211,93600,53850,180,113,0,416.06828,9684,14204,113710,205956,2,207638,384410,19358,416.06828,131738,58,76.87,33.56,112.97,NA
2021-2022,May,31,UTTAR PRADESH,3148,BARABANKI,661339,142.232066681083,25,39,0,2366,128,34774,661297,266938,140363,148,206,0,940.57639,26022,31706,237637,347602,5,518262,735650,37140,940.57639,281789,53,52.29,20.72,100.65,NA
2021-2022,May,31,UTTAR PRADESH,3149,AYODHYA,444650,167.495852918025,17,37,0.0045,1032,90,24760,444650,180506,107078,904,484,0,744.77481,25666,28218,179572,283213,3,288923,427550,25792,744.77031,207761,62,74.12,44.18,105.08,NA
2021-2022,May,31,UTTAR PRADESH,3152,MAHARAJGANJ,717902,123.265936019122,16,152,0,2075,266,28824,717902,160750,96220,2664,2497,0,884.92862,44633,50998,270155,427799,31,414044,662842,30899,884.92862,303912,48,47.91,39.46,106,NA
2021-2022,May,31,UTTAR PRADESH,3154,GORAKHPUR,268198,117.679324280995,16,29,0,583,549,43139,268218,86841,88520,539,849,0,315.63713,15992,16903,232336,313766,1,494644,633383,43722,315.63713,139043,63,65.63,24.43,114.85,NA
2021-2022,May,31,UTTAR PRADESH,3159,BALLIA,289460,172.814823008085,23,16,0,402,115,36726,289307,54185,43696,8628,5778,0,499.96538,12374,13605,189033,262924,1,397996,517548,37128,499.96538,165661,57,79.33,25.97,106.43,NA
2021-2022,May,31,UTTAR PRADESH,3178,AMBEDKAR NAGAR,328688,168.299366116195,19,16,0,575,52,33131,328688,132177,111272,794,672,0,553.1798205,17068,19780,172514,269320,3,345695,512509,33706,553.1798205,162608,56,62.44,21.2,101.53,NA
2021-2022,May,31,UTTAR PRADESH,3183,SHAMLI,30728,158.620704410797,26,1,0,415,66,3940,30380,4907,3861,32,29,0,48.18897,1161,1568,21642,26222,0,53283,63609,4355,48.18897,14339,23,87.2,26.02,101.85,NA
2021-2022,Jan,31,UTTAR PRADESH,3115,MEERUT,868147,191.913226485644,42,24,240.543657852,1039,3,4583,871053,386921,17143,4272,214,6.27939,1918.488964552,20276,22845,31662,39096,868,74821,90045,5622,1671.6659167,323372,24,66.59,76.01,105.5,NA
2021-2022,Jan,31,UTTAR PRADESH,3124,BUDAUN,3374762,196.424353462272,33,416,1924.475491643,4177,1,19046,3372309,642449,47171,2356,167,478.22351,9026.735151643,101852,112055,171383,222065,3393,340768,438908,23223,6624.03615,734866,18,67.82,70.18,101.96,NA
2021-2022,Jan,31,UTTAR PRADESH,3142,BANDA,4011172,198.285690283641,43,65,1935.481216605,11574,1,40240,4027033,1207626,91291,3755,240,262.50823,10183.019628605,92087,134020,166792,328249,5182,296186,559713,51814,7985.030182,1963935,77,65.36,40.65,100.96,NA
2021-2022,Jan,31,UTTAR PRADESH,3151,SIDDHARTH NAGAR,7967549,189.239624429691,39,143,14010.252760476,10875,0,37237,7899879,1479944,75625,6792,343,611.23289,29571.187000476,199572,221669,307925,384135,10655,521544,646268,48112,14949.70135,3944827,41,46.94,50.06,100.82,NA
2021-2022,Jan,31,UTTAR PRADESH,3153,BASTI,8357801,188.605114959918,42,175,5962.57545967599,14121,12,52702,8410975,1726567,98390,3702,227,514.93353,22341.038057676,198986,232590,312766,432585,8905,555013,752308,66823,15863.529068,3890981,52,78.59,67.95,107.67,NA
2021-2022,Jan,31,UTTAR PRADESH,3155,DEORIA,4081664,190.652276885531,39,93,1506.069037625,5714,0,28837,4056550,947292,48448,109628,5593,524.80327,9764.777245625,101680,109529,163744,194585,4217,318435,376485,34551,7733.904938,1446468,39,69.98,65.18,100.19,NA
2021-2022,Jan,31,UTTAR PRADESH,3157,AZAMGARH,7574008,191.885808515797,36,220,4012.818387673,15024,2,47745,7588720,2738963,159582,19016,900,749.32126,19323.816375673,207250,225725,341390,412744,4894,709787,828745,62769,14561.676728,3274782,59,59.7,55.08,103.17,NA
2021-2022,Jan,31,UTTAR PRADESH,3164,GAUTAM BUDDHA NAGAR,7884,183.136325652064,17,0,0,14,21,192,7898,2638,591,230,18,0,14.464107,444,459,1367,1695,0,16983,19567,206,14.464107,1060,13,3.88,88.93,130.19,NA
2021-2022,Jan,31,UTTAR PRADESH,3166,HATHRAS,1202505,197.579627672681,29,31,438.700244882,2557,9,6920,1209366,346953,27072,1370,100,161.33601,2989.497094882,40959,47723,66789,97249,1386,106836,148895,9477,2389.46084,207066,18,73.22,73.89,103.66,NA
2021-2022,Jan,31,UTTAR PRADESH,3167,AMROHA,2868819,202.92812308026,32,144,1210.729708756,6246,3,11180,2867576,723349,52878,990,86,273.02194,7302.869803456,87695,108393,122915,192001,4075,188932,291784,17426,5819.1181547,624972,22,73.62,72.14,100.49,NA
2021-2022,Jan,31,UTTAR PRADESH,3171,CHANDAULI,3424638,201.139281413175,37,258,1763.283733967,4700,1,27628,3430177,1070130,83984,19458,1087,339.07212,9001.789222967,91983,125624,141932,252625,3756,283078,507520,32328,6899.433369,1150242,45,67.69,55.4,104.09,NA
2021-2022,Jan,31,UTTAR PRADESH,3174,SANT KABEER NAGAR,5374634,184.169326520153,39,79,6073.34460335103,7294,28,24452,5420474,1561097,92958,11039,607,353.0252,16409.220263351,137057,156958,208554,285093,4936,391897,546568,31746,9982.85046,2874907,61,67.37,51.47,102.82,NA
2021-2022,Jan,31,UTTAR PRADESH,3179,MAHOBA,1488017,195.923994987943,43,46,599.695995984,4224,1,13023,1490007,456095,34909,2401,171,131.51198,3650.489215984,34321,55490,59682,122061,2030,111543,251463,17247,2919.28124,599629,64,80.53,54.35,102.56,NA
2021-2022,Jan,31,UTTAR PRADESH,3184,SAMBHAL,2543778,191.835538896818,32,231,682.273779636,3186,114,19372,2630318,777046,49436,1965,99,292.37388,6020.532369636,80077,94220,112427,154684,2678,230074,301465,22558,5045.88471,704696,32,73.41,67.93,102.21,NA
2021-2022,July,31,UTTAR PRADESH,3114,MUZAFFARNAGAR,438143,169.364362720703,24,15,71.758429379,1328,0,4657,436049,147266,17820,418,120,14.10456,824.374599379,17812,19222,46827,55228,171,124431,148864,5985,738.51161,159320,28,59.27,66.57,102.76,NA
2021-2022,July,31,UTTAR PRADESH,3119,MATHURA,1169359,142.567684004656,21,68,6.74573,2421,36,18452,1169359,342908,51313,2312,436,41.00683,1714.880604,54833,69348,102670,159488,55,203392,313609,20873,1667.128044,391299,13,69.28,74.19,109.64,NA
2021-2022,July,31,UTTAR PRADESH,3121,FIROZABAD,1239540,161.312936859638,23,67,145.18468054,716,10,17992,1245194,435873,40786,2034,126,27.13589,2180.97958154,53454,59466,96002,116393,25,226321,277654,18708,2008.659011,428169,32,71.72,63.96,99.39,NA
2021-2022,July,31,UTTAR PRADESH,3122,ETAH,780383,156.88199337576,21,35,94.05737181,1610,8,14531,779863,150501,32555,264,47,82.22628,1399.74827181,35875,40112,100886,140473,7,231362,321062,16141,1223.46462,243483,39,80.28,65.41,107,NA
2021-2022,July,31,UTTAR PRADESH,3129,SITAPUR,4486760,164.440363071588,25,423,223.931907591,12602,2,84779,4491566,1727784,319852,8389,1156,222.91853,7832.797875591,174038,221690,448713,778179,260,839796,1392675,97381,7385.947438,1536985,80,77.43,35.78,106.17,NA
2021-2022,July,31,UTTAR PRADESH,3135,ETAWAH,909612,155.37210532102,20,51,28.882094858,1679,3,17683,909600,330716,52436,1636,215,56.54041,1498.687174858,43557,47584,104407,139278,45,202097,263921,19362,1413.26467,198841,33,54.11,73.83,110.69,NA
2021-2022,July,31,UTTAR PRADESH,3146,BAHRAICH,4194635,175.043502511529,28,119,101.135548814,5455,3,49348,4194059,695152,81094,34044,3372,174.81659,7617.379909814,148616,175040,318607,458611,777,665755,891813,54803,7341.427771,1693275,81,74.66,53.06,99.99,NA
2021-2022,July,31,UTTAR PRADESH,3153,BASTI,3215413,176.902969050557,25,122,152.38607177,3705,12,54279,3213822,704194,97726,1420,217,117.7968,5955.52940977,125466,144155,307940,427010,82,544623,742391,57984,5685.346538,1448994,56,84.22,68.23,104.92,NA
2021-2022,July,31,UTTAR PRADESH,3156,MAU,1738858,169.091168999404,22,220,62.710941757,2117,7,25637,1738444,555291,79621,13581,1886,101.41897,3103.685193757,78443,88362,202909,269046,26,335025,429789,27754,2939.555282,855306,66,82.39,63.33,104.7,NA
2021-2022,July,31,UTTAR PRADESH,3158,JAUNPUR,3323679,149.496260188805,25,152,29.482774,4850,14,60219,3323010,1270566,139480,14635,1730,266.39452,5263.6529697,132691,138778,312447,366361,10,668533,776175,65069,4967.7756757,1643425,54,78.71,49.98,100.38,NA
2021-2022,July,31,UTTAR PRADESH,3163,SONBHADRA,1835086,172.95131712419,23,160,116.416375354,4165,1,31882,1834808,619285,118286,479817,107381,180.18048,3469.921458054,79105,107196,215199,381377,92,380716,742123,36047,3173.3246027,906524,74,83.27,57.28,100.76,NA
2021-2022,July,31,UTTAR PRADESH,3175,BALRAMPUR,1384341,162.261804634972,22,75,61.527414978,2453,1,27606,1383482,258198,37712,24116,3548,214.87628,2521.266554978,61543,67191,152532,206189,12,263330,342084,30059,2244.86286,470150,48,75.85,70.25,102.38,NA
2021-2022,July,31,UTTAR PRADESH,3176,SHRAVASTI,868089,170.613552726615,23,98,1.2034,1505,1,13332,868091,276307,51223,8937,1242,14.65658,1496.940876,37457,45557,95316,160699,16,168947,269101,14837,1481.080896,311490,65,84.73,66.63,102.73,NA
2021-2022,July,31,UTTAR PRADESH,3178,AMBEDKAR NAGAR,1538102,160.642066020203,20,114,32.211763398,1219,1,37318,1537802,579701,112144,3317,681,63.14828,2565.716947498,75831,87907,178168,275900,38,357502,525797,38537,2470.3569041,610494,56,79.44,61.5,100.48,NA
2021-2022,July,31,UTTAR PRADESH,3180,KASHGANJ,914415,164.938263557277,18,113,23.77858,1903,1,7214,914306,182271,30099,848,91,31.2537,1563.07272,48352,56347,91893,151955,51,162169,248297,9117,1508.04044,222509,19,69.13,84.21,101.61,NA
2021-2022,July,31,UTTAR PRADESH,3181,AMETHI,1780962,165.036962190206,26,83,49.951261725,7048,0,39184,1781020,502315,73225,4618,680,71.39364,3060.686205725,68035,83019,166048,251433,111,312973,448753,46232,2939.341304,643318,66,73.31,57.04,101.37,NA
2021-2022,July,31,UTTAR PRADESH,3184,SAMBHAL,870907,165.429377558865,17,137,48.624974745,900,115,18066,894928,271036,48571,613,93,87.19659,1616.295384745,51842,59334,108710,150510,21,220965,291979,18966,1480.47382,243677,34,83.39,72.22,103.48,NA
2021-2022,Sep,31,UTTAR PRADESH,3112,SAHARANPUR,962393,186.561979045982,18,112,355.974213146,1644,3,20281,962393,383547,73718,2401,315,63.76543,2215.199070146,52229,60793,106266,156566,104,172949,242527,21925,1795.459427,358312,34,59.34,66.83,101,NA
2021-2022,Sep,31,UTTAR PRADESH,3120,AGRA,2093070,189.329867611837,28,143,902.178333080999,1627,5,16543,2084703,685397,55381,16482,1289,152.3985,5001.542263081,74432,91996,119135,175516,560,222084,309760,18170,3946.96543,657278,38,88.26,82.17,103.58,NA
2021-2022,Sep,31,UTTAR PRADESH,3136,KANPUR DEHAT,1603137,191.598245394066,26,204,306.716745535,3080,1,24014,1603095,621730,59702,9000,987,116.98782,3495.206457535,60682,71914,107216,155545,313,272715,404260,27094,3071.501892,434596,51,76.6,69.04,103.79,NA
2021-2022,Sep,31,UTTAR PRADESH,3140,LALITPUR,2561994,184.809716572326,32,125,1685.140068342,682,0,29686,2561994,631925,62637,315361,19977,117.30998,6537.263898342,78587,114279,143078,259037,1817,211680,382324,30368,4734.81385,1057703,64,86.54,64.44,102.12,NA
2021-2022,Sep,31,UTTAR PRADESH,3143,FATEHPUR,2711526,183.630117999777,30,134,979.63359556,3018,2,50415,2712378,1120128,106331,2064,129,177.86014,6138.23665756,88062,98902,179613,245857,461,393490,516041,53433,4980.742922,1185664,70,72.89,61.45,101.55,NA
2021-2022,Sep,31,UTTAR PRADESH,3161,VARANASI,1139223,186.251362712401,21,133,453.257806031,1766,3,24646,1136410,456733,65492,7178,905,134.14275,2703.979667031,51834,65771,103469,178790,230,206255,319937,26412,2116.579111,536294,60,52.92,39.49,101.49,NA
2021-2022,Sep,31,UTTAR PRADESH,3164,GAUTAM BUDDHA NAGAR,6281,190.821636682057,17,0,0,9,23,192,6281,2315,590,230,18,0,11.985507,366,380,1350,1678,0,16933,19516,201,11.985507,780,13,3.29,96.37,114.45,NA
2021-2022,Sep,31,UTTAR PRADESH,3178,AMBEDKAR NAGAR,2259040,188.315428931672,24,134,806.518631084,1559,1,38924,2254823,831149,112294,5490,689,186.72274,5239.420975184,91843,108532,179079,276973,489,360416,528869,40483,4246.1796041,895055,55,80.3,60.41,100.55,NA
2021-2022,Sep,31,UTTAR PRADESH,3181,AMETHI,2772699,185.554222803917,32,95,2800.024608988,8694,0,42712,2772743,774531,73649,6914,687,183.86096,8128.827292988,85184,105916,167482,253267,1240,313212,447882,51406,5144.941724,991662,66,62.71,47.64,101.57,NA
2021-2022,Oct,31,UTTAR PRADESH,3116,GHAZIABAD,62,204,12,0,0,1,160,20,216,28,20,0,0,0,0.44064,18,21,112,122,0,17909,26201,21,0.44064,165,38,41.2,71.3,108,NA
2021-2022,Oct,31,UTTAR PRADESH,3148,BARABANKI,4235060,190.699051162422,35,167,4055.461499672,13368,0,37690,4234866,1669783,142061,2750,206,306.56246,12437.873239672,120057,147212,242682,353636,2649,527442,745822,51058,8075.84928,1412992,57,52.07,41.09,100.06,NA
2021-2022,Oct,31,UTTAR PRADESH,3153,BASTI,4990126,191.063702020374,31,145,5595.08564682299,7627,12,54106,4985710,1053406,98283,2209,227,380.79357,15501.761314823,157313,181778,311748,431425,1778,553198,751430,61733,9525.882098,2273186,54,76.89,65.28,107.4,NA
2021-2022,Oct,31,UTTAR PRADESH,3159,BALLIA,2061262,186.402307639246,27,136,424.69843751,5667,6,41502,2058554,352829,44795,55596,6022,318.04064,4579.93123751,74893,84203,195816,270864,588,414957,536549,47169,3837.19216,928350,58,73.08,50.33,103.64,NA
2021-2022,Oct,31,UTTAR PRADESH,3160,GHAZIPUR,4007051,186.821498297401,28,168,438.903616521,5597,1,50017,4003878,1088958,110317,35056,2944,326.85087,8245.859356121,142263,165644,276541,406990,729,535902,755936,55614,7480.1048696,1628104,66,71.24,55.09,106.59,NA
2021-2022,Oct,31,UTTAR PRADESH,3161,VARANASI,1322309,192.423379089396,23,139,457.274906031,1911,2,25422,1315017,524283,65516,8562,905,199.27894,3186.953993031,54988,70371,103559,178903,342,206435,320110,27333,2530.400147,621393,60,52.11,36.38,101.74,NA
2021-2022,Oct,31,UTTAR PRADESH,3162,MIRZAPUR,3455605,186.332171006558,31,164,2855.290440834,9101,1,42037,3455540,1468519,149324,41366,3688,276.04511,9570.118252834,110025,149230,205274,345362,1967,406945,649673,51138,6438.782702,1511338,67,62.89,46.89,102,NA
2021-2022,Oct,31,UTTAR PRADESH,3166,HATHRAS,907568,189.521255707561,23,29,263.816302309,1376,9,7603,907568,261018,26958,1008,100,125.75882,2109.609392309,37994,43805,66586,96967,387,106280,148244,8979,1720.03427,155573,19,74.48,76.38,104.47,NA
2021-2022,Oct,31,UTTAR PRADESH,3173,SANT RAVIDAS NAGAR,1224582,186.945763968204,28,49,443.715990768001,2904,1,26534,1222276,554821,49670,4153,430,113.93347,2842.642666768,42244,52286,77014,120893,235,193937,314594,29438,2284.993206,628980,69,75.42,40.24,106.95,NA
2021-2022,Oct,31,UTTAR PRADESH,3174,SANT KABEER NAGAR,3044043,187.032541646586,28,54,5190.51563963603,4069,28,20923,3044007,910532,92941,6841,606,186.21695,11070.016249636,106068,118727,208348,284853,756,393779,551626,24992,5693.28366,1637905,58,70.42,47.94,105.24,NA
2021-2022,April,31,UTTAR PRADESH,3111,RAMPUR,97056,131.350679813181,14,8,0,490,267,15034,96350,23146,31920,130,191,0,126.55638,6578,7750,107273,141538,0,223814,285273,15524,126.55638,30912,36,37.61,24.85,122.92,NA
2021-2022,April,31,UTTAR PRADESH,3116,GHAZIABAD,0,0,0,0,0,1,161,12,0,0,20,0,0,0,0,0,0,108,117,0,17895,26186,13,0,0,15,0,0,0,NA
2021-2022,April,31,UTTAR PRADESH,3119,MATHURA,45481,152.078384380291,17,2,0,725,363,16809,45481,12081,49654,127,422,0,69.16677,2558,3165,94219,147947,0,188042,292705,17534,69.16677,16383,13,34.19,33.87,122.89,NA
2021-2022,April,31,UTTAR PRADESH,3120,AGRA,51831,202.104705678069,15,3,0,210,349,13720,51831,17912,53998,574,1273,0,104.75289,3428,3981,113811,167498,0,213035,295884,13930,104.75289,21424,38,41.1,22.63,103.6,NA
2021-2022,April,31,UTTAR PRADESH,3136,KANPUR DEHAT,118544,170.403639155082,14,29,0,997,93,22173,118544,48415,58250,543,971,0,202.00329,7910,8939,103703,151507,0,266768,397908,23170,202.00329,43418,49,76.17,45.41,108.47,NA
2021-2022,April,31,UTTAR PRADESH,3138,JALAUN,238827,146.723782563725,22,33,0,434,54,30904,238801,68773,97678,182,426,0,350.37786,10795,14298,156999,284621,0,257452,502347,31338,350.37786,97573,50,72.94,44.48,101.86,NA
2021-2022,April,31,UTTAR PRADESH,3145,PRAYAGRAJ,246946,141.416250789896,16,27,0,584,730,71451,246868,129964,216746,258,276,0,349.11147,15123,17300,283362,443442,0,547836,802785,72035,349.11147,126641,75,65.96,28.34,105.78,NA
2021-2022,April,31,UTTAR PRADESH,3155,DEORIA,214522,140.504731758256,22,8,0,454,305,26241,214508,55697,47481,7323,5338,0,301.39389,9423,10479,155900,185911,0,306640,365265,26695,301.39389,107597,45,79.93,36,100.61,NA
2021-2022,April,31,UTTAR PRADESH,3156,MAU,238951,177.401442317754,19,30,0.0036,233,147,22880,238921,91493,76366,1441,1712,0,423.8529,12002,13603,191467,255023,0,314034,404559,23113,423.8493,135525,69,77.34,28.33,112.12,NA
2021-2022,April,31,UTTAR PRADESH,3159,BALLIA,204434,135.356672964533,21,7,0,112,231,35959,204302,40627,43593,6207,5744,0,276.53639,9555,10485,187709,261430,0,394280,513520,36071,276.53639,122287,58,79.52,28.82,108.37,NA
2021-2022,April,31,UTTAR PRADESH,3161,VARANASI,48146,222.075583486699,16,8,0,111,333,19449,47816,23710,64593,291,865,0,106.187661,2843,3427,100525,174913,0,200223,312607,19560,106.187661,26502,59,53.75,13.82,106.88,NA
2021-2022,April,31,UTTAR PRADESH,3165,BAGHPAT,919,365.386289445049,11,1,0,19,233,1269,919,580,2758,0,11,0.112,3.4699,77,84,5914,8582,0,34904,47902,1288,3.3579,209,10,2.98,13.3,169.87,NA
2021-2022,April,31,UTTAR PRADESH,3168,KANNAUJ,69612,111.397388381314,28,7,0,528,245,21066,69612,29054,53189,28,64,0,77.54595,2461,3911,96706,138374,0,191020,259140,21594,77.54595,29691,47,84.45,5.94,202.03,NA
2021-2022,Sep,31,UTTAR PRADESH,3110,MORADABAD,1891758,185.227515607354,25,158,443.327411704,2788,28,16694,1851531,386043,40651,1749,135,203.06327,4075.935553704,73211,85214,129425,187085,505,228148,316468,19482,3429.544872,481221,44,79.61,73.76,101.54,NA
2021-2022,Sep,31,UTTAR PRADESH,3114,MUZAFFARNAGAR,700182,190.277287262927,30,34,236.253346475,2449,0,4536,696094,225497,18153,627,120,15.5738,1576.335926475,22746,24592,48108,56654,604,127760,152559,6985,1324.50878,242418,25,62.05,68.52,102.6,NA
2021-2022,Sep,31,UTTAR PRADESH,3115,MEERUT,555398,190.758400642422,33,21,134.358726472,549,5,4570,555398,244237,16979,1466,212,3.5173,1197.344368472,16750,18727,31361,38738,213,73875,88964,5119,1059.468342,205660,25,68.72,77.15,102.63,NA
2021-2022,Sep,31,UTTAR PRADESH,3116,GHAZIABAD,62,204,12,0,0,1,160,20,216,28,20,0,0,0,0.44064,18,21,112,122,0,17909,26201,21,0.44064,165,38,41.2,71.3,108,NA
2021-2022,Sep,31,UTTAR PRADESH,3127,SHAHJAHANPUR,2327530,186.7810610917,23,215,968.399049266,5564,2,25542,2327452,615860,84434,1619,191,207.57795,5523.216541266,98607,117645,199505,294249,465,402947,572774,31106,4347.239542,524129,52,56.53,41.88,106.58,NA
2021-2022,Sep,31,UTTAR PRADESH,3130,HARDOI,4853124,186.621303774232,31,169,2915.899482813,6709,0,47137,4852696,1810887,150304,8079,475,280.50545,12252.569476213,156314,169944,307593,398038,568,702031,888886,53846,9056.1645434,966068,41,69.82,69.31,104.82,NA
2021-2022,Sep,31,UTTAR PRADESH,3131,UNNAO,3095947,192.275180529043,32,150,393.558069659,14074,0,26131,3090223,1060296,95441,5570,570,222.42808,6557.718001659,95425,111865,201771,275571,728,439239,567006,40205,5941.731852,1037328,59,84.93,65.01,100.33,NA
2021-2022,Sep,31,UTTAR PRADESH,3141,HAMIRPUR,1829043,187.10856333066,32,79,217.532937563,3353,0,21119,1829043,491731,54841,830,115,93.88769,3733.716707563,56025,82649,116753,210816,931,212627,392347,24472,3422.29608,740245,62,80.79,75.81,105.97,NA
2021-2022,Sep,31,UTTAR PRADESH,3154,GORAKHPUR,2984652,193.327577992933,25,123,347.460165953,2360,41,50119,2984405,816509,91462,7753,882,257.30712,6374.445189953,117899,128166,246983,330025,348,519933,660496,52479,5769.677904,1268371,64,81.76,63.34,103.02,NA
2021-2022,Sep,31,UTTAR PRADESH,3156,MAU,2318001,199.322841615791,25,239,1215.725300165,3418,5,25969,2317428,729661,79855,18320,1899,182.40431,6017.292952165,90264,102518,203725,270076,249,337464,432582,29387,4619.163342,1138459,65,80,62.57,104.08,NA
2021-2022,Sep,31,UTTAR PRADESH,3157,AZAMGARH,4650152,188.370328906932,27,183,2695.501851638,8595,3,48311,4646664,1667487,159244,12634,897,395.80865,11844.246761638,170922,184692,340241,411457,642,714057,835318,56906,8752.93626,1971183,60,66.61,66.13,102.17,NA
2021-2022,Sep,31,UTTAR PRADESH,3159,BALLIA,1773880,185.577208519351,25,120,417.22679751,5333,6,40987,1772013,303121,44715,48746,6005,267.01295,3972.69200751,69090,77592,195124,270027,200,412748,534144,46320,3288.45226,804212,59,75.19,52.81,103.51,NA
2021-2022,Sep,31,UTTAR PRADESH,3172,KUSHI NAGAR,2690083,197.72884130884,25,344,2548.394980841,14254,1,33345,2689923,767983,106545,5581,630,223.29046,8090.439020841,105430,123735,244268,366064,1007,499114,693222,47599,5318.75358,951807,35,77.24,72.27,102.74,NA
2021-2022,Sep,31,UTTAR PRADESH,3177,CHITRAKOOT,2003235,184.314350294895,33,74,188.139787413,4254,0,23355,2003255,925089,93637,537,32,77.32325,3957.749475413,59654,87692,113792,213119,1044,172600,317090,27609,3692.286438,872645,69,73.06,59.34,100.46,NA
2021-2022,May,31,UTTAR PRADESH,3132,LUCKNOW,248248,167.167617060359,27,35,0,1120,18,8743,248248,151559,94562,476,389,0.3696,415.359866,9052,11774,88685,144729,0,208052,321171,9863,414.990266,115753,62,69.27,8.65,106.45,NA
2021-2022,May,31,UTTAR PRADESH,3139,JHANSI,445642,139.545273936636,27,61,0,721,21,22471,445614,187873,86513,4841,1995,0,621.833277,16100,22889,130524,241246,30,226507,430527,23192,621.833277,202553,59,79.26,19.42,102.19,NA
2021-2022,May,31,UTTAR PRADESH,3140,LALITPUR,358738,144.708993750314,25,29,0,170,3,25127,358738,102245,61505,41084,19246,0,519.12615,14276,19850,139012,252336,4,206225,373999,25297,519.12615,158370,61,84.26,28.63,103.69,NA
2021-2022,May,31,UTTAR PRADESH,3144,PRATAPGARH,602968,161.384593705108,27,24,0,1142,155,50687,602838,275781,142808,2050,724,0,972.887657,22297,24476,261977,330421,1,575774,724216,51829,972.887657,347154,61,86.83,14.64,120.35,NA
2021-2022,May,31,UTTAR PRADESH,3145,PRAYAGRAJ,637719,137.366177289359,19,51,0,2093,308,74895,637613,336776,217683,616,278,0,875.864604,32690,37618,285561,446162,1,552346,808106,76988,875.864604,338783,75,74.67,27.2,102.63,NA
2021-2022,May,31,UTTAR PRADESH,3147,GONDA,420418,116.758799580972,19,40,0,1247,449,38024,420020,115289,56404,1367,584,0,490.41031,21160,23278,214511,258779,4,446713,527397,39271,490.41031,211802,60,68.71,38.76,109.32,NA
2021-2022,May,31,UTTAR PRADESH,3153,BASTI,712163,163.499749663549,21,29,0,1367,137,52607,711842,177907,96068,256,210,0,1163.859888,33706,38158,297179,414457,0,525565,720726,53974,1163.859888,344123,58,74.81,30.61,106.82,NA
2021-2022,May,31,UTTAR PRADESH,3165,BAGHPAT,3035,213.69489291598,16,1,0,20,220,1380,3035,1791,2759,0,11,0.336,6.82164,180,209,5950,8622,0,34958,47965,1400,6.48564,911,10,8.87,18.74,114.23,NA
2021-2022,May,31,UTTAR PRADESH,3166,HATHRAS,94060,121.768020412503,12,6,0,233,119,7476,94060,26932,25727,151,81,0,114.535,7495,8558,63206,92446,1,100875,141359,7709,114.535,24855,20,56.23,28.36,117.54,NA
2021-2022,May,31,UTTAR PRADESH,3170,KAUSHAMBI,288931,127.008273838157,25,36,0,1228,61,23526,288959,132745,79470,56,80,0,367.001838,11549,12864,103284,157817,11,243764,376001,24754,367.001838,148538,75,86.6,16.98,98.85,NA
2021-2022,May,31,UTTAR PRADESH,3174,SANT KABEER NAGAR,287086,152.526107230982,19,2,0,385,197,18991,286932,106139,91276,1036,582,0,437.64621,14357,15205,197304,272201,0,375028,534175,19376,437.64621,179781,58,63.59,15.63,115.29,NA
2021-2022,May,31,UTTAR PRADESH,3176,SHRAVASTI,185831,158.195842459008,20,37,0,424,24,12223,185831,61541,50929,2133,1216,0,293.976916,9156,10901,93350,158290,3,166511,266230,12647,293.976916,75205,68,69.12,25,104.06,NA
2021-2022,May,31,UTTAR PRADESH,3181,AMETHI,439144,136.553128451545,22,27,0,2157,27,37137,439115,133742,71578,1337,674,0,599.62527,19749,24223,160212,244099,1,305676,440627,39294,599.62527,180626,66,73.2,26.93,101.38,NA
2021-2022,May,31,UTTAR PRADESH,3184,SAMBHAL,216039,128.533269515427,16,46,0,341,292,17006,225642,70056,47495,146,72,0,290.02504,13591,15760,100926,141897,0,206707,276446,17347,290.02504,77797,35,77.61,46.83,104.6,NA
2021-2022,July,31,UTTAR PRADESH,3117,BULANDSHAHR,305485,154.251179013559,13,18,7.379313736,1357,2,8358,305340,66114,14149,38,53,2.57928,480.949143736,22622,24192,55097,65035,43,143602,174426,9715,470.99055,78461,18,60.42,71.7,99.63,NA
2021-2022,July,31,UTTAR PRADESH,3126,PILIBHIT,1036352,180.998053142792,17,162,46.00846043,4557,4,19284,1035926,199555,52272,2121,567,121.46386,2042.47821243,59676,73477,171109,271059,12,317423,467206,23841,1875.005892,264659,55,64.9,43.56,101.67,NA
2021-2022,July,31,UTTAR PRADESH,3132,LUCKNOW,809710,171.257104148064,23,90,24.531282627,2838,6,10152,809703,515262,95822,2006,400,79.22716,1490.432352627,34741,42875,90703,147239,8,211234,324822,12990,1386.67391,285552,65,71.1,45.24,103.55,NA
2021-2022,July,31,UTTAR PRADESH,3133,RAE BARELI,2139557,175.618830346656,21,155,59.27742125,6484,1,51048,2139557,764512,135640,7008,1072,178.55435,3995.29674925,97927,118992,238099,402856,30,397312,632257,57532,3757.464978,844296,59,72.07,47.02,100.37,NA
2021-2022,July,31,UTTAR PRADESH,3141,HAMIRPUR,1036985,145.830619536445,26,49,28.2020014,2752,0,19907,1036985,290998,54530,531,113,57.09499,1597.5386414,39776,57741,115935,209540,163,211221,390180,22659,1512.24165,432307,61,75.99,66.5,108.17,NA
2021-2022,July,31,UTTAR PRADESH,3152,MAHARAJGANJ,1917235,191.6958947151,18,325,30.234745702,5378,2,28595,1917236,423079,96526,9167,2512,109.14576,3814.643209702,102002,119219,272879,431332,119,418213,665287,33973,3675.262704,788515,46,70.58,67.59,103.74,NA
2021-2022,July,31,UTTAR PRADESH,3154,GORAKHPUR,2386380,164.980546618741,22,113,80.031467317,1691,45,48736,2386197,650117,91324,6290,873,161.94583,4178.738151317,108241,117265,246529,329525,17,519235,659993,50427,3936.760854,993212,63,86.41,69.47,102.79,NA
2021-2022,July,31,UTTAR PRADESH,3159,BALLIA,1205600,162.379203737818,22,87,29.441689225,4799,11,37551,1204553,205343,44467,33208,5948,109.8832,2095.268459225,54689,61014,193339,268004,11,407849,528836,42350,1955.94357,546741,57,79.46,55.78,103.46,NA
2021-2022,July,31,UTTAR PRADESH,3166,HATHRAS,472302,162.059112601683,15,24,26.38232652,726,12,7547,472302,134096,26651,547,99,42.40967,834.20042652,29664,33733,65802,95951,11,104679,146281,8273,765.40843,85468,20,70.99,74.21,107.65,NA
2021-2022,July,31,UTTAR PRADESH,3172,KUSHI NAGAR,2104868,200.024318121027,22,315,21.9340322,9024,1,36430,2104809,596032,106325,3652,630,124.56374,4356.6276222,94645,109902,243438,365072,267,496811,690742,45454,4210.12985,715588,35,83.29,82.26,102.74,NA
2021-2022,Jan,31,UTTAR PRADESH,3114,MUZAFFARNAGAR,1125760,195.037983009107,40,40,530.456317832,4203,0,3910,1125191,354830,18273,1126,120,39.97793,2764.984079232,27745,30170,49159,57811,2323,129763,154697,8113,2194.5498314,383748,22,65.45,69.43,103.59,NA
2021-2022,Jan,31,UTTAR PRADESH,3116,GHAZIABAD,62,204,12,0,0,4,160,17,216,28,20,0,0,0,0.44064,18,21,112,122,0,17909,26201,21,0.44064,165,38,41.2,71.3,108,NA
2021-2022,Jan,31,UTTAR PRADESH,3117,BULANDSHAHR,764573,190.444050707043,21,43,100.668289066,1978,2,8696,771806,152374,14372,199,53,13.48372,1584.010619066,36171,38808,56699,66708,708,140918,169481,10674,1469.85861,191788,17,67.64,76.07,106.03,NA
2021-2022,Jan,31,UTTAR PRADESH,3119,MATHURA,2868729,197.910608854902,37,85,3369.484631585,4772,12,18678,2876531,809379,51665,5464,439,188.0672,9250.511847585,77473,100001,103872,161184,3908,206034,316838,23450,5692.960016,965717,12,54.07,56.59,104.33,NA
2021-2022,Jan,31,UTTAR PRADESH,3125,BAREILLY,4434287,196.265186592706,31,766,2972.163499894,7106,0,26310,4451219,923831,71905,4528,231,547.48652,12255.843295894,139908,172455,215801,326493,4894,346109,500202,33416,8736.193276,924919,38,58.2,60.49,101.71,NA
2021-2022,Jan,31,UTTAR PRADESH,3127,SHAHJAHANPUR,3836807,194.94180294704,32,280,2839.46727076,10954,1,22454,3851594,1017214,84491,2631,192,486.4067,10834.24075656,119023,144279,199886,294690,3925,395971,560970,33408,7508.3667858,821320,50,51.02,37.67,109.86,NA
2021-2022,Jan,31,UTTAR PRADESH,3131,UNNAO,4654206,200.395564512037,42,181,1043.837840791,21686,0,20474,4631283,1575305,95572,7857,576,505.33559,10830.059142791,110076,130783,202072,275943,7158,433843,557855,42160,9280.885712,1541307,58,81.62,64.45,100.33,NA
2021-2022,Jan,31,UTTAR PRADESH,3132,LUCKNOW,2103012,197.607157991753,39,111,1022.346074502,7568,3,7546,2104920,1335744,96394,5522,405,252.80569,5434.624354502,52657,66751,91699,148439,3700,212687,325553,15114,4159.47259,676457,65,61.82,45.5,103.21,NA
2021-2022,Jan,31,UTTAR PRADESH,3135,ETAWAH,2536549,200.620941012978,38,78,798.190468954,6522,0,15974,2540135,895982,52587,4784,215,269.89859,6164.131798954,66684,75839,105223,140242,4047,200872,261154,22496,5096.04274,607327,33,56.79,73.42,106.05,NA
2021-2022,Jan,31,UTTAR PRADESH,3136,KANPUR DEHAT,2455615,199.322679664623,34,232,620.948027793,5166,1,23062,2453001,951203,59839,13517,988,215.93669,5726.272043193,71148,85897,107663,156036,2190,272424,402847,28228,4889.3873254,658156,50,71.73,64.69,105.63,NA
2021-2022,Jan,31,UTTAR PRADESH,3146,BAHRAICH,9631383,194.641954246058,48,162,5109.476816893,29530,2,30208,9615565,1548588,81221,76143,3389,705.99465,24531.395094693,200005,244629,321006,461279,18049,666327,885802,59738,18715.9236278,3901397,81,62.14,43.34,100.16,NA
2021-2022,Jan,31,UTTAR PRADESH,3148,BARABANKI,7158231,190.099913499515,46,201,5500.839312801,18711,0,34308,7261231,2805512,142290,4409,206,526.89617,19831.329332801,155743,195256,243286,354365,16006,527463,744525,53019,13803.59385,2446309,55,57.81,49.52,99.86,NA
2021-2022,Jan,31,UTTAR PRADESH,3156,MAU,3954612,195.155608091914,36,294,1925.42588497701,10657,5,21999,3955356,1240615,79895,30249,1900,412.79614,10057.321078977,108027,125225,203852,270240,4036,338053,432749,32656,7719.099054,1968712,61,77.11,58.05,102.88,NA
2021-2022,Jan,31,UTTAR PRADESH,3172,KUSHI NAGAR,4933530,191.277034392428,37,375,2956.199104919,17963,1,33529,4933586,1414833,106676,10131,630,487.02013,12880.036224919,130541,156796,244999,366918,7224,502772,696655,51492,9436.81699,1803432,32,68.69,62.86,103.55,NA
2021-2022,March,31,UTTAR PRADESH,3109,BIJNOR,4242385,202.558667599901,27,296,3044.13152354601,16186,4,17455,4210447,1692414,129488,11616,736,537.08706,12109.843926746,154504,193331,199718,303500,6117,303937,443325,33641,8528.6253432,1145332,34,53.68,53.22,103.96,NA
2021-2022,March,31,UTTAR PRADESH,3115,MEERUT,943479,201.113121658687,45,25,243.256037852,2571,3,3196,960326,425611,17165,5049,214,6.83847,2181.436104552,20978,23683,31697,39131,1935,74837,90069,5767,1931.3415967,357772,23,61.46,70.54,105.49,NA
2021-2022,March,31,UTTAR PRADESH,3116,GHAZIABAD,68,155.154929577465,12,0,0,4,160,17,284,28,20,0,0,0,0.44064,22,25,112,122,0,17909,26201,21,0.44064,165,38,55.28,78.17,133.96,NA
2021-2022,March,31,UTTAR PRADESH,3118,ALIGARH,3495979,204.022800038854,29,226,1417.05290678,7103,2,20728,3407617,863312,55152,4899,305,220.53078,8589.89930478,115010,130230,160328,210480,3384,285857,368698,27831,6952.315618,761804,23,71.33,72.13,100.7,NA
2021-2022,March,31,UTTAR PRADESH,3119,MATHURA,3118967,200.956793502046,38,85,3405.021401585,6046,12,17569,3016088,846428,51665,5680,439,257.48477,9723.539905585,78019,100931,103872,161184,4578,202438,310267,23615,6061.033734,1014381,12,54.06,56.47,104.1,NA
2021-2022,March,31,UTTAR PRADESH,3122,ETAH,2779815,202.172620028567,42,70,931.571291158001,6189,3,13175,2713604,505475,32593,635,47,407.68228,6825.417875158,63896,73656,101968,142200,3210,209720,283422,19364,5486.164304,807318,36,58.75,49.01,108.25,NA
2021-2022,March,31,UTTAR PRADESH,3126,PILIBHIT,3362686,203.821684514841,30,352,3260.903653665,21717,1,9662,3465247,674574,52289,7279,567,544.33114,10868.159601665,114162,147370,171177,271149,5214,311848,456586,31379,7062.924808,789022,53,55.95,44.47,100.79,NA
2021-2022,March,31,UTTAR PRADESH,3128,KHERI,9332382,202.538779284819,43,676,2867.081641172,46108,1,54328,9669643,3315032,191008,171737,9207,850.0279,23301.886434572,222031,295725,355154,544352,18581,682099,960996,100436,19584.7768934,2923780,72,67.08,40.02,100.92,NA
2021-2022,March,31,UTTAR PRADESH,3130,HARDOI,7912693,201.528877424247,42,204,4343.29117506901,18810,0,39938,7812426,2891854,150730,12301,476,936.98658,21024.572172469,184357,202288,308519,399085,10457,697484,880139,58748,15744.2944174,1604617,40,63.74,62.18,103.76,NA
2021-2022,March,31,UTTAR PRADESH,3132,LUCKNOW,2290000,203.547990513873,42,116,1097.903184502,9084,3,6201,2279961,1448008,96411,5991,412,366.77347,6105.491454502,53870,68538,91728,148480,4595,210972,318167,15285,4640.8148,726188,65,59.65,42.72,103.56,NA
2021-2022,March,31,UTTAR PRADESH,3133,RAE BARELI,5923722,202.341845443568,39,240,2824.278696069,31085,1,36606,5957798,2039555,136243,18736,1085,729.75442,15609.151537069,152077,196015,239462,404496,7366,394276,621251,67691,12055.118421,2301024,59,57.73,46.75,100.77,NA
2021-2022,March,31,UTTAR PRADESH,3134,FARRUKHABAD,2701670,203.9328215506,42,134,1842.56445144299,6822,4,14332,2742049,375624,16308,5736,152,347.0752,7781.57754544299,64414,71515,86618,106173,5546,189189,226980,21154,5591.937894,601541,43,64.86,56.88,106.06,NA
2021-2022,March,31,UTTAR PRADESH,3144,PRATAPGARH,7592172,202.818093876064,47,75,3246.696386994,17493,44,59699,7672712,3181520,146349,28182,811,763.956,19572.300613994,160582,182377,272258,341767,10563,575292,709752,77192,15561.648227,3657750,62,63.15,55.19,108.56,NA
2021-2022,March,31,UTTAR PRADESH,3147,GONDA,4696397,201.553891822344,42,173,1843.744302218,24930,2,24273,5041078,1162176,58395,14081,641,870.64037,12874.873571018,117484,130025,226940,272671,9311,473696,555294,49203,10160.4888988,2088320,55,73.84,52.37,102.5,NA
2021-2022,March,31,UTTAR PRADESH,3152,MAHARAJGANJ,6458370,201.122637695615,42,532,2318.543754021,15667,0,27194,6825526,1524973,96665,30328,2515,721.77673,16767.998411821,158792,195285,274046,432878,15378,417499,652795,42861,13727.6779278,2852754,38,56.65,56.89,101.5,NA
2021-2022,March,31,UTTAR PRADESH,3159,BALLIA,3835465,202.371524673098,38,159,959.804429982999,12641,4,38236,3950578,672884,44913,102369,6056,685.7745,9640.423861983,103262,118185,196960,272109,3402,421543,542886,50877,7994.844932,1773495,55,65.54,45.73,104.09,NA
2021-2022,March,31,UTTAR PRADESH,3169,AURAIYA,1910763,196.930526048708,36,59,489.212522828,3203,0,13777,1994264,910923,59912,9508,576,251.33039,4667.857498828,54523,63049,92852,130986,2269,169862,228662,16980,3927.314586,503875,38,53.57,58.39,104.85,NA
2021-2022,March,31,UTTAR PRADESH,3171,CHANDAULI,3727178,205.236780126515,38,265,1860.615663967,6364,1,26248,3631975,1124417,83984,20550,1087,460.77572,9775.539928967,93398,127815,141934,252629,4564,278525,491593,32612,7454.148545,1212401,45,65.75,53.61,104.3,NA
2021-2022,March,31,UTTAR PRADESH,3174,SANT KABEER NAGAR,5845897,195.471000579789,42,84,6153.63448335103,11565,28,21127,6012534,1740498,92958,12087,607,474.70878,18381.103633351,141352,162980,208554,285093,7205,379311,514445,32692,11752.76037,3192521,61,60.34,45.7,102.28,NA
2021-2022,March,31,UTTAR PRADESH,3178,AMBEDKAR NAGAR,4417999,200.334448985166,36,155,2071.186608157,8978,0,35441,4386234,1604870,112387,11897,690,604.56609,11462.890413257,119297,146934,179410,277353,5052,354712,514097,44419,8787.1377151,1787957,52,62.87,43.78,100.89,NA
2021-2022,March,31,UTTAR PRADESH,3180,KASHGANJ,2695757,203.773000449029,39,165,2336.347632502,6647,0,6155,2699156,503020,30269,2201,91,323.64708,8160.145880502,68213,81994,93043,153255,5649,164701,250084,12802,5500.151168,660961,18,51.57,62.02,101.24,NA
2021-2022,March,31,UTTAR PRADESH,3181,AMETHI,5229044,202.136296249804,48,124,4873.197941181,30428,0,24747,5241860,1435816,73922,14485,687,444.87766,15913.777259781,107670,137578,168276,254205,9658,310275,438341,55175,10595.7016586,1911201,63,53.41,37.63,101.91,NA
2021-2022,March,31,UTTAR PRADESH,3182,HAPUR,247667,203.972168234805,38,4,33.387554735,416,7,1067,233079,112780,4922,124,8,2.47468,511.278524735,5986,6560,10878,12181,311,20256,22790,1483,475.41629,90468,22,26.46,41.42,102.12,NA
2021-2022,Feb,31,UTTAR PRADESH,3112,SAHARANPUR,1670953,202.121290051645,25,143,719.265100724,4615,3,18996,1678770,675995,73937,4293,317,236.21738,4348.634061724,66567,78647,106811,157238,1404,175035,244801,23611,3393.151581,602507,32,60.48,65.46,102.33,NA
2021-2022,Feb,31,UTTAR PRADESH,3117,BULANDSHAHR,783596,192.125626000499,22,43,105.485909066,2284,2,8413,817092,160354,14372,202,53,15.99765,1691.326679066,36672,39370,56725,66734,897,140232,168611,10697,1569.84312,202770,17,65.71,73.78,107.33,NA
2021-2022,Feb,31,UTTAR PRADESH,3121,FIROZABAD,3227155,197.07418782857,40,137,901.877401692,4295,6,17553,3289638,1079171,40955,5966,127,205.95355,7590.858322692,80717,92103,97075,117603,5324,226285,276566,21848,6483.027371,1145686,31,60.46,57.43,99.81,NA
2021-2022,Feb,31,UTTAR PRADESH,3123,MAINPURI,3460984,198.292721766236,43,105,1771.512496441,8620,9,22503,3643138,1049338,55497,7001,363,292.74649,9288.336484341,83997,97022,134389,189075,6211,226635,305174,31123,7224.0774979,911023,29,65.8,64.48,107.03,NA
2021-2022,Feb,31,UTTAR PRADESH,3124,BUDAUN,3458945,198.164123934636,34,423,1950.521221643,4491,1,18895,3540221,673574,47171,2427,167,615.47358,9581.442731643,102848,113320,171394,222076,4038,340881,438932,23386,7015.44793,773579,18,66.41,68.69,101.85,NA
2021-2022,Feb,31,UTTAR PRADESH,3129,SITAPUR,13019125,197.065317470291,47,678,8640.769955359,58331,2,53107,13599241,5081813,321836,22188,1163,936.47682,36376.634225559,284030,380644,455135,786317,23418,852059,1402624,111438,26799.3874502,4463441,79,63.98,37.41,104.98,NA
2021-2022,Feb,31,UTTAR PRADESH,3131,UNNAO,4773167,202.051365322973,43,181,1057.541780791,23614,0,18626,4782861,1626313,95572,8039,576,597.71115,11319.088882791,110877,131848,202074,275945,7973,433952,557685,42240,9663.835952,1593326,58,80.87,63.82,100.35,NA
2021-2022,Feb,31,UTTAR PRADESH,3132,LUCKNOW,2161370,200.07383492942,41,112,1047.101114502,8304,3,6901,2205081,1400137,96406,5768,412,301.19057,5760.081804502,53403,67861,91722,148473,4120,212712,325352,15205,4411.79012,705235,65,61.06,44.48,103.65,NA
2021-2022,Feb,31,UTTAR PRADESH,3133,RAE BARELI,5585134,198.9304130271,38,239,2677.965666069,27256,1,39742,5720690,1958495,136243,18104,1085,600.60898,14658.766891069,149959,192695,239458,404492,6310,398944,632419,66998,11380.192245,2208749,59,60.76,48.06,100.74,NA
2021-2022,Feb,31,UTTAR PRADESH,3139,JHANSI,4580602,199.071076062679,52,251,3275.463809206,13103,0,15989,4643289,1623752,88335,52539,2086,331.64918,12850.558366206,87641,135088,134892,248069,10558,233238,436529,29092,9243.445377,1788554,55,58.25,46.74,101.59,NA
2021-2022,Feb,31,UTTAR PRADESH,3140,LALITPUR,4499025,198.061120559157,48,175,1972.924596333,2381,0,30148,4623531,1129930,62769,510219,19991,275.71881,11406.060714333,96078,144794,143663,259964,16470,211787,381263,32529,9157.417308,1871187,63,75.54,57.55,101.71,NA
2021-2022,Feb,31,UTTAR PRADESH,3142,BANDA,4112774,200.207782254288,45,66,1972.207236605,15681,1,36308,4238669,1271360,91296,3946,240,323.2198,10781.572238605,93672,136641,166797,328256,6139,296144,559453,51989,8486.145202,2065852,77,64.6,40.05,100.93,NA
2021-2022,Feb,31,UTTAR PRADESH,3144,PRATAPGARH,7160244,196.82751535844,46,75,3186.620506994,12416,44,64440,7421815,3080493,146349,27486,811,602.4358,18397.230365994,159617,180939,272255,341761,9028,595863,742056,76856,14608.174059,3531615,62,62.68,55.37,108.75,NA
2021-2022,Feb,31,UTTAR PRADESH,3147,GONDA,4416570,196.344590334963,41,168,1810.040162218,20412,3,28381,4788766,1105146,58395,13593,641,768.36942,11980.892567018,116290,128505,226940,272671,7413,477364,559752,48793,9402.4829848,1989243,55,76.16,53.97,102.57,NA
2021-2022,Feb,31,UTTAR PRADESH,3150,SULTANPUR,6393191,190.334014475524,49,233,4209.945967996,33670,3,35770,6767285,2303268,74691,24516,551,454.87207,17545.263249496,137079,161943,196510,248090,16431,463196,590465,69440,12880.4452115,3138319,71,65.81,39.45,103.51,NA
2021-2022,Feb,31,UTTAR PRADESH,3151,SIDDHARTH NAGAR,8190080,192.111947726566,42,151,14084.737740476,12663,0,35764,8626026,1607149,75625,7376,343,707.94458,31364.308880476,204748,227939,307925,384135,14053,521152,645504,48427,16571.62656,4316290,41,45.75,50.33,100.71,NA
2021-2022,Feb,31,UTTAR PRADESH,3160,GHAZIPUR,5839632,198.992672502035,35,190,2194.07283117,15873,1,41980,5882177,1567972,110378,50176,2953,654.8167,14553.99074477,164286,193930,276877,407435,3871,536234,754629,57853,11705.1012136,2414110,65,63.87,47.27,110.71,NA
2021-2022,Feb,31,UTTAR PRADESH,3166,HATHRAS,1233246,200.007225819584,30,32,444.447764882,2967,9,6551,1257712,361257,27072,1413,100,189.61684,3149.579484882,41494,48396,66792,97252,1782,106836,148861,9518,2515.51488,215486,18,72.65,73.14,103.55,NA
2021-2022,Feb,31,UTTAR PRADESH,3173,SANT RAVIDAS NAGAR,1927496,199.509675637017,39,62,1016.698266966,8881,1,21282,1998101,879138,49768,6955,430,248.02557,5251.128660966,50419,64403,77226,121150,1578,189056,304109,30163,3986.404824,1011591,69,73.76,40.61,106.12,NA
2021-2022,Feb,31,UTTAR PRADESH,3180,KASHGANJ,2540029,200.477048020566,38,164,2252.224712502,6158,0,6206,2605113,486829,30269,2138,91,281.02906,7755.907412502,67738,81283,93043,153255,4923,164780,250433,12364,5222.65364,639053,18,55.23,65.96,101.29,NA
2021-2022,Aug,31,UTTAR PRADESH,3110,MORADABAD,1572861,178.695779050374,22,149,438.012691704,2631,65,15935,1543302,322851,40512,1496,134,145.50211,3341.330333704,67283,78028,128572,186061,190,226277,314311,18566,2757.815532,398830,46,81.17,74.59,101.77,NA
2021-2022,Aug,31,UTTAR PRADESH,3111,RAMPUR,1610141,195.828656093448,22,96,883.239628787,1882,6,16302,1603296,293511,33140,2265,198,98.57446,4121.527098787,71966,79388,120424,156172,208,248039,311616,18184,3139.71301,318177,34,63.99,62.17,109.38,NA
2021-2022,Aug,31,UTTAR PRADESH,3119,MATHURA,1615371,169.600919666602,25,77,1887.59260937,2858,15,18730,1615368,460265,51455,3105,437,76.95943,4704.23102337,64087,81385,103263,160328,413,204792,315420,21588,2739.678984,539952,12,54.33,58.05,107.05,NA
2021-2022,Aug,31,UTTAR PRADESH,3125,BAREILLY,2011701,184.614936315089,19,451,655.507903043,4156,0,25362,2011701,430116,71854,2086,228,198.18867,4567.597093043,103326,123152,214822,325316,225,345651,501883,29518,3713.90052,454538,41,65.03,67.8,101.93,NA
2021-2022,Aug,31,UTTAR PRADESH,3148,BARABANKI,3055184,180.550693589076,29,143,3785.185075094,8481,0,40381,3055051,1207730,141918,1861,206,175.63484,9476.735685094,104490,126050,242322,353187,450,527059,745592,48862,5515.91577,1013066,57,60.62,47.86,100.15,NA
2021-2022,Aug,31,UTTAR PRADESH,3149,AYODHYA,1764557,185.856348080566,23,104,2363.936602523,2427,28,27456,1764557,679660,109044,3072,492,149.36836,5792.846162523,75004,84443,185103,290161,155,299610,440389,29883,3279.5412,713796,61,75.23,69.5,102.52,NA
2021-2022,Aug,31,UTTAR PRADESH,3158,JAUNPUR,4521336,175.080433551485,27,188,2179.136390387,8110,14,61849,4520086,1681829,140375,19615,1730,389.41023,10482.332786087,162912,171092,315191,369195,72,674867,782704,69959,7913.7861657,2192255,55,79.33,58.28,100.39,NA
2021-2022,Aug,31,UTTAR PRADESH,3162,MIRZAPUR,2349684,179.312455338504,24,135,2533.680466841,7876,1,40444,2349619,1000171,149131,28711,3680,206.81092,6953.650906841,94276,125771,204631,344503,223,405372,648014,48320,4213.15952,1023263,67,68.66,54.44,101.61,NA
2021-2022,Aug,31,UTTAR PRADESH,3166,HATHRAS,632040,173.480335105373,18,26,255.235707249,830,9,7733,632040,178022,26790,836,99,50.05499,1401.755807249,33330,38118,66108,96349,45,105300,147044,8563,1096.46511,110957,20,72.46,75.54,106.17,NA
2021-2022,Aug,31,UTTAR PRADESH,3176,SHRAVASTI,1035539,187.878362137144,25,106,162.192549766,1841,0,13460,1035569,328375,51262,10503,1242,37.53437,2145.336995766,40329,49440,95619,161041,67,169354,269520,15301,1945.610076,374716,65,85.45,68.67,103,NA
2021-2022,Aug,31,UTTAR PRADESH,3177,CHITRAKOOT,1570405,177.11609985959,29,68,178.790767413,4135,0,22933,1570405,715780,93428,348,32,62.31924,3022.550095413,53478,77658,113463,212620,412,171814,316297,27068,2781.440088,684840,69,71.73,58.09,100.3,NA
2021-2022,Aug,31,UTTAR PRADESH,3184,SAMBHAL,1127797,177.765748963782,19,148,280.979544251,1193,114,18641,1157092,340051,48923,881,97,140.91787,2478.810674251,59954,68777,110137,152163,42,223873,295266,19834,2056.91326,308985,34,82.83,74.52,103.06,NA
2021-2022,June,31,UTTAR PRADESH,3114,MUZAFFARNAGAR,259957,151.685135750272,21,12,35.521068611,849,12,4475,259226,87430,17205,277,116,3.54288,432.271258611,11828,12812,44541,52703,14,119844,143832,5324,393.20731,102717,29,64.21,60.3,102.65,NA
2021-2022,June,31,UTTAR PRADESH,3115,MEERUT,209568,116.05867785158,23,14,5.779981565,292,81,4072,209568,86617,16440,220,210,1.49626,250.498091565,9076,10044,30204,37454,0,71222,86047,4364,243.22185,82840,26,66.37,57.59,102.5,NA
2021-2022,June,31,UTTAR PRADESH,3122,ETAH,366673,128.311683210448,17,19,12.82007,704,40,14372,366603,76257,32452,152,47,74.25738,557.47193,20638,22588,100031,139335,2,229862,319130,15076,470.39448,133596,38,79.69,44.46,107.61,NA
2021-2022,June,31,UTTAR PRADESH,3124,BUDAUN,643652,105.88470561844,13,233,47.795695137,1159,163,18721,641922,120515,46275,578,160,47.63073,775.123645137,48633,51980,165748,215737,4,331205,429011,19880,679.69722,128476,19,55.4,53.86,100.71,NA
2021-2022,June,31,UTTAR PRADESH,3126,PILIBHIT,695397,153.646719114798,16,110,46.00846043,3154,23,18995,695163,135774,52219,1434,567,100.16529,1214.26889243,41317,51146,170764,270653,2,317333,467293,22149,1068.095142,199389,55,66.51,31.66,102.08,NA
2021-2022,June,31,UTTAR PRADESH,3127,SHAHJAHANPUR,807405,149.332846317464,16,103,58.80063448,3208,42,23191,807229,227512,84127,463,190,43.2034,1307.46207648,47956,56688,197307,291699,5,399774,569912,26399,1205.458042,229406,49,75.54,34.59,104.35,NA
2021-2022,June,31,UTTAR PRADESH,3131,UNNAO,1408699,167.595616096484,23,110,33.68717199,7679,1,27680,1407239,491288,94467,2641,569,40.67817,2432.83621399,59340,68888,199717,273112,19,436657,564475,35359,2358.470872,525785,58,91.08,44.23,100.65,NA
2021-2022,June,31,UTTAR PRADESH,3137,KANPUR NAGAR,362108,139.348276856286,17,66,16.560411214,688,0,14634,362094,142409,43847,5981,1668,61.99085,583.123010814,20688,23669,71010,107187,1,212047,317809,15322,504.5717496,106511,43,75.49,51.7,103.68,NA
2021-2022,June,31,UTTAR PRADESH,3145,PRAYAGRAJ,1726688,139.809287800854,23,103,6.8882786,3342,35,77660,1726006,929161,219526,1541,318,125.19801,2545.2029846,73005,89932,291497,454234,1,565382,825603,81002,2413.116696,848880,74,82.91,33.84,102.64,NA
2021-2022,June,31,UTTAR PRADESH,3154,GORAKHPUR,1571022,115.785787657062,18,102,60.1989095,1226,52,45218,1570874,442751,90785,4064,870,89.84696,1968.8947035,85186,91714,244533,327306,4,515014,655562,46444,1818.848834,658156,61,88.72,61.74,102.13,NA
2021-2022,June,31,UTTAR PRADESH,3155,DEORIA,1359340,135.316738794334,22,62,17.06124,1704,23,28363,1358933,346972,48245,41825,5528,112.94709,1968.872148,61625,65415,161917,192559,10,317136,376415,30067,1838.863818,509510,42,90.73,70.4,99.94,NA
2021-2022,June,31,UTTAR PRADESH,3158,JAUNPUR,1721164,135.961267612182,22,106,19.62743,2723,31,57194,1720684,721110,137931,7813,1724,198.83175,2557.922958,76413,79709,307405,361188,0,659516,767026,59917,2339.463778,936246,55,76.6,26.35,100.8,NA
2021-2022,June,31,UTTAR PRADESH,3165,BAGHPAT,13900,140.993956834532,14,1,3.3914438,25,104,1446,13900,4575,2772,54,18,1.008,23.9976038,928,1039,6029,8712,0,35076,48103,1471,19.59816,3954,10,29.43,46.16,106.17,NA
2021-2022,June,31,UTTAR PRADESH,3174,SANT KABEER NAGAR,1106098,89.0504297590021,20,27,90.6558829,777,68,20342,1105736,363599,92392,2382,589,54.23336,1129.5519029,54776,59861,204577,280600,3,385752,545935,21119,984.66266,611255,57,78.78,30.29,107.97,NA
2021-2022,Dec,31,UTTAR PRADESH,3109,BIJNOR,3633493,191.743288126074,24,276,1784.885594371,8876,4,22510,3632160,1472147,129456,10441,736,400.55512,9149.863728371,149672,186170,199630,303380,3669,303577,443973,31386,6964.423014,997614,34,63.28,63.89,103.79,NA
2021-2022,Dec,31,UTTAR PRADESH,3110,MORADABAD,3057105,188.976242737077,34,195,553.30538564,4391,2,17057,2986573,611710,40776,2719,135,299.24543,6496.46425764,87340,103683,130289,188222,3570,229926,318337,21448,5643.913442,785329,41,77.17,71.84,101.08,NA
2021-2022,Dec,31,UTTAR PRADESH,3115,MEERUT,805484,183.232563237795,40,24,174.699049132,974,3,4596,805610,356011,17137,4129,214,6.27939,1657.118291832,19803,22284,31625,39051,758,74674,89877,5570,1476.1398527,297997,24,66.79,76.28,105.23,NA
2021-2022,Dec,31,UTTAR PRADESH,3119,MATHURA,2750372,188.603577503669,35,85,2965.060937192,4647,12,18633,2749515,777316,51665,5326,439,188.0672,8338.811791192,76854,98975,103872,161184,3479,205909,316664,23280,5185.683654,922908,12,53.95,56.6,104.33,NA
2021-2022,Dec,31,UTTAR PRADESH,3131,UNNAO,4347310,195.329511602934,40,172,815.002781805,19095,0,22798,4334895,1476774,95565,7445,576,505.33559,9787.667603805,107587,127616,202051,275919,5720,433459,557821,41893,8467.329232,1449950,58,83.29,65.77,100.29,NA
2021-2022,Dec,31,UTTAR PRADESH,3137,KANPUR NAGAR,1430995,190.428555394535,30,141,203.179692153,3244,0,14267,1431152,568219,44312,21354,1669,227.27659,3155.778361253,46322,56186,72287,108754,1412,210691,311908,17511,2725.3220791,352545,46,70.26,62.01,103.74,NA
2021-2022,Dec,31,UTTAR PRADESH,3142,BANDA,3743777,191.910929999725,41,64,1417.905773253,7933,1,43625,3742571,1122531,91288,3571,240,262.50823,8862.816815253,89993,130563,166786,328241,4267,296445,560348,51558,7182.402812,1819553,77,68.64,43.32,100.99,NA
2021-2022,Dec,31,UTTAR PRADESH,3148,BARABANKI,6306129,183.954892265444,42,193,4382.481799875,16813,0,35690,6305637,2451400,142287,4015,206,526.89617,16508.905719875,146953,183272,243270,354347,10170,528083,745917,52503,11599.52775,2134822,55,57.16,47.43,99.91,NA
2021-2022,Dec,31,UTTAR PRADESH,3155,DEORIA,3730877,179.862757102643,37,93,684.427500402,4968,2,29180,3724388,877595,48448,101391,5593,524.80327,7908.017712402,99586,107108,163742,194583,3058,319708,378032,34148,6698.786942,1327989,39,72.78,67.56,100.14,NA
2021-2022,Dec,31,UTTAR PRADESH,3169,AURAIYA,1567742,178.461933088256,31,53,398.029277584,1627,0,14196,1565764,717688,59872,7434,576,185.62234,3377.944319584,49685,57140,92758,130877,1039,170946,230331,15823,2794.292702,397758,38,63.34,70.15,104.13,NA
2021-2022,Dec,31,UTTAR PRADESH,3172,KUSHI NAGAR,4375228,180.944788207523,34,370,2684.693702741,16741,1,34059,4373975,1262866,106666,9306,630,487.02013,11086.193632741,126201,150861,244900,366816,5154,502181,696128,50800,7914.4798,1597070,33,70.52,64.5,103.24,NA
2021-2022,Dec,31,UTTAR PRADESH,3174,SANT KABEER NAGAR,4829321,169.776305631261,36,75,5960.59521902103,5395,28,25683,4827569,1396976,92957,9766,607,353.0252,14509.688719021,131381,149761,208520,285055,3375,392639,548409,31078,8196.0683,2566447,61,69.42,51.78,103.14,NA
2021-2022,Dec,31,UTTAR PRADESH,3178,AMBEDKAR NAGAR,3717476,183.287491826778,32,152,1669.071479836,3431,0,39530,3687652,1355624,112385,9492,690,404.94523,8833.021567936,112831,137581,179403,277344,2861,362804,530614,42961,6759.0048581,1504173,53,72.76,50.62,100.4,NA
2021-2022,Dec,31,UTTAR PRADESH,3183,SHAMLI,424283,186.819936015139,37,6,26.09907872,1072,0,4563,426976,67188,4173,527,29,6.98626,830.76162872,11425,13233,22859,27678,331,55854,66618,5635,797.67629,118907,20,69.13,77.63,100.62,NA
2021-2022,Nov,31,UTTAR PRADESH,3110,MORADABAD,2625077,179.248780484012,30,182,553.30538564,3104,4,17676,2572168,524762,40770,2290,135,283.96964,5447.85479764,83258,97882,130242,188158,1912,229713,318067,20780,4610.579772,675096,42,79.2,73.99,101.11,NA
2021-2022,Nov,31,UTTAR PRADESH,3130,HARDOI,6091186,191.399070990976,36,186,3935.51769116901,9893,0,45726,6085689,2255415,150566,10005,476,593.76918,16177.239080569,168443,183874,308193,398718,3407,697682,882550,55619,11647.9522094,1231742,41,68.43,67.41,104.27,NA
2021-2022,Nov,31,UTTAR PRADESH,3145,PRAYAGRAJ,5543959,184.357074153991,35,279,3800.7125833,12472,23,90459,5539567,2769210,221556,5878,337,580.17906,14593.4752853,156617,206233,296153,460280,2867,576100,838944,102931,10212.583642,2524356,76,70.42,35.18,102.68,NA
2021-2022,Nov,31,UTTAR PRADESH,3156,MAU,2970847,183.19510499874,30,256,1698.73566723101,5588,5,25070,2968988,935290,79886,23045,1900,392.84082,7530.61717123101,97888,112481,203822,270203,1187,337461,432293,30658,5439.040684,1465778,64,77.2,58.96,103.44,NA
2021-2022,Nov,31,UTTAR PRADESH,3157,AZAMGARH,6003204,183.021613142326,31,208,3861.004445296,10217,2,49867,5994251,2142048,159442,15224,897,611.07764,15442.856961296,190585,206998,340988,412280,2019,714821,835592,60084,10970.774876,2566918,60,63.21,60.69,102.2,NA
2021-2022,Nov,31,UTTAR PRADESH,3159,BALLIA,2531989,176.536249606475,30,143,755.872660255,6128,4,41947,2525255,429922,44845,67616,6035,459.85715,5673.720280255,83333,94220,196267,271360,953,416382,538008,48075,4457.99047,1124784,57,73.5,51.23,103.16,NA
2021-2022,Nov,31,UTTAR PRADESH,3161,VARANASI,1596513,179.95635519992,27,145,766.535903366,2054,2,25882,1595890,639773,65527,10995,906,261.44029,3899.881670366,58977,76472,103628,178987,592,206714,320359,27936,2871.905477,759587,60,53.02,34.97,101.54,NA
2021-2022,Nov,31,UTTAR PRADESH,3163,SONBHADRA,4107041,191.647134853215,34,257,2002.594687315,7302,1,34567,4106198,1326875,118590,1182181,107659,392.08469,10264.090195715,119547,168091,215777,382303,3443,380098,733308,41869,7869.4108184,2040033,75,81.74,58.15,100.55,NA
2021-2022,Nov,31,UTTAR PRADESH,3169,AURAIYA,1298611,190.791932894662,28,46,398.029277584,1378,0,14048,1296946,596903,59833,5878,576,161.3063,3033.803919584,45435,52029,92661,130758,511,170573,230133,15426,2474.468342,331788,39,66.1,73.15,103.52,NA
2021-2022,Nov,31,UTTAR PRADESH,3172,KUSHI NAGAR,3456213,191.47721220743,29,356,2684.693702741,15665,1,33939,3455666,1002592,106636,7378,630,466.92495,9768.431572741,115757,137170,244657,366525,2634,500886,695142,49604,6616.81292,1252341,33,69.73,63.59,102.74,NA
2021-2022,Nov,31,UTTAR PRADESH,3176,SHRAVASTI,1856128,173.778133346835,36,131,355.058834979,2549,0,14116,1856617,576547,51375,17026,1244,124.01299,3705.466190979,50925,64824,96430,161994,1592,170435,270640,16665,3226.394366,679902,62,80.91,65.82,103.42,NA
2021-2022,Nov,31,UTTAR PRADESH,3177,CHITRAKOOT,2602059,191.835760976043,39,81,510.297563909,4647,0,23484,2602099,1211010,93737,650,32,164.63454,5666.688521909,65158,97294,113988,213392,2352,173043,317345,28131,4991.756418,1133331,69,71.62,57.15,100.68,NA
2021-2022,Nov,31,UTTAR PRADESH,3178,AMBEDKAR NAGAR,3041978,181.622042444641,28,142,1669.071479836,2529,0,39485,3025164,1108342,112375,7635,690,371.01564,7534.451763936,104674,125850,179335,277269,1658,362742,531142,42014,5494.3646441,1212466,53,73.61,53.3,100.47,NA
2021-2022,Nov,31,UTTAR PRADESH,3180,KASHGANJ,2002306,190.768102768497,31,155,1536.719283126,4314,0,6973,2001158,378413,30269,1641,91,191.87181,5546.162243126,63504,75471,93003,153214,1944,164216,250367,11287,3817.57115,486188,18,64.29,76.3,101.34,NA
2021-2022,June,31,UTTAR PRADESH,3116,GHAZIABAD,31,144.5,8,0,0,1,161,18,120,18,20,0,0,0,0.1734,15,17,112,122,0,17909,26201,19,0.1734,95,42,40.95,84.76,115.38,NA
2021-2022,June,31,UTTAR PRADESH,3120,AGRA,927582,120.221430726262,17,96,20.59214,604,16,15055,924831,323429,55017,8092,1287,23.0623,1155.4995,51969,62505,117535,173033,2,219079,304911,15659,1111.84506,301582,37,83.47,66.03,100.91,NA
2021-2022,June,31,UTTAR PRADESH,3121,FIROZABAD,683692,120.358118146497,18,48,8.1366391,186,31,17147,686419,245593,40466,921,126,17.5278,851.8254301,37200,40888,93261,113261,10,220628,271297,17333,826.160991,244849,32,73.2,53.37,99.32,NA
2021-2022,June,31,UTTAR PRADESH,3133,RAE BARELI,1370082,151.639814113316,19,125,25.5168105,3863,2,48532,1370082,502796,135209,4783,1071,119.60113,2222.7077385,70246,83855,237204,401747,3,396137,630955,52395,2077.589798,573257,57,75.3,36.08,100.45,NA
2021-2022,June,31,UTTAR PRADESH,3139,JHANSI,1230166,129.510259680716,27,131,25.9704403,1424,3,23310,1230126,484214,87256,12044,2006,43.64093,1662.7507473,44209,64589,132447,244203,81,230074,435768,24734,1593.139377,505716,59,86,48.37,101.71,NA
2021-2022,June,31,UTTAR PRADESH,3140,LALITPUR,1017347,123.84072494439,21,79,15.00900595,347,0,26972,1017347,269990,62188,105813,19821,36.49524,1311.39414595,46572,63719,141669,256728,13,209860,380044,27319,1259.8899,424192,62,88.33,56.46,102.65,NA
2021-2022,June,31,UTTAR PRADESH,3142,BANDA,757003,143.649595074842,23,25,34.83376,978,1,40638,756930,249832,90974,560,236,39.42316,1161.5838,32018,42677,165929,327026,16,295678,561664,41616,1087.32688,387504,76,77.71,32.07,103.21,NA
2021-2022,June,31,UTTAR PRADESH,3163,SONBHADRA,1174615,175.751235423894,21,115,58.720308113,3328,2,28266,1174868,392425,117806,312802,107074,27.5765,2151.141832713,54851,73012,214486,380188,25,379722,741317,31594,2064.8450246,580222,72,89.26,47.97,100.51,NA
2021-2022,June,31,UTTAR PRADESH,3173,SANT RAVIDAS NAGAR,383058,156.851737520305,19,23,33.28512923,1553,18,24082,382902,176728,49005,754,428,37.46702,671.34058923,19499,23223,75463,118888,2,190656,310916,25635,600.58844,196402,67,84.76,43.45,105.43,NA
2021-2022,June,31,UTTAR PRADESH,3175,BALRAMPUR,808551,120.743376661944,18,57,33.11275615,1034,19,27746,808165,158553,37416,17249,3535,195.72594,1204.64440615,43389,47113,150510,203969,2,259881,338611,28780,975.80571,282550,48,80.01,60.61,102.66,NA
2021-2022,June,31,UTTAR PRADESH,3177,CHITRAKOOT,579622,154.209634554934,21,40,6.9305,2765,1,21438,579622,271153,92583,73,32,13.05965,913.823118,27026,37589,111732,210024,10,169566,313445,24203,893.832968,250969,67,68.19,42.88,100.29,NA
2021-2022,June,31,UTTAR PRADESH,3180,KASHGANJ,538560,128.192654825842,14,81,19.92926,1526,16,7014,538476,107867,29829,437,91,11.06263,721.27857,36964,42425,89657,149072,2,159132,244535,8540,690.28668,135264,19,67.31,80.9,102.25,NA
2021-2022,May,31,UTTAR PRADESH,3133,RAE BARELI,567217,133.415707921307,20,49,0,1934,77,48168,567217,204451,134344,2189,1067,0,756.756576,27844,32977,235111,399201,0,393133,627393,50102,756.756576,260470,58,69.34,19.92,100.92,NA
2021-2022,May,31,UTTAR PRADESH,3151,SIDDHARTH NAGAR,781171,161.227883171813,20,37,0,1999,99,37544,779983,178006,75219,563,337,0,1257.55008,38553,42629,303071,378858,2,508164,634090,39543,1257.55008,406983,46,68.43,43.98,103.45,NA
2021-2022,May,31,UTTAR PRADESH,3162,MIRZAPUR,373247,169.963873788671,18,24,0,5392,41,33439,373247,182048,147399,4735,3553,0,634.38506,20090,26016,198376,336085,5,393572,632873,38831,634.38506,169850,65,84.2,43.42,100.73,NA
2021-2022,May,31,UTTAR PRADESH,3163,SONBHADRA,649692,186.62542326442,22,70,0,1804,13,25819,649653,207103,117503,181387,106791,0,1212.417661,28468,37156,213823,379126,0,379525,741682,27623,1212.417661,326012,70,91.16,38.4,100.66,NA
2021-2022,May,31,UTTAR PRADESH,3169,AURAIYA,85973,122.271329370849,17,4,0.0585,134,213,12822,85973,43017,58940,276,572,0,105.17883,5049,5659,90446,127900,12,166056,225046,12956,105.12033,25682,37,57.65,55.36,137.99,NA
2021-2022,May,31,UTTAR PRADESH,3172,KUSHI NAGAR,1062336,153.132641650099,17,216,0.004,5706,81,37303,1062336,305038,105797,1419,620,0,1626.78718,59738,68567,240258,361274,12,490939,684020,43009,1626.78318,378211,36,80.33,74.97,105.49,NA
2021-2022,May,31,UTTAR PRADESH,3175,BALRAMPUR,260667,113.215520917777,16,26,0,301,211,27200,260281,56248,36692,5806,3461,0,294.67849,15567,16920,144825,197447,0,252138,330096,27501,294.67849,98170,48,71.29,51.41,110.37,NA
2021-2022,May,31,UTTAR PRADESH,3179,MAHOBA,139874,134.939482331823,24,10,0,309,39,14564,138158,52758,34287,369,171,0,186.42969,5647,8145,57741,118916,0,118996,290410,14873,186.42969,58225,62,88.13,25.21,107.26,NA
2021-2022,May,31,UTTAR PRADESH,3182,HAPUR,5110,192.325244618395,14,0,0,198,248,590,5110,1230,4424,28,8,0,9.82782,357,377,9672,10858,0,18334,20736,788,9.82782,2155,27,36.02,30.34,102.53,NA
2021-2022,July,31,UTTAR PRADESH,3115,MEERUT,381489,149.519244539161,27,16,7.024581565,367,21,4377,381489,157394,16686,908,211,1.89472,579.318772365,13646,15237,30813,38130,7,72500,87448,4744,570.3994708,145038,26,68.58,72.94,102.69,NA
2021-2022,July,31,UTTAR PRADESH,3137,KANPUR NAGAR,579024,171.053010134295,20,90,39.002213074,858,0,14917,579024,225684,44047,9449,1668,81.18853,1110.628724474,28453,32900,71747,108063,5,213436,319128,15775,990.4379814,150772,44,68.24,60,106.72,NA
2021-2022,July,31,UTTAR PRADESH,3149,AYODHYA,1370518,176.414985428867,20,90,64.597512046,1811,32,26965,1370518,536351,108761,2343,492,97.0434,2579.440042046,65521,73057,184260,289066,35,297987,438334,28776,2417.79913,564655,61,75.62,68.06,102.27,NA
2021-2022,July,31,UTTAR PRADESH,3161,VARANASI,663826,165.718743356044,16,107,47.17820776,858,10,22698,662256,273233,65335,3694,896,98.76446,1243.42498876,39599,48547,103061,178245,10,205406,318946,23556,1097.482321,319926,58,54.59,40,101.69,NA
2021-2022,July,31,UTTAR PRADESH,3167,AMROHA,1056681,164.027259598687,17,98,25.5594427,1889,3,9481,1056681,273896,52263,395,82,51.89682,1810.7011497,60981,72429,120430,188837,40,184678,288900,11370,1733.244887,241118,25,82.82,80.5,100.42,NA
2021-2022,July,31,UTTAR PRADESH,3169,AURAIYA,591796,160.71183651123,18,33,18.70165156,346,9,13646,591796,281635,59390,2750,572,37.92952,1007.71739156,31363,35164,91601,129324,19,168153,227374,13992,951.08622,146170,38,64.28,69.57,106.06,NA
2021-2022,Aug,31,UTTAR PRADESH,3109,BIJNOR,1712831,176.237842894079,14,221,914.759770822999,4593,5,23361,1712628,693920,128915,5429,735,139.86834,4072.926754823,120924,145115,198138,301518,134,301205,442423,27954,3018.298644,476214,35,63.42,64.86,103.69,NA
2021-2022,Aug,31,UTTAR PRADESH,3121,FIROZABAD,1724629,173.547029549187,28,103,418.239329105,1228,9,18432,1731892,594180,40819,2985,126,59.2511,3483.137550105,60823,68190,96510,116951,434,227170,278504,19660,3005.647121,594297,32,70.15,65.7,99.46,NA
2021-2022,Aug,31,UTTAR PRADESH,3127,SHAHJAHANPUR,1898367,177.646725129841,20,200,818.742274316,4960,2,25285,1898289,504903,84392,1039,191,156.24674,4347.237256316,90490,107448,199172,293862,192,402591,572458,30245,3372.248242,433644,52,60.65,44.72,106.44,NA
2021-2022,Aug,31,UTTAR PRADESH,3133,RAE BARELI,2831948,181.666250043256,24,181,1418.792245613,9431,1,52152,2831974,994937,135825,9097,1081,231.51555,6795.048763613,114536,141667,238564,403432,198,397986,632958,61583,5144.740968,1097574,61,70.83,49.62,100.36,NA
2021-2022,Aug,31,UTTAR PRADESH,3134,FARRUKHABAD,1301019,181.182033969463,25,120,1109.170296183,1208,5,17353,1300521,183608,16270,2794,152,61.56489,3527.045586183,50764,55827,86264,105801,149,202368,245580,18561,2356.3104,284525,45,67.55,59.9,104.51,NA
2021-2022,Aug,31,UTTAR PRADESH,3136,KANPUR DEHAT,1307989,191.179427912599,24,185,267.193668212,2928,1,23481,1307947,507472,59601,7648,987,76.9835,2844.702760212,54453,63997,106954,155256,131,272243,403888,26409,2500.525592,357783,50,76.22,67.78,103.83,NA
2021-2022,Aug,31,UTTAR PRADESH,3140,LALITPUR,2130692,182.097242585977,29,117,1673.768568342,669,0,29226,2130692,533551,62534,247302,19971,96.54025,5650.240198342,72880,104403,142833,258615,640,211300,381825,29895,3879.93138,881493,63,86.24,65.83,102.5,NA
2021-2022,Aug,31,UTTAR PRADESH,3142,BANDA,1966496,174.325457004245,28,49,797.38259386,2608,1,45891,1966229,589218,91234,1520,240,80.98299,4306.00327386,68513,96197,166649,328056,314,296607,562790,48499,3427.63769,946306,78,79.64,51.81,101.35,NA
2021-2022,Aug,31,UTTAR PRADESH,3145,PRAYAGRAJ,3499202,177.972066906531,26,232,2365.435230798,5887,26,91285,3497536,1779887,221022,3536,330,257.20812,8847.280460798,129547,166357,294679,458400,325,571407,833067,97172,6224.63711,1611688,76,73,39.48,103.07,NA
2021-2022,Aug,31,UTTAR PRADESH,3150,SULTANPUR,2903116,177.737237855222,30,142,2699.816399962,9703,4,53653,2902976,1007550,74296,8708,540,180.43688,8039.922637962,93891,104889,195105,246561,206,469717,601993,63356,5159.669358,1399317,75,74.6,39.19,102.43,NA
2021-2022,Aug,31,UTTAR PRADESH,3164,GAUTAM BUDDHA NAGAR,5004,174.820683453237,14,0,0,9,34,190,5004,1734,587,149,18,0,8.748027,342,356,1344,1672,0,16926,19509,199,8.748027,622,13,3.02,96.52,112.64,NA
2021-2022,Aug,31,UTTAR PRADESH,3174,SANT KABEER NAGAR,2217981,183.357461434205,24,42,4977.92861033602,1887,28,21686,2217898,681887,92876,5735,606,102.4143,9147.02438033602,88895,98682,207346,283727,37,389424,548265,23573,4066.68147,1201182,58,83.87,57.53,106.36,NA
2021-2022,Aug,31,UTTAR PRADESH,3175,BALRAMPUR,1611867,191.839806512418,24,78,2456.09922951599,3053,0,27532,1610646,300552,37804,28832,3551,282.42087,5828.38026951599,66788,73083,153081,206809,50,263766,342393,30585,3089.86017,550689,48,72.23,68.47,102.02,NA
2021-2022,Aug,31,UTTAR PRADESH,3178,AMBEDKAR NAGAR,1932079,181.344024659213,22,120,781.419734129,1395,1,38252,1931043,716103,112199,4341,686,109.12005,4392.370878229,85893,100886,178604,276425,148,358613,526932,39647,3501.8310941,763805,55,80.58,61.77,100.57,NA
2021-2022,Aug,31,UTTAR PRADESH,3179,MAHOBA,819110,188.577665116211,30,35,123.362616342,1183,1,15549,817394,252230,34801,1072,171,42.21738,1707.002516342,26834,41999,59376,121599,174,121190,291730,16732,1541.42252,333623,64,91.24,66.78,101.78,NA
2021-2022,March,31,UTTAR PRADESH,3123,MAINPURI,3671668,204.167743781918,44,109,1854.615476441,11989,9,20061,3806640,1090866,55501,7256,363,328.12128,9954.667758341,85323,98778,134406,189093,7232,224474,301694,32050,7771.9310019,950973,28,61.39,59.26,106.76,NA
2021-2022,March,31,UTTAR PRADESH,3135,ETAWAH,2757653,206.045545160202,39,79,840.868728954,7560,0,15258,2713285,956754,52592,5101,215,343.01709,6774.488688954,68230,78058,105243,140263,5222,198648,256893,22818,5590.60287,651293,33,52.78,65.26,106.1,NA
2021-2022,March,31,UTTAR PRADESH,3136,KANPUR DEHAT,2677092,203.626805387025,36,236,681.627057793,5871,1,22716,2652002,1025443,59848,14626,988,317.92163,6399.735639193,73221,88563,107674,156048,3150,265606,389827,28587,5400.1869514,710356,50,68.33,61.71,105.82,NA
2021-2022,March,31,UTTAR PRADESH,3137,KANPUR NAGAR,1666908,198.968743439384,33,149,283.606589241,5215,0,12686,1637613,650646,44312,24173,1669,289.28095,3831.225547741,48439,59130,72299,108766,2442,206621,303302,17901,3258.3380085,399868,46,68.99,59.73,103.74,NA
2021-2022,March,31,UTTAR PRADESH,3138,JALAUN,6374463,199.328539994772,51,410,5374.498019337,11590,1,25543,6721791,2057788,99862,6902,434,527.20557,19300.151451137,131258,195548,164339,295656,14353,269468,506128,37133,13398.4478618,2367943,47,55.2,54.17,101.09,NA
2021-2022,March,31,UTTAR PRADESH,3148,BARABANKI,7789472,201.919499531366,51,204,5827.407992801,24259,0,29788,8501312,3275285,142290,4890,206,801.16497,23794.379606801,163700,206213,243288,354367,29816,492524,689708,54047,17165.806644,2845589,54,55.02,48.38,99.8,NA
2021-2022,March,31,UTTAR PRADESH,3153,BASTI,8989870,199.674789900422,45,189,6133.93380967599,27425,12,42213,9568677,1949925,98408,4424,227,750.81669,25990.986195676,209098,245622,312855,432688,13433,548395,741202,69638,19106.235696,4446677,51,66.88,58.08,107.43,NA
2021-2022,March,31,UTTAR PRADESH,3157,AZAMGARH,8238723,202.157563341216,38,223,4145.916197673,22958,2,40868,8117345,2938143,159588,20313,910,1013.67337,21569.416427673,210914,229924,341442,412800,6454,689735,804328,63826,16409.82686,3517427,59,57,52.06,103.08,NA
2021-2022,March,31,UTTAR PRADESH,3162,MIRZAPUR,5396482,203.513835556955,42,201,5448.434057926,21118,1,32532,5563896,2395967,149387,65724,3689,538.35137,17310.083583926,129973,180768,205442,345568,10746,400074,633719,53650,11323.298156,2474687,66,60.23,42.2,101.25,NA
2021-2022,Feb,31,UTTAR PRADESH,3111,RAMPUR,3123112,197.460042444274,35,122,4045.63255103201,5279,3,15044,3178285,565783,33271,4387,198,381.3447,10702.820161032,88468,98826,121847,157739,3826,252431,316016,20323,6275.84291,603215,32,41.68,39.51,110.43,NA
2021-2022,Feb,31,UTTAR PRADESH,3141,HAMIRPUR,3184238,197.254614666336,45,105,672.11807158,7738,0,18347,3282415,835366,54919,1204,115,242.936,7389.76913158,72241,108443,116954,211127,4955,212795,391790,26085,6474.71506,1309934,62,73.2,68.08,105.72,NA
2021-2022,Feb,31,UTTAR PRADESH,3143,FATEHPUR,4937743,195.459005359761,46,176,2211.330663472,17198,1,38950,5211613,2135451,106482,3842,129,527.28128,12925.178876472,111677,129744,179935,246226,7094,393863,515653,56148,10186.566933,2293505,69,66.93,60.52,101.36,NA
2021-2022,Feb,31,UTTAR PRADESH,3148,BARABANKI,7344810,193.900773584642,49,204,5609.622892801,20832,0,32504,8008432,3091952,142290,4644,206,640.70855,21778.743042801,161378,202730,243288,354367,20944,526349,742792,53336,15528.4116,2692441,55,57.26,49.81,99.83,NA
2021-2022,Feb,31,UTTAR PRADESH,3153,BASTI,8565253,191.878353093146,44,179,6000.95850967599,20080,12,47544,9094722,1856078,98408,4141,227,593.59073,24045.352031676,204244,239202,312854,432687,10776,555967,753085,67624,17450.802792,4223250,52,76.16,65.96,107.82,NA
2021-2022,Feb,31,UTTAR PRADESH,3156,MAU,4058417,198.920074288014,38,296,1942.91464497701,13421,5,19475,4199870,1321169,79896,32273,1900,466.10725,10763.406418977,109385,126946,203853,270241,4902,337932,432494,32896,8354.384524,2100091,61,76.35,56.06,103,NA
2021-2022,Feb,31,UTTAR PRADESH,3158,JAUNPUR,8877867,196.728084673805,44,250,3467.407742373,28426,11,56062,9236552,3390102,141185,39889,1730,973.78953,22612.089111873,209029,221291,317226,371330,12389,683724,790773,84488,18170.8918395,4410322,53,71.63,57.3,100.4,NA
2021-2022,Feb,31,UTTAR PRADESH,3159,BALLIA,3618137,194.996429798962,37,158,924.510539982999,11329,4,38526,3793904,647381,44910,99007,6056,519.55135,8842.039239983,100844,115203,196939,272088,2871,420480,542006,49855,7397.97735,1708207,55,74.02,52.23,104.31,NA
2021-2022,Feb,31,UTTAR PRADESH,3165,BAGHPAT,70378,191.735377929294,28,4,9.82029202,163,2,1489,76853,22222,2878,263,19,5.15185,162.32653202,2683,3058,6486,9240,50,35805,48935,1652,147.35439,19811,10,40.21,62.44,122.34,NA
2021-2022,Feb,31,UTTAR PRADESH,3169,AURAIYA,1802379,194.896160057983,35,58,472.830742828,2484,0,13596,1879169,858452,59912,8922,576,194.97447,4330.233434828,53474,61728,92852,130986,1821,171315,230680,16080,3662.428222,475708,38,59.66,66.89,104.39,NA
2021-2022,Feb,31,UTTAR PRADESH,3171,CHANDAULI,3514028,203.458020287308,38,264,1797.883773967,5344,1,27081,3552566,1102196,83984,20229,1087,403.6766,9429.540826967,92817,126918,141934,252629,4065,283106,507470,32425,7227.980453,1187829,45,66.87,54.62,104.18,NA
2021-2022,Feb,31,UTTAR PRADESH,3175,BALRAMPUR,3900498,193.204542221521,42,116,2987.62350337499,6710,0,26747,4171439,757849,38094,68979,3565,593.63069,11640.663817375,97036,109142,154890,208795,7356,266577,345049,33457,8059.409624,1487939,46,75.46,69.31,101.27,NA
2021-2022,Feb,31,UTTAR PRADESH,3184,SAMBHAL,2609611,195.272983310028,34,242,691.104019636,3720,114,19080,2781910,818459,49436,2015,99,353.7656,6477.188269636,80966,95351,112432,154689,3230,230088,301458,22800,5432.31865,744420,31,71.31,66.13,102.22,NA
2021-2022,April,31,UTTAR PRADESH,3109,BIJNOR,88130,182.113105639396,14,6,0,629,564,22192,88130,36605,126267,152,719,0,160.49628,5942,7472,188072,289526,0,282480,421171,22821,160.49628,34837,36,73.07,29.07,116.14,NA
2021-2022,April,31,UTTAR PRADESH,3114,MUZAFFARNAGAR,68416,129.590139464095,15,2,0,164,189,3906,68333,23085,16229,49,113,0,88.55283,4376,4686,41629,49567,0,114600,138274,4070,88.55283,29611,35,69.85,53.07,108.7,NA
2021-2022,April,31,UTTAR PRADESH,3115,MEERUT,23325,156.988381564845,17,3,0,80,306,3090,23325,9424,16224,46,205,0,36.61754,1337,1532,29493,36662,0,69927,84664,3170,36.61754,10660,34,66.71,28.15,117.1,NA
2021-2022,April,31,UTTAR PRADESH,3117,BULANDSHAHR,35066,158.75961785256,11,5,0,271,70,7890,35065,6612,13390,2,53,0,55.66906,3085,3380,48357,58033,0,129971,160466,8161,55.66906,12129,17,55.3,41.57,99.66,NA
2021-2022,April,31,UTTAR PRADESH,3130,HARDOI,143180,176.225192065931,17,10,0,347,733,43206,143180,58861,145542,139,407,0,252.31923,8169,8892,290493,378968,0,667110,851398,43553,252.31923,54170,42,55.37,22.4,134.66,NA
2021-2022,April,31,UTTAR PRADESH,3131,UNNAO,408392,125.959565490135,25,25,0,1770,65,29283,408092,144996,92244,679,555,0,514.03091,16054,20531,193420,265835,0,429964,558129,31053,514.03091,187611,60,92.32,23.59,101.39,NA
2021-2022,April,31,UTTAR PRADESH,3137,KANPUR NAGAR,37660,70.6464152947424,14,4,0,65,350,14119,37660,15439,43290,325,1653,0,26.60544,2626,2756,69481,105279,0,211680,321123,14184,26.60544,15243,45,65.42,28.23,113.23,NA
2021-2022,April,31,UTTAR PRADESH,3144,PRATAPGARH,362647,108.801619309249,23,16,0,668,455,48934,362562,165708,142213,1420,724,0,394.473327,15685,16767,259468,327716,0,569640,717984,49602,394.473327,212311,62,84.08,16.03,135.24,NA
2021-2022,April,31,UTTAR PRADESH,3154,GORAKHPUR,84306,209.355712337701,16,8,0,441,668,41156,84335,26089,87687,152,847,0,176.56014,5172,5448,227422,308540,0,486836,625692,41597,176.56014,43276,64,59.66,23.68,153.51,NA
2021-2022,April,31,UTTAR PRADESH,3170,KAUSHAMBI,152812,151.182266106553,19,26,0,99,67,23693,152826,71164,79281,34,76,0,231.04581,7999,8616,102846,157305,11,245892,380164,23792,231.04581,79654,76,83.07,19.02,99.2,NA
2021-2022,April,31,UTTAR PRADESH,3175,BALRAMPUR,140716,181.066666192899,14,24,0,154,233,27160,140716,31953,36638,3616,3460,0,254.78977,9568,10287,144120,196634,0,251057,328920,27314,254.78977,53478,48,68.66,47.8,119.7,NA
2021-2022,April,31,UTTAR PRADESH,3176,SHRAVASTI,103098,174.500766261227,19,17,0,239,49,12108,103098,34281,50049,1071,1201,0,179.9068,5179,6258,91048,155404,0,162732,261522,12347,179.9068,44432,70,64.13,22.25,105.19,NA
2021-2022,Jan,31,UTTAR PRADESH,3111,RAMPUR,3040466,194.566213747807,34,122,3869.42376103201,4819,3,15404,3032920,541287,33271,4284,198,287.09758,10057.558951032,87759,97995,121844,157735,3254,252371,315993,20223,5901.03761,577494,32,42.25,40.23,110.05,NA
2021-2022,Jan,31,UTTAR PRADESH,3112,SAHARANPUR,1630146,203.174593847472,24,140,706.183500724,3244,3,20294,1626421,658471,73936,4238,317,215.6624,4226.320161724,66032,77934,106799,157225,1207,174996,244793,23538,3304.474261,587039,32,60.8,65.91,102.28,NA
2021-2022,Jan,31,UTTAR PRADESH,3121,FIROZABAD,3147187,195.272208760029,39,136,867.433411692,3326,6,18402,3148323,1035773,40954,5746,127,182.27187,7197.505142692,79949,91157,97068,117592,4572,225836,276146,21728,6147.799861,1094269,31,61.83,58.64,99.74,NA
2021-2022,Jan,31,UTTAR PRADESH,3126,PILIBHIT,3089383,197.964183250138,27,344,3213.325053665,15063,1,15694,3100527,610901,52289,6701,567,411.66478,9762.922785665,111845,143633,171177,271149,3638,314848,462754,30757,6137.932952,724302,54,60.38,46.16,100.9,NA
2021-2022,Jan,31,UTTAR PRADESH,3129,SITAPUR,12685835,192.955395237249,45,670,8522.964275359,49907,2,60876,12657056,4742426,321784,20685,1163,856.34552,33801.782225559,276868,370032,455001,786143,19557,852487,1404531,110783,24422.4724302,4175913,79,64.93,36.84,104.86,NA
2021-2022,Jan,31,UTTAR PRADESH,3130,HARDOI,7276262,199.964261414614,40,197,4226.13573506901,14275,0,42606,7270351,2679431,150727,11727,476,650.48867,19414.728084469,178651,195753,308505,399071,8157,699202,883544,56881,14538.1036794,1479851,40,67.25,66.49,103.92,NA
2021-2022,Jan,31,UTTAR PRADESH,3137,KANPUR NAGAR,1528143,195.822318347304,32,147,257.252159241,3853,0,13788,1526911,606406,44312,22696,1669,227.27659,3474.561268541,47643,58015,72289,108756,1775,210304,310813,17641,2990.0325193,373209,46,70.52,62.37,103.64,NA
2021-2022,Jan,31,UTTAR PRADESH,3141,HAMIRPUR,3096818,196.63907894911,43,100,655.45345158,6693,0,19316,3098287,791908,54906,1136,115,198.69961,6946.59608158,70658,105895,116938,211104,4339,212858,391944,26009,6092.44302,1236547,62,73.63,68.53,105.87,NA
2021-2022,Jan,31,UTTAR PRADESH,3143,FATEHPUR,4815772,193.160089742066,44,173,2200.535213472,10779,1,45224,4839425,1982697,106482,3537,129,460.8316,12009.204486472,108912,126045,179933,246224,5966,394015,516008,56003,9347.837673,2122252,69,67.09,60.82,101.39,NA
2021-2022,Jan,31,UTTAR PRADESH,3144,PRATAPGARH,6984339,194.149917167373,44,75,3179.825946994,9618,44,66754,7038893,2925018,146348,26330,811,494.85024,17340.681115994,157484,177720,272254,341760,7659,596708,743539,76372,13666.004929,3335323,62,62.42,55.54,108.73,NA
2021-2022,Jan,31,UTTAR PRADESH,3150,SULTANPUR,6234301,187.359176755251,46,225,4194.416447996,29258,4,39900,6276979,2140351,74682,22207,551,395.26273,16350.175357496,133585,157269,196481,248055,13022,464376,592388,69158,11760.4961795,2912969,72,66.11,38.67,103.44,NA
2021-2022,Jan,31,UTTAR PRADESH,3159,BALLIA,3524930,186.321532236759,35,158,916.947009982999,8972,4,40569,3505098,588332,44906,91018,6056,489.606,7937.305309983,98276,112009,196826,271973,2399,419708,541295,49541,6530.7523,1554167,56,74.1,54.19,104.35,NA
2021-2022,Jan,31,UTTAR PRADESH,3160,GHAZIPUR,5695944,191.438775043794,35,189,2156.91568117,9690,1,48115,5717135,1521603,110378,48425,2953,594.55894,13696.28783277,163127,192193,276873,407431,3423,536465,755280,57805,10944.8132116,2339566,65,63.88,47.65,110.33,NA
2021-2022,Jan,31,UTTAR PRADESH,3162,MIRZAPUR,4958842,194.433380461549,39,187,5269.721037926,13914,1,39175,4983568,2124045,149386,59542,3689,372.75819,15332.198957926,125585,173569,205436,345560,7680,406316,646609,53089,9689.71973,2208573,67,61.56,43.69,101.39,NA
2021-2022,Jan,31,UTTAR PRADESH,3170,KAUSHAMBI,2425973,192.541411238115,39,145,2124.598201869,11027,39,21559,2429838,1121822,79873,685,80,170.49667,6973.539247869,61507,77168,104495,159304,3654,231983,354094,32586,4678.444376,1075036,74,67.7,50.85,98.94,NA
2021-2022,Jan,31,UTTAR PRADESH,3173,SANT RAVIDAS NAGAR,1878683,196.550499205894,37,62,1006.815826966,6660,1,23444,1877582,829038,49768,6524,430,212.35536,4909.567980966,49451,62942,77225,121149,1342,189341,304848,30104,3690.396794,952355,69,73.68,40.26,105.89,NA
2021-2022,Jan,31,UTTAR PRADESH,3181,AMETHI,4807183,193.318464603237,46,122,4730.312481181,23089,0,31643,4841615,1328555,73917,13232,687,324.5247,14414.572961181,104960,133475,168269,254196,7158,314016,446970,54732,9359.73578,1761738,64,54.43,38.58,101.88,NA
2021-2022,May,31,UTTAR PRADESH,3109,BIJNOR,193290,137.077624295101,12,25,0,777,408,23428,193290,80064,126721,365,719,0,264.95734,15128,18312,190277,292030,0,287486,426594,24205,264.95734,71799,36,71.05,26.76,111.46,NA
2021-2022,May,31,UTTAR PRADESH,3112,SAHARANPUR,74949,187.356897356869,15,9,0.702,314,451,18197,74949,26601,72187,161,310,0,141.124121,4761,5618,102308,151796,0,165492,233879,18511,140.422121,34223,34,53.49,41.68,106.02,NA
2021-2022,May,31,UTTAR PRADESH,3124,BUDAUN,149251,146.197394661742,14,34,0,819,691,17691,148925,26633,45252,246,160,0,217.72447,10418,10952,158977,208305,0,319282,416001,18510,217.72447,33302,20,42.31,36.05,101.02,NA
2021-2022,May,31,UTTAR PRADESH,3130,HARDOI,439911,119.610373256292,17,23,0,1533,540,42951,439939,183206,146706,519,411,0,526.21268,24849,27322,294534,383429,0,674218,859051,44484,526.21268,137976,41,66.03,24.81,115.02,NA
2021-2022,May,31,UTTAR PRADESH,3131,UNNAO,704304,153.975297907014,28,38,0,3422,17,29370,703827,245574,93109,1289,557,0,1083.71972,24502,30365,196277,269046,2,432967,560853,32792,1083.71972,315951,58,94.08,19.85,101.3,NA
2021-2022,Sep,31,UTTAR PRADESH,3117,BULANDSHAHR,485439,185.303477294608,16,30,74.564566466,1497,2,8615,485061,100209,14289,117,53,3.71832,977.117786466,30051,32155,55954,65926,97,144549,175050,10112,898.8349,121635,17,66.79,78.68,101.73,NA
2021-2022,Sep,31,UTTAR PRADESH,3119,MATHURA,1941792,182.520250861448,28,80,2371.49721697,3754,12,18225,1941789,554694,51598,3763,437,90.07083,6005.72620097,68753,87598,103625,160858,816,205520,316452,21979,3544.158154,647862,12,58.01,61.33,106.02,NA
2021-2022,Sep,31,UTTAR PRADESH,3121,FIROZABAD,2055251,189.700328477612,29,125,450.1335503,1539,7,18674,2062241,705388,40861,3406,127,75.65486,4437.8663613,68884,77730,96719,117193,1077,226749,277758,20213,3912.077951,705383,32,70.9,68.01,99.44,NA
2021-2022,Sep,31,UTTAR PRADESH,3122,ETAH,1488440,184.580994837095,28,53,375.415284599,2388,3,15102,1487922,272798,32586,421,47,154.23648,3276.072994599,51461,58198,101887,142082,181,233493,324569,17490,2746.42123,429264,38,78.56,68.25,106.93,NA
2021-2022,Sep,31,UTTAR PRADESH,3126,PILIBHIT,1554720,190.77773137014,19,234,2316.45819381,6783,1,21085,1553863,302447,52288,3539,567,210.35049,5491.23326381,81683,102652,171157,271121,427,316958,466355,27868,2964.42458,401517,58,60.89,42.77,101.31,NA
2021-2022,Sep,31,UTTAR PRADESH,3128,KHERI,5263293,185.4147959557,28,516,711.999007936,9236,1,83108,5261627,1848940,190814,99415,9198,264.85306,10732.687033936,185580,239222,354610,543674,2171,689737,979201,92344,9755.834966,1575698,76,85.54,55.26,100.55,NA
2021-2022,Sep,31,UTTAR PRADESH,3135,ETAWAH,1566899,193.051374476909,28,68,510.688328043,2848,0,17755,1566887,555615,52504,3040,215,68.7016,3604.286818043,55702,62036,104882,139869,514,203782,265715,20603,3024.89689,356131,33,56.46,74.15,107.47,NA
2021-2022,Sep,31,UTTAR PRADESH,3138,JALAUN,3430822,183.358373946907,35,310,1214.91234463,6330,1,28549,3430134,1111377,99358,3851,434,121.70807,7626.05834123,96864,138762,162572,292966,2212,269100,517072,34879,6289.4379266,1229100,49,77.53,75.14,101.3,NA
2021-2022,Sep,31,UTTAR PRADESH,3144,PRATAPGARH,4150196,182.052660183363,31,66,922.100722715,3273,46,68638,4148605,1763562,146181,15339,811,259.68474,8734.431225715,131110,145871,271842,341311,515,594906,743585,71911,7552.645763,1977098,64,65.72,48.52,105.7,NA
2021-2022,Sep,31,UTTAR PRADESH,3147,GONDA,1991451,184.687138775235,29,113,1205.864907675,6385,40,38965,1989966,493447,57973,5707,639,221.88073,5102.956905675,67945,75084,224141,269543,213,468393,550725,45350,3675.211268,877193,58,74.22,42.94,103.37,NA
2021-2022,Sep,31,UTTAR PRADESH,3148,BARABANKI,3687733,187.983496213504,32,162,4045.782759672,9954,0,40028,3687578,1454600,141968,2382,206,200.99042,11178.811229672,113746,138587,242493,353398,1240,527362,745876,49982,6932.03805,1230809,57,56.61,44.89,100.08,NA
2021-2022,Sep,31,UTTAR PRADESH,3155,DEORIA,2439464,194.242896426726,29,77,205.63977068,3305,2,28594,2438660,586099,48428,67872,5582,241.85157,5184.41515868,83095,88689,163548,194342,482,319787,378956,31899,4736.923818,882133,42,81.73,74.66,99.95,NA
2021-2022,Sep,31,UTTAR PRADESH,3158,JAUNPUR,5223205,190.151871969239,29,207,2226.422711555,9106,14,63122,5221667,1947442,140568,22589,1730,422.81732,12578.337580055,175138,184138,315546,369596,211,675615,783504,72228,9929.0975485,2523783,55,79.73,60.12,100.41,NA
2021-2022,Sep,31,UTTAR PRADESH,3166,HATHRAS,786453,182.498515486622,21,29,260.756782309,1108,9,7711,786453,224664,26922,941,100,51.35739,1747.379222309,36450,41907,66436,96775,196,105948,147856,8819,1435.26505,135776,20,74.68,77.23,105.02,NA
2021-2022,Sep,31,UTTAR PRADESH,3168,KANNAUJ,1356745,181.006922855859,24,136,229.194928922,5578,0,19592,1357070,470597,53554,626,65,82.80096,2768.386536922,54656,66103,100368,142339,289,197579,265618,25170,2456.390648,331430,48,74.45,47.76,108.01,NA
2021-2022,Sep,31,UTTAR PRADESH,3169,AURAIYA,1008207,185.392375406741,24,39,333.451223746,1118,0,13976,1007398,468213,59671,4627,576,100.61077,2301.701075746,41658,47400,92292,130285,129,169703,229186,15094,1867.639082,253594,39,64.93,72.59,104.2,NA
2021-2022,Sep,31,UTTAR PRADESH,3170,KAUSHAMBI,1450742,186.854897700325,28,112,629.782429516,5946,39,25657,1450640,673791,79816,440,80,97.11587,3437.490187516,51044,61187,104401,159195,584,244538,374923,31603,2710.591888,637465,75,82.39,51.69,99.23,NA
2021-2022,Sep,31,UTTAR PRADESH,3171,CHANDAULI,2407102,197.900294760125,29,220,696.70476084,3371,1,27367,2407042,775158,83964,13168,1087,158.63802,5618.88599384,81519,109523,141868,252538,1048,283558,510288,30738,4763.543213,815082,46,74.41,62.34,102.56,NA
2021-2022,Sep,31,UTTAR PRADESH,3173,SANT RAVIDAS NAGAR,1025356,182.285264320644,25,46,441.897960768001,2545,1,26527,1023889,464591,49610,3048,430,99.41088,2407.707610768,39590,48473,76858,120692,95,193788,314486,29072,1866.39877,524961,69,77.52,43.4,107,NA
2021-2022,Sep,31,UTTAR PRADESH,3174,SANT KABEER NAGAR,2606790,186.531780667208,26,49,5181.91356963603,2938,28,21356,2606742,788244,92911,6356,606,141.82798,10186.143819636,97479,108715,208045,284514,328,393500,552115,24294,4862.40227,1410369,59,79.28,53.07,105.91,NA
2021-2022,Sep,31,UTTAR PRADESH,3175,BALRAMPUR,1784871,191.454169278364,25,79,2519.56328822199,3296,0,27628,1783642,333228,37864,33440,3553,327.51149,6261.93175222199,69671,76424,153518,207289,144,264284,342842,30924,3414.856974,617005,48,71.55,67.16,101.99,NA
2021-2022,Sep,31,UTTAR PRADESH,3176,SHRAVASTI,1216773,189.166466227327,28,111,164.678729766,1973,0,13877,1216827,385341,51313,11988,1243,54.36759,2520.874955766,42771,52932,95802,161265,304,169649,269805,15850,2301.828636,440870,63,84.52,67.91,103.37,NA
2021-2022,Sep,31,UTTAR PRADESH,3183,SHAMLI,258987,169.803316482843,29,4,10.4435706,949,0,4439,261120,42383,4127,394,29,2.78544,456.6194306,8844,10252,22625,27383,33,55076,65674,5388,443.39042,77348,20,68.71,72.8,100.49,NA
2021-2022,Oct,31,UTTAR PRADESH,3172,KUSHI NAGAR,2983266,197.645890586837,27,349,2551.893080841,14792,1,33721,2983078,866418,106597,6309,630,326.56388,8774.388040841,109204,128679,244473,366302,1624,500252,694397,48513,5895.93108,1072108,34,72.16,66.31,103.13,NA
2021-2022,Oct,31,UTTAR PRADESH,3181,AMETHI,3199868,188.073040740007,35,101,2802.965308988,9938,0,42432,3199754,896367,73785,7837,687,242.6308,9063.470752988,89075,111208,167858,253712,1947,313463,447713,52370,6017.874644,1148871,66,58.65,43.18,101.68,NA
2021-2022,Oct,31,UTTAR PRADESH,3182,HAPUR,145386,181.094304285557,27,3,23.187043535,267,8,1114,145232,67657,4854,119,8,2.47468,288.668603535,5217,5695,10669,11954,38,19862,22375,1381,263.00688,55874,24,24.53,47.16,103.23,NA
2021-2022,Oct,31,UTTAR PRADESH,3184,SAMBHAL,1678037,182.708645306901,24,175,294.583867651,1732,114,19376,1720899,514603,49398,1309,99,207.92941,3646.744527651,70546,81880,111999,154224,570,228412,299993,21108,3144.23125,459284,33,80.53,74.52,102.78,NA
2021-2022,July,31,UTTAR PRADESH,3136,KANPUR DEHAT,1042565,180.057599838857,21,160,40.305486995,2519,1,23322,1042555,406648,59448,6230,984,29.95257,1947.457566995,48400,56199,106513,154726,39,271339,402863,25841,1877.19951,287030,50,77.7,69.16,103.82,NA
2021-2022,July,31,UTTAR PRADESH,3138,JALAUN,1982536,148.109430126258,27,228,95.237994576,4235,1,29894,1982211,651115,98741,2369,428,31.4968,3062.576210576,73011,102082,160092,289174,157,265082,511790,34129,2935.841416,721148,49,75.85,70.69,102.58,NA
2021-2022,July,31,UTTAR PRADESH,3142,BANDA,1387108,157.411026462992,25,41,49.535211472,1640,1,43139,1386918,425724,91120,904,240,57.46668,2290.163751472,53768,74310,166293,327567,72,296163,562245,44779,2183.16186,676332,77,82.4,49.74,101.87,NA
2021-2022,July,31,UTTAR PRADESH,3157,AZAMGARH,3007311,156.639894586987,22,143,30.191467682,5498,18,45388,3005701,1114996,158791,7863,885,183.80591,4922.124255682,136162,146535,337795,408806,52,708918,830707,50886,4708.126878,1276114,59,71.56,67.85,101.67,NA
2021-2022,July,31,UTTAR PRADESH,3160,GHAZIPUR,2089275,135.010269654096,20,98,60.729901226,4167,8,46516,2087860,569470,110123,15940,2937,137.90724,3017.462557226,100677,114913,275762,406019,16,532889,753129,50683,2818.825416,816476,66,80.31,64.22,106.69,NA
2021-2022,July,31,UTTAR PRADESH,3162,MIRZAPUR,1763552,166.5948294487,21,89,44.32422046,7187,1,38247,1763487,757377,148907,21241,3662,164.70033,3146.90271046,80692,106241,203843,343411,52,403421,645610,45434,2937.87816,764369,66,81.24,67.26,101.34,NA
2021-2022,July,31,UTTAR PRADESH,3165,BAGHPAT,21636,181.04589572934,18,1,3.6754438,35,42,1457,21636,6076,2778,54,18,1.41164,44.2581738,1143,1287,6092,8783,0,35175,48214,1492,39.17109,6114,10,36.88,58.99,110.25,NA
2021-2022,July,31,UTTAR PRADESH,3168,KANNAUJ,829747,162.970707339736,19,97,5.766213,4578,0,19635,829771,291524,53454,354,65,13.85756,1371.907441,42122,50360,99879,141786,13,197087,265244,24213,1352.283668,215447,49,73.81,44.48,108.56,NA
2021-2022,July,31,UTTAR PRADESH,3173,SANT RAVIDAS NAGAR,622760,168.38535663751,21,30,47.00578016,1838,3,25364,621920,282258,49272,1842,430,50.08886,1144.31685016,29392,35571,76104,119676,6,192006,312294,27202,1047.22221,309202,68,81.27,48.06,106.24,NA
2021-2022,July,31,UTTAR PRADESH,3179,MAHOBA,674145,165.812057481162,28,32,20.91827,892,1,15496,672429,209803,34694,937,171,25.34731,1161.23394,23902,37158,59094,121132,56,120683,291549,16388,1114.96836,276001,64,93.75,69.9,102.2,NA
2021-2022,July,31,UTTAR PRADESH,3182,HAPUR,96234,171.316985845129,20,3,16.287421735,233,8,977,96080,42880,4805,119,8,2.47468,183.363461735,4711,5131,10524,11801,0,19518,22017,1210,164.60136,35279,22,26.55,53.92,100.45,NA
2021-2022,July,31,UTTAR PRADESH,3183,SHAMLI,104360,148.342807050796,20,2,1.8763502,591,0,4530,105520,15870,3992,237,29,1.95888,160.3665602,5250,6103,22201,26886,1,54353,64857,5121,156.53133,34941,20,66.62,54.88,100.97,NA
2021-2022,Nov,31,UTTAR PRADESH,3109,BIJNOR,3126981,188.78725303605,21,258,1784.885594371,7504,4,23142,3126266,1271123,129403,8996,736,350.77704,8037.654338371,144035,177943,199474,303191,1925,303115,443667,30646,5901.991704,858059,35,63.88,65.94,104.09,NA
2021-2022,Nov,31,UTTAR PRADESH,3111,RAMPUR,2373059,188.666519114313,28,114,3081.228522501,3973,4,15500,2360744,423682,33270,3440,198,247.31143,7782.473482501,82050,91170,121774,157663,1321,251917,315611,19473,4453.93353,457502,33,45.81,44.66,108.31,NA
2021-2022,Nov,31,UTTAR PRADESH,3114,MUZAFFARNAGAR,894266,193.62366797343,35,39,366.455264421,3081,0,4500,888965,282212,18242,848,120,37.53466,2125.236564421,25203,27321,48700,57322,1291,128810,153705,7581,1721.24664,304782,23,65.19,70.36,102.98,NA
2021-2022,Nov,31,UTTAR PRADESH,3115,MEERUT,692177,188.742085246982,36,24,174.699049132,791,3,4577,692177,306909,17071,2529,212,5.54113,1486.669482532,18755,21002,31553,38958,499,74456,89614,5368,1306.4293034,254300,25,67.91,76.93,103.98,NA
2021-2022,Nov,31,UTTAR PRADESH,3120,AGRA,2545891,191.30121502536,32,153,1073.190130637,2321,5,16633,2534515,819223,55402,19811,1290,281.05739,6202.805510637,78870,98047,119217,175633,1970,222017,309686,18954,4848.55799,803415,38,88.81,82.49,103.6,NA
2021-2022,Nov,31,UTTAR PRADESH,3121,FIROZABAD,2570199,189.996795727689,34,131,748.89953043,1995,6,18859,2573408,864190,40928,4212,127,159.05071,5797.34298143,74224,84268,96981,117501,2314,226827,277672,20854,4889.392741,889837,31,68.95,65.84,99.66,NA
2021-2022,Nov,31,UTTAR PRADESH,3123,MAINPURI,2774931,194.756709084932,36,100,895.422901592001,5415,9,22684,2774198,807050,55456,5512,363,209.54201,6507.901639892,76317,87437,134085,188759,2699,226132,304906,28099,5402.9367283,685939,30,77.69,79.86,105.8,NA
2021-2022,Nov,31,UTTAR PRADESH,3126,PILIBHIT,2348890,180.049236866447,23,298,2630.54159714,9034,1,20490,2347099,463091,52289,5139,567,383.9354,7240.41083514,99137,125950,171177,271149,1313,315944,464720,29524,4225.933838,580240,56,63.65,45.83,101.01,NA
2021-2022,Nov,31,UTTAR PRADESH,3129,SITAPUR,9688564,188.88401444672,39,582,7607.005991619,32317,2,75588,9697426,3677934,321282,15532,1160,727.835,26651.728518419,243880,322754,453192,783887,9238,848810,1401912,107905,18316.8875268,3263837,80,69.13,36.26,104.62,NA
2021-2022,Nov,31,UTTAR PRADESH,3135,ETAWAH,2049615,194.565325501589,33,72,798.190468954,3919,0,17433,2049437,723613,52549,4226,215,230.34563,5016.029868954,60906,68812,105094,140099,1807,203244,264640,21352,3987.49377,482740,33,57.31,72.91,105.76,NA
2021-2022,Nov,31,UTTAR PRADESH,3138,JALAUN,4554178,187.228308794429,41,360,3572.487920215,6785,1,29075,4553178,1467005,99840,4833,434,284.26207,12381.588156015,111045,161399,164005,295169,5101,271186,519675,35860,8524.8381658,1615170,48,64.72,62.78,101.03,NA
2021-2022,Nov,31,UTTAR PRADESH,3147,GONDA,2963434,171.376353819692,34,139,1695.867292496,7685,15,39214,2961011,712134,58286,8471,641,544.37981,7314.719790496,86467,95665,225956,271561,1178,473237,555871,46899,5074.472688,1259834,57,73.44,47.27,102.6,NA
2021-2022,Nov,31,UTTAR PRADESH,3150,SULTANPUR,4887329,180.352295139829,40,204,3913.775211274,20044,4,47227,4873080,1707773,74549,17700,551,365.29871,13067.785545274,119101,138985,196114,247666,5083,464384,594267,67271,8788.711624,2308169,73,69.12,36.73,102.87,NA
2021-2022,Nov,31,UTTAR PRADESH,3158,JAUNPUR,6857171,184.249407421937,35,226,2755.162729752,12788,12,64488,6852093,2538593,140895,29891,1730,699.44182,16079.545298252,192435,203030,316355,370433,2438,677865,785701,77276,12624.9407485,3274032,53,77.97,61.13,100.44,NA
2021-2022,Nov,31,UTTAR PRADESH,3160,GHAZIPUR,4522851,185.423755399303,30,176,1451.050528919,6197,1,50202,4519333,1231743,110372,39926,2950,560.0157,10390.983196519,148826,174113,276767,407311,1224,536108,756124,56399,8379.9169676,1849965,66,68.36,50.69,107.69,NA
2021-2022,Nov,31,UTTAR PRADESH,3162,MIRZAPUR,3912454,187.57047671848,34,173,4392.934270458,9828,1,41995,3912309,1664585,149346,47090,3688,352.3836,12083.654512458,114526,156529,205361,345464,3376,406934,649384,51823,7338.336642,1717805,67,63.56,46.41,101.77,NA
2021-2022,Nov,31,UTTAR PRADESH,3164,GAUTAM BUDDHA NAGAR,6836,184.102794031597,16,0,0,14,23,189,6836,2495,590,230,18,0,12.585267,418,432,1350,1678,0,16938,19522,203,12.585267,888,13,3.75,93.03,124.58,NA
2021-2022,Nov,31,UTTAR PRADESH,3165,BAGHPAT,44573,178.237206380544,23,2,9.11941702,69,8,1504,44573,12007,2821,183,19,3.75984,92.32492702,1924,2199,6332,9061,15,35545,48635,1573,79.44567,11701,10,38.74,59.85,119.3,NA
2021-2022,Nov,31,UTTAR PRADESH,3167,AMROHA,2420642,191.294057745838,28,141,671.60390513,4942,3,11099,2420642,614474,52871,722,86,267.31718,5569.46539043,83649,102637,122800,191863,2100,188660,291986,16041,4630.5443053,531399,22,77.8,76.87,100.11,NA
2021-2022,Nov,31,UTTAR PRADESH,3171,CHANDAULI,2856313,198.764491749167,33,235,1498.863911599,3939,1,27817,2853227,905227,83982,15945,1087,307.72941,7477.795466599,85880,116323,141930,252622,2408,283532,509448,31756,5671.202145,963050,45,71.69,59.32,102.77,NA
2021-2022,Nov,31,UTTAR PRADESH,3175,BALRAMPUR,2512060,175.953689497699,30,96,2809.36071574199,3731,0,28374,2510545,464647,38042,43885,3563,447.52776,7674.28502974199,81037,89662,154514,208391,903,265918,344517,32105,4417.396554,877953,47,72.18,67.14,101.54,NA
2021-2022,Nov,31,UTTAR PRADESH,3182,HAPUR,183752,176.498523949063,33,3,31.923154735,269,8,1162,183598,88398,4897,124,8,2.47468,358.445594735,5520,6036,10765,12059,86,19973,22494,1431,324.04776,71122,23,25.59,46.06,102.54,NA
2021-2022,Oct,31,UTTAR PRADESH,3110,MORADABAD,2179518,188.08255807093,27,174,445.011171704,2980,9,17099,2135578,435946,40702,2005,135,231.67138,4693.332283704,77553,90571,129846,187671,1059,229059,317567,20079,4016.649732,557860,43,78.92,73.47,101.35,NA
2021-2022,Oct,31,UTTAR PRADESH,3120,AGRA,2328858,191.152679642513,30,148,904.454093080999,2040,5,16562,2319078,755142,55391,18250,1290,197.64007,5535.073903081,76907,95348,119159,175550,1006,222147,309847,18602,4432.97974,733227,38,88.63,82.47,103.84,NA
2021-2022,Oct,31,UTTAR PRADESH,3121,FIROZABAD,2300769,192.803242665034,32,125,453.0337603,1725,6,18796,2306282,785669,40900,3686,127,105.55766,5005.1779013,71447,80713,96893,117386,1469,226792,277683,20521,4446.586481,791828,32,69.48,66.82,99.57,NA
2021-2022,Oct,31,UTTAR PRADESH,3128,KHERI,6016196,189.272315651204,31,540,716.707327936,12866,1,81129,6014170,2114115,190930,110489,9201,398.02803,12497.894184136,191248,248798,354934,544082,3839,690233,979451,93995,11383.1588262,1846464,75,83.14,50.32,100.71,NA
2021-2022,Oct,31,UTTAR PRADESH,3135,ETAWAH,1793929,198.235670991231,30,70,514.836828043,3105,0,17890,1793861,635679,52528,3616,215,134.08236,4204.991578043,58245,65322,104992,139986,1017,203289,264830,20995,3556.07239,414454,33,56.63,73.25,106.53,NA
2021-2022,Oct,31,UTTAR PRADESH,3139,JHANSI,3458108,190.994097209368,44,228,1314.741748528,4088,0,24114,3457568,1233852,88177,41767,2086,168.05529,8086.547825528,78038,119159,134579,247597,3721,233368,439418,28202,6603.750787,1353940,56,67.11,53.32,101.85,NA
2021-2022,Oct,31,UTTAR PRADESH,3152,MAHARAJGANJ,3016350,189.472221944105,25,379,1930.936420203,8208,1,28987,3016309,676854,96640,14320,2515,306.86226,7952.866363203,117618,139067,273851,432652,987,418647,661683,37195,5715.067683,1209447,43,66.47,65.67,102.77,NA
2021-2022,Oct,31,UTTAR PRADESH,3155,DEORIA,2678265,193.179312751433,30,80,207.15443068,3730,2,28678,2673676,641805,48431,74150,5590,329.21267,5701.35602268,87104,93094,163656,194459,880,320295,379219,32408,5164.988922,963300,41,76.34,69.76,100.03,NA
2021-2022,Oct,31,UTTAR PRADESH,3157,AZAMGARH,5169990,191.140791026698,28,198,2703.028801638,9326,3,49274,5164832,1854433,159408,13503,897,493.21894,13068.348481638,179197,193936,340834,412104,1212,714875,835863,58600,9872.10074,2200027,60,64.64,62.8,102.42,NA
2021-2022,Oct,31,UTTAR PRADESH,3163,SONBHADRA,3574904,192.703713407847,31,241,899.504427567,6200,1,35050,3574571,1162424,118571,1019819,107637,284.1032,8071.938682967,113953,158743,215729,382229,2074,380089,733888,41250,6888.3310554,1776989,75,81.64,58.41,100.53,NA
2021-2022,Oct,31,UTTAR PRADESH,3164,GAUTAM BUDDHA NAGAR,6836,184.102794031597,16,0,0,9,23,194,6836,2495,590,230,18,0,12.585267,418,432,1350,1678,0,16937,19520,203,12.585267,888,13,3.66,96.02,124.58,NA
2021-2022,Oct,31,UTTAR PRADESH,3167,AMROHA,2133847,190.205425004698,26,133,657.67681213,4426,3,10738,2133847,546269,52849,638,83,217.26159,4933.63115743,80702,98408,122668,191696,1212,188494,292291,15164,4058.6927553,470306,22,81.26,80.37,100.18,NA
2021-2022,Oct,31,UTTAR PRADESH,3168,KANNAUJ,1617287,190.183467028929,27,148,230.695458922,5771,0,19810,1617979,557178,53576,784,65,144.88579,3452.709806922,58459,70993,100459,142440,848,197632,265578,25581,3077.128558,390605,48,74.66,48.51,107.04,NA
2021-2022,Dec,31,UTTAR PRADESH,3112,SAHARANPUR,1550377,192.790058869552,23,140,379.674527981,2439,3,20931,1550377,629612,73928,4117,317,215.6624,3584.309658981,65192,76814,106783,157207,1022,174773,244577,23370,2988.972731,561279,32,61.59,67.53,102.13,NA
2021-2022,Dec,31,UTTAR PRADESH,3125,BAREILLY,4039655,186.079254274885,29,716,2234.944754159,6036,0,26941,4039290,842719,71905,4226,231,547.48652,10298.711984159,135817,166723,215745,326428,3692,346533,501603,32977,7516.28071,843545,39,58.91,60.49,101.75,NA
2021-2022,Dec,31,UTTAR PRADESH,3126,PILIBHIT,2829092,189.696594004292,26,328,2630.54159714,12978,1,17329,2825488,559317,52289,6063,567,411.66478,8402.06087714,107612,137724,171177,271149,2832,315302,463412,30307,5359.8545,671528,55,64.43,47.64,100.96,NA
2021-2022,Dec,31,UTTAR PRADESH,3139,JHANSI,4209801,193.536396328578,49,239,3180.087983306,8786,0,19940,4208397,1486793,88323,48471,2086,270.473,11595.340880306,84269,129753,134839,247993,7892,233727,438501,28726,8144.779897,1635504,55,60.17,47.64,101.63,NA
2021-2022,Dec,31,UTTAR PRADESH,3166,HATHRAS,1131097,193.339010488178,28,31,424.664550214,2199,9,7172,1131083,324700,27069,1252,100,161.33601,2772.825240214,40316,46847,66770,97226,1080,106785,148851,9371,2186.82468,192415,19,74.86,75.75,103.86,NA
2021-2022,Dec,31,UTTAR PRADESH,3167,AMROHA,2756034,192.563409336404,31,144,671.60390513,5534,3,11544,2756029,698167,52878,851,86,273.02194,6251.72924983,87125,107444,122900,191982,3570,188831,291785,17078,5307.1034047,601596,21,75.34,74.17,100.11,NA
2021-2022,Dec,31,UTTAR PRADESH,3171,CHANDAULI,3213994,193.448559512989,35,255,1498.863911599,4376,1,27687,3210442,1008309,83982,17955,1087,339.07212,8048.489834599,89819,122364,141930,252622,3267,283043,507916,32063,6210.553803,1080746,45,70.06,57.06,103.6,NA
2021-2022,Dec,31,UTTAR PRADESH,3181,AMETHI,4390090,187.08154924408,43,117,4193.858689294,20152,0,33983,4389289,1209382,73886,11437,687,324.5247,12729.933251294,100775,127817,168209,254125,5536,314471,448229,54135,8211.549862,1595484,64,58.01,40.28,101.82,NA
2021-2022,May,31,UTTAR PRADESH,3111,RAMPUR,329662,136.327157993476,13,36,0,681,99,15294,328349,71935,32503,329,196,0,447.62886,24344,26969,113603,148473,0,235159,297450,15975,447.62886,80859,35,60.29,43.87,113.25,NA
2021-2022,May,31,UTTAR PRADESH,3115,MEERUT,65660,105.312549497411,18,8,0,188,273,3447,65660,27338,16251,73,205,0,69.14822,3491,3886,29626,36809,0,70209,84958,3635,69.14822,29294,30,63.35,30.75,106.71,NA
2021-2022,May,31,UTTAR PRADESH,3116,GHAZIABAD,0,0,0,0,0,1,161,13,0,0,20,0,0,0,0,0,0,110,120,0,17907,26199,14,0,0,21,0,0,0,NA
2021-2022,May,31,UTTAR PRADESH,3120,AGRA,256421,96.5420485470299,15,15,0,284,118,14206,255752,97779,54328,2133,1273,0,246.90822,16251,19240,114730,168814,0,214389,297815,14490,246.90822,97073,37,58.04,29.45,101.08,NA
2021-2022,May,31,UTTAR PRADESH,3122,ETAH,94065,170.433807969204,27,4,0,571,114,13453,94037,17726,32255,71,47,0,160.27084,3462,3866,97913,136507,0,226820,315104,14024,160.27084,52345,41,74.36,11.86,120.79,NA
2021-2022,May,31,UTTAR PRADESH,3123,MAINPURI,343191,143.511602922845,17,31,0,1166,72,20657,342543,107453,53459,483,306,0,491.58895,19994,21975,124546,177250,4,209052,285248,21823,491.58895,92450,33,77.56,61.81,109.98,NA
2021-2022,May,31,UTTAR PRADESH,3136,KANPUR DEHAT,250702,165.159356526873,17,59,0,1428,33,22355,250702,101896,58629,1399,973,0,414.05781,14688,16547,104551,152466,0,267892,399081,23783,414.05781,91317,49,77.07,40.26,104.21,NA
2021-2022,May,31,UTTAR PRADESH,3137,KANPUR NAGAR,119144,126.049939568925,14,27,0,582,79,14143,119144,48309,43504,1241,1662,0,150.18094,8170,8920,70043,105950,0,212460,321698,14725,150.18094,44061,44,76.1,35.62,104.96,NA
2021-2022,May,31,UTTAR PRADESH,3138,JALAUN,477645,148.338834518064,26,57,0,2386,22,29760,477605,135133,97926,548,426,0,708.4736906,18329,24652,157723,285673,4,259551,504369,32146,708.4736906,189450,50,74.2,47.77,101.51,NA
2021-2022,May,31,UTTAR PRADESH,3143,FATEHPUR,419998,162.299044281163,23,24,0,1113,81,38235,419998,189422,104835,228,104,0,681.65274,17555,19039,175221,241105,0,382304,504339,39348,681.65274,254914,66,69.53,32.09,100.82,NA
2021-2022,May,31,UTTAR PRADESH,3146,BAHRAICH,1461032,144.828834185755,24,48,0,1192,30,42448,1460936,245775,80708,8625,3347,0,2115.856577,60193,69772,313895,453047,106,658430,884946,43640,2115.856577,634159,79,56.43,31.93,99.99,NA
2021-2022,May,31,UTTAR PRADESH,3158,JAUNPUR,710166,138.125778599584,24,31,0,1810,145,52935,710089,320922,136348,3271,1695,0,980.81596,28703,29955,300942,354343,0,646601,753598,54745,980.81596,435565,57,68.18,14.59,101.05,NA
2021-2022,May,31,UTTAR PRADESH,3160,GHAZIPUR,156005,149.843838338515,21,13,0,2814,521,40966,156005,59959,108795,1267,2843,0,233.76388,7103,7992,267871,396765,0,513186,730520,43780,233.76388,82524,66,69.1,3.18,139.7,NA
2021-2022,May,31,UTTAR PRADESH,3161,VARANASI,108998,156.791790852796,17,21,0,431,252,20437,108842,51713,64720,775,875,0,170.655321,6198,7382,100985,175496,0,201228,313676,20868,170.655321,59547,57,59.31,15.11,103.99,NA
2021-2022,May,31,UTTAR PRADESH,3167,AMROHA,82046,163.333422714087,12,15,0,486,226,7453,82046,22895,51367,16,79,0,134.00854,6619,7954,114285,181143,0,175615,277750,7939,134.00854,33437,31,73.29,27.92,102.78,NA
2021-2022,May,31,UTTAR PRADESH,3171,CHANDAULI,328835,163.020990770447,19,28,0,1586,67,23896,328835,108630,83439,1617,1087,0,536.070075,16507,20957,140229,250344,0,281502,508922,25482,536.070075,120553,46,70.57,40.57,106.47,NA
2021-2022,May,31,UTTAR PRADESH,3173,SANT RAVIDAS NAGAR,173704,130.269752979789,19,9,0,1214,144,23924,173670,81901,48662,304,421,0,226.23948,9109,10670,74613,117766,1,188872,308831,25138,226.23948,94157,67,85.89,38.03,104.32,NA
2021-2022,May,31,UTTAR PRADESH,3180,KASHGANJ,143445,113.790497769102,12,27,0,1246,219,6332,143440,29016,29370,92,84,0,163.22109,11441,12611,86457,145121,0,155036,239636,7578,163.22109,42288,20,62.12,66.72,104.73,NA
2021-2022,April,31,UTTAR PRADESH,3127,SHAHJAHANPUR,266662,159.148339500011,20,30,0,965,208,23067,266486,77847,83439,176,184,0,424.108044,12690,16348,191823,285344,0,391025,561137,24032,424.108044,104522,51,75.49,21.72,107.7,NA
2021-2022,April,31,UTTAR PRADESH,3133,RAE BARELI,244413,128.768848629165,17,20,0,677,304,47377,244413,89106,133126,1012,1060,0,314.727806,13840,16335,232554,396068,0,389151,622768,48054,314.727806,112595,59,61.51,25.77,101.96,NA
2021-2022,April,31,UTTAR PRADESH,3134,FARRUKHABAD,115168,149.065738746874,16,10,0,243,62,13984,115168,17516,15388,529,128,0,171.67603,7009,7748,78529,97573,0,192966,237195,14227,171.67603,44524,46,54.19,32.54,111.81,NA
2021-2022,April,31,UTTAR PRADESH,3140,LALITPUR,190539,111.1006565585,23,17,0,9,35,24427,190539,55568,61177,20037,18923,0,211.69008,8007,11366,137697,250284,0,204296,371298,24436,211.69008,86466,61,78.02,28.05,106.13,NA
2021-2022,April,31,UTTAR PRADESH,3142,BANDA,209206,156.82589844833,18,19,0,188,61,40301,209194,69450,90548,160,234,0,328.07037,11308,14064,164313,324787,10,293532,560373,40489,328.07037,112861,76,69.4,23.44,111.46,NA
2021-2022,April,31,UTTAR PRADESH,3143,FATEHPUR,253149,174.951980849223,19,16,0,452,112,38595,253149,113894,104781,130,103,0,442.88919,12754,13789,175011,240882,0,382112,504245,39047,442.88919,150191,66,64.19,40.19,101.35,NA
2021-2022,April,31,UTTAR PRADESH,3150,SULTANPUR,506088,118.712138264619,23,36,0,1435,64,46864,506102,187672,72630,1396,524,0,600.804506,21640,22900,188561,239366,0,455395,586146,48299,600.804506,287728,74,72.42,18.29,103.48,NA
2021-2022,April,31,UTTAR PRADESH,3157,AZAMGARH,147571,189.026934233355,16,6,0,649,1107,38897,147552,62459,153809,491,864,0,278.913022,9023,9897,318499,387483,0,673011,792644,39546,278.913022,66554,59,51.74,28.86,118.9,NA
2021-2022,April,31,UTTAR PRADESH,3158,JAUNPUR,320815,110.665763757929,19,17,0,727,362,53032,320815,142478,135277,1585,1671,0,355.03237,16506,16901,293544,346613,0,631041,737466,53759,355.03237,193540,57,51.27,12.38,101.61,NA
2021-2022,April,31,UTTAR PRADESH,3160,GHAZIPUR,87413,105.922677404963,22,8,0,811,739,41443,87413,36070,108160,723,2740,0,92.59019,3923,4366,265288,393555,0,508198,724720,42254,92.59019,46782,67,66.86,2.33,190.59,NA
2021-2022,April,31,UTTAR PRADESH,3169,AURAIYA,41043,185.097361303998,15,2,0.0585,91,246,12744,41043,20784,58896,126,572,0,76.02801,2661,2999,90352,127794,0,165384,224449,12835,75.96951,12748,37,60.98,59.32,143.13,NA
2021-2022,April,31,UTTAR PRADESH,3174,SANT KABEER NAGAR,147435,163.491437879662,18,2,0,294,293,18439,147335,57464,91005,627,582,0,240.88011,8160,8612,195290,270019,0,377544,540419,18733,240.88011,92272,57,48.91,13.13,124.2,NA
2021-2022,April,31,UTTAR PRADESH,3179,MAHOBA,78472,92.8073505654281,23,6,0,202,97,14565,76756,28696,34158,195,171,0,71.23521,3333,4795,57296,118183,0,118690,290723,14767,71.23521,32794,62,84.83,25.17,107.73,NA
2021-2022,April,31,UTTAR PRADESH,3180,KASHGANJ,52476,181.831580150926,12,6,0,919,251,5834,52476,9664,28937,69,83,0,95.41794,4160,4538,84848,143247,0,152852,237223,6753,95.41794,17819,21,65.05,68.93,109.86,NA
2021-2022,April,31,UTTAR PRADESH,3182,HAPUR,4633,155.556442909562,14,0,0,191,255,401,4633,1172,4385,0,8,0,7.20693,317,333,9495,10668,0,18073,20455,592,7.20693,1869,31,36.47,33.31,102.8,NA
2021-2022,April,31,UTTAR PRADESH,3184,SAMBHAL,91699,187.886073518562,15,23,0,182,342,16586,98941,31015,47325,47,72,0,185.89636,6433,7386,99637,140461,0,204918,274490,16768,185.89636,33908,36,77.14,52.26,108.73,NA
2021-2022,Aug,31,UTTAR PRADESH,3116,GHAZIABAD,62,204,12,0,0,1,160,20,216,28,20,0,0,0,0.44064,18,21,112,122,0,17909,26201,21,0.44064,165,38,41.2,71.3,108,NA
2021-2022,Aug,31,UTTAR PRADESH,3122,ETAH,1145097,177.214331208243,25,45,354.656344599,2123,3,14966,1144579,210229,32581,374,47,115.49736,2498.511724599,45174,50836,101558,141502,58,232527,323000,17089,2028.35802,341736,39,78.88,66.68,106.25,NA
2021-2022,Aug,31,UTTAR PRADESH,3123,MAINPURI,1836643,182.027527221528,27,92,600.927917052,3835,10,21945,1835955,540854,55254,3760,359,87.21969,4030.091094452,65627,74303,133073,187564,472,223922,302528,25780,3341.9434874,434543,31,77.03,82.12,105.54,NA
2021-2022,Aug,31,UTTAR PRADESH,3126,PILIBHIT,1291656,190.043391551329,19,185,2279.885152747,5382,1,21086,1291067,249873,52281,2951,567,151.68948,4885.162146747,67943,85406,171140,271103,70,317265,466866,26468,2453.587514,329863,57,61.3,43.55,101.37,NA
2021-2022,Aug,31,UTTAR PRADESH,3130,HARDOI,4014975,176.330139898723,27,160,2808.116795973,5001,1,47272,4014547,1508792,150122,6380,475,240.94355,10127.916687373,144099,155896,307096,397471,200,701159,888180,52273,7078.8563414,804043,41,71.12,69.8,105.47,NA
2021-2022,Aug,31,UTTAR PRADESH,3131,UNNAO,2591092,189.630351440169,28,141,363.315346659,12573,0,26977,2587752,889619,95384,4756,570,190.30853,5460.787088659,90360,105180,201577,275341,257,439064,566957,39550,4907.163212,871457,59,85.51,63.88,100.33,NA
2021-2022,Aug,31,UTTAR PRADESH,3137,KANPUR NAGAR,743616,178.084148270075,22,98,106.358259749,1652,0,15000,743616,287511,44162,12089,1669,89.76763,1520.388109749,33224,38918,72010,108392,34,213609,319074,16652,1324.26222,186336,46,64.46,59.74,106.18,NA
2021-2022,Aug,31,UTTAR PRADESH,3138,JALAUN,2774427,171.15471169472,31,276,1139.304719968,5496,1,29043,2774004,901538,99287,3223,434,94.65163,5981.794898568,87583,124219,161711,291597,553,267534,514584,34539,4747.8385486,999605,49,77.07,74.52,101.76,NA
2021-2022,Aug,31,UTTAR PRADESH,3153,BASTI,3770177,191.440671053595,27,130,5543.89222024299,5713,12,53628,3768164,807258,97950,1750,227,210.032,12967.722668243,137255,157943,309666,428973,410,547857,745768,59341,7213.798448,1702148,55,80.21,67.23,105.64,NA
2021-2022,Aug,31,UTTAR PRADESH,3155,DEORIA,2206090,188.501272332004,27,73,184.441138501,2543,2,29024,2205635,536771,48378,62524,5565,203.92781,4546.018986501,79996,85268,163294,194062,167,319362,378641,31567,4157.650038,800808,42,86.52,78.2,99.9,NA
2021-2022,Aug,31,UTTAR PRADESH,3161,VARANASI,912734,182.624166183231,19,124,428.356654931,1410,4,23539,910152,366053,65439,5546,901,121.38022,2211.894375931,46894,58671,103306,178591,84,205874,319487,24949,1662.157501,431895,59,52.93,40.3,101.41,NA
2021-2022,Aug,31,UTTAR PRADESH,3163,SONBHADRA,2418115,184.547447839991,26,194,864.193914222,5113,1,33361,2417513,813675,118480,643673,107527,217.07423,5542.726686922,92510,126875,215520,381890,412,380281,736465,38474,4461.4585427,1203320,75,82.95,56.55,100.59,NA
2021-2022,Aug,31,UTTAR PRADESH,3165,BAGHPAT,27338,178.456763479406,20,1,4.8010438,46,27,1478,27338,7585,2783,63,18,1.52364,55.1111938,1358,1524,6168,8873,3,35298,48359,1524,48.78651,7678,10,35.64,58.09,115.03,NA
2021-2022,Aug,31,UTTAR PRADESH,3167,AMROHA,1499582,176.076825315321,21,116,646.48292213,2878,3,9889,1499582,382676,52562,511,82,94.7127,3381.61200073,70964,85280,121692,190401,324,186695,291205,12767,2640.4163786,335204,23,85.78,84.64,100.2,NA
2021-2022,Aug,31,UTTAR PRADESH,3168,KANNAUJ,1096161,174.97845327203,22,116,218.189378922,5038,0,19780,1096185,378799,53517,511,65,42.38632,2178.663256922,49558,59580,100144,142091,50,197294,265409,24818,1918.087558,273507,49,73.03,45.45,108.28,NA
2021-2022,Aug,31,UTTAR PRADESH,3170,KAUSHAMBI,1240373,181.036617612911,26,106,560.358270066,5875,40,25151,1240272,579550,79806,368,80,53.49319,2859.197938066,47480,56408,104367,159157,204,245184,376331,31026,2245.346478,547747,75,85.67,50.26,99.26,NA
2021-2022,Aug,31,UTTAR PRADESH,3171,CHANDAULI,2127956,195.665776294215,27,212,674.80938982,3188,1,26732,2127911,690559,83915,11425,1087,144.9538,4983.35676682,77540,103749,141777,252413,405,283411,510196,29920,4163.593577,724731,47,75.69,62.98,102.79,NA
2021-2022,Aug,31,UTTAR PRADESH,3172,KUSHI NAGAR,2373658,198.911548163094,23,329,2498.994604529,13266,1,33494,2373529,666110,106402,4664,630,186.8023,7407.020184529,100111,116785,243919,365647,496,498066,692093,46760,4721.22328,817348,35,80.53,77.54,102.69,NA
2021-2022,Aug,31,UTTAR PRADESH,3180,KASHGANJ,1208955,180.950809785428,22,129,706.977592031001,2866,0,6821,1208777,235416,30221,1035,91,64.04252,2958.311882031,53920,63238,92532,152687,205,163226,249500,9687,2187.29177,294646,18,67.32,81.46,101.66,NA
2021-2022,Aug,31,UTTAR PRADESH,3181,AMETHI,2289845,180.036381850823,29,90,2666.022003291,8148,0,41809,2289889,639354,73565,5706,684,156.88104,6945.536347291,78331,96902,167156,252850,215,313208,448106,49957,4122.633304,819352,67,66.32,51.14,101.48,NA
2021-2022,June,31,UTTAR PRADESH,3109,BIJNOR,620311,134.222642391569,10,109,85.9423719109999,1137,110,24186,620279,257927,127728,2176,723,85.78786,1004.285095911,58915,69636,194169,296741,0,293885,433995,25323,832.554864,193885,35,73.02,51.59,105.58,NA
2021-2022,June,31,UTTAR PRADESH,3111,RAMPUR,950020,163.911894422186,16,83,33.303136614,938,15,15878,945729,182752,32943,1148,196,54.70406,1638.169516614,56770,62153,119119,154643,7,245587,308915,16816,1550.16232,193920,34,74.92,66.14,113.33,NA
2021-2022,June,31,UTTAR PRADESH,3117,BULANDSHAHR,156927,130.049125356997,12,12,2.3570178,1204,9,8110,156864,33188,13909,28,53,1.38992,207.7471978,12397,13285,53335,63196,24,139959,170678,9314,204.00026,44630,17,58.04,51.17,99.24,NA
2021-2022,June,31,UTTAR PRADESH,3118,ALIGARH,622080,127.447466563786,10,92,28.668853265,1782,15,19951,622080,171698,53990,1236,294,45.03707,866.531123265,58025,63156,154824,203140,19,283146,366864,21733,792.8252,148908,23,81.91,74.49,100.14,NA
2021-2022,June,31,UTTAR PRADESH,3123,MAINPURI,884021,144.716279533108,19,66,22.951176705,2024,10,21151,883373,267743,54331,1589,335,35.56251,1336.898226705,44547,49477,128802,182351,28,215843,293072,23175,1278.38454,208338,32,81.27,78.58,105.83,NA
2021-2022,June,31,UTTAR PRADESH,3125,BAREILLY,904756,123.405889101592,14,238,10.9824166,2837,25,22913,904756,204765,71760,1000,228,89.38063,1216.8852326,63317,73932,213354,323548,10,343713,499954,25750,1116.522186,243465,40,71.62,60.17,102.28,NA
2021-2022,June,31,UTTAR PRADESH,3129,SITAPUR,2692862,164.959035005397,23,270,143.034832437,6534,3,79927,2694813,1061334,319048,5620,1146,133.83531,4722.207662437,112322,138130,446001,774600,78,834865,1386280,86461,4445.33752,950670,79,75.59,29.54,105.52,NA
2021-2022,June,31,UTTAR PRADESH,3138,JALAUN,1060608,137.633522494743,24,129,95.237994576,3319,4,29953,1060470,334748,98470,1254,426,24.71694,1579.517150576,43738,59601,159078,287689,27,263621,510044,33272,1459.562216,395910,49,73.75,57.28,101.98,NA
2021-2022,June,31,UTTAR PRADESH,3144,PRATAPGARH,1348986,137.214088012545,25,42,32.2072314,2072,55,52678,1348785,612119,144468,4246,800,79.24888,1962.1791484,53819,59724,267125,336168,10,585978,735226,54750,1850.723037,713948,60,81.45,22.66,110.3,NA
2021-2022,June,31,UTTAR PRADESH,3146,BAHRAICH,2957826,152.314678492075,25,98,39.35555208,2361,5,45091,2957361,496262,81007,26221,3366,111.96402,4655.81447108,115345,134725,317107,456893,252,663800,890253,47452,4504.494899,1190410,79,68.91,45.87,99.91,NA
2021-2022,June,31,UTTAR PRADESH,3147,GONDA,923935,146.149385411928,25,59,335.25743773,2420,188,38541,923220,248357,56850,2803,620,76.99765,1761.53544373,36889,41071,217674,262247,8,453477,534554,40961,1349.280356,449092,58,76.52,32.56,104.7,NA
2021-2022,June,31,UTTAR PRADESH,3149,AYODHYA,889234,166.858003630091,18,71,57.279105046,1328,40,25832,889234,355901,108241,1739,492,59.86212,1600.899325046,49109,54138,182819,287304,8,295476,435302,27160,1483.7581,383859,61,77.26,59.99,103.16,NA
2021-2022,June,31,UTTAR PRADESH,3160,GHAZIPUR,855300,75.7955719539929,17,47,41.976842276,3814,77,42136,854824,252806,109751,6404,2926,85.39587,775.291452276,47633,54173,273540,403307,2,526796,746116,45950,647.91874,355399,65,79.46,32.95,108.08,NA
2021-2022,June,31,UTTAR PRADESH,3169,AURAIYA,335947,114.906910911543,16,25,8.16038156,199,53,13247,335947,163185,59154,1326,572,18.1978,412.38450156,20811,23161,91058,128640,14,167044,226177,13446,386.02632,86401,36,66.15,59.99,109.47,NA
2021-2022,June,31,UTTAR PRADESH,3172,KUSHI NAGAR,1836865,188.861286019937,20,283,9.6251775,7307,4,37078,1836830,522741,106119,3168,630,55.41134,3534.0972775,89197,103062,242830,364325,82,495372,689158,44385,3469.06076,625248,35,87.23,82.37,103.15,NA
2021-2022,June,31,UTTAR PRADESH,3176,SHRAVASTI,531557,137.671095024259,18,77,1.12,1171,4,12625,531559,172922,51130,6921,1242,9.09973,742.022826,28155,33672,94459,159633,4,167917,267920,13796,731.803096,192836,65,80.61,53.91,102.56,NA
2021-2022,June,31,UTTAR PRADESH,3178,AMBEDKAR NAGAR,855642,133.396338199855,17,46,32.211763398,877,15,34574,855642,332733,111833,1727,673,49.04369,1222.650549498,49740,56343,176671,274051,8,354318,522223,35451,1141.3950961,351763,55,73.39,46,100.12,NA
2021-2022,June,31,UTTAR PRADESH,3181,AMETHI,1150304,136.295166657973,22,65,31.8063058,6294,1,34929,1150260,335882,72802,2974,677,59.62952,1659.1846098,50824,60906,164562,249492,19,310765,446358,41223,1567.748784,424259,65,75.58,46.74,100.86,NA
2021-2022,Jan,31,UTTAR PRADESH,3118,ALIGARH,3213930,200.092272885561,28,224,1352.37091678,3716,2,23303,3219093,815971,55151,4643,305,158.77324,7952.30050678,113685,128507,160324,210476,2658,295299,382197,27019,6441.15635,717770,23,84.25,85.92,100.74,NA
2021-2022,Jan,31,UTTAR PRADESH,3122,ETAH,2550374,196.590153136319,40,69,809.580251158001,4148,3,14786,2550538,475899,32593,622,47,312.48138,6136.168191158,62962,72346,101968,142200,2553,234230,325381,18934,5014.10656,754169,37,65.61,55.53,107.92,NA
2021-2022,Jan,31,UTTAR PRADESH,3133,RAE BARELI,5435789,196.586915267641,36,237,2659.322296069,24917,1,41813,5447364,1866534,136238,17340,1085,548.10186,13916.229007069,147597,189082,239447,404479,5400,398798,632488,66730,10708.804851,2102547,59,62.63,48.35,100.59,NA
2021-2022,Jan,31,UTTAR PRADESH,3134,FARRUKHABAD,2483072,196.171515514281,39,132,1762.70592144299,4245,4,15993,2511009,345047,16308,5111,152,231.77146,6920.36179144299,63324,70185,86618,106173,3607,194434,234308,20238,4925.88441,546963,44,67.48,59.24,106.09,NA
2021-2022,Jan,31,UTTAR PRADESH,3145,PRAYAGRAJ,7068189,194.603317049693,41,319,4215.524927041,24160,23,80870,7080931,3504835,221638,7097,338,588.13295,18583.384481041,170574,228270,296370,460581,6914,576534,838981,105030,13779.726604,3206637,76,68.02,36.25,102.96,NA
2021-2022,Jan,31,UTTAR PRADESH,3149,AYODHYA,4022860,194.601979837629,38,143,2783.509415699,11150,28,22252,4065990,1560149,109709,6665,495,474.48698,11170.493435699,106705,124880,186573,291955,6182,303648,444929,33402,7912.49704,1662620,60,68.84,58.48,101.72,NA
2021-2022,Jan,31,UTTAR PRADESH,3158,JAUNPUR,8659126,194.767130062003,42,243,3439.647762373,20370,12,63615,8701965,3186943,141180,37830,1730,868.65044,21256.865691873,206670,218544,317201,371304,9040,684108,791876,83985,16948.5674895,4144714,53,72.75,58.16,100.39,NA
2021-2022,Jan,31,UTTAR PRADESH,3165,BAGHPAT,68624,189.609996165154,26,4,9.82029202,137,2,1500,70407,20106,2878,259,19,5.15185,148.47085202,2614,2976,6479,9233,37,35783,48916,1637,133.49871,18221,10,40.9,63.31,123.08,NA
2021-2022,Jan,31,UTTAR PRADESH,3168,KANNAUJ,2132388,200.35502566288,33,158,677.540455940001,9308,0,16873,2140056,718882,53582,1045,65,240.25079,5205.50099394,63765,77829,100495,142482,2750,197190,264152,26181,4287.709748,507546,47,73.01,50.56,105.9,NA
2021-2022,Jan,31,UTTAR PRADESH,3176,SHRAVASTI,2578892,194.236829026743,44,136,476.173971659,6119,0,11228,2600085,807818,51428,21129,1244,175.32437,5701.820997659,58050,75647,96759,162419,4841,170938,270995,17347,5050.322656,950906,60,80.4,67.05,102.85,NA
2021-2022,Jan,31,UTTAR PRADESH,3182,HAPUR,227854,202.116016381892,38,4,32.282054735,356,7,1126,227080,110994,4922,124,8,2.47468,493.721784735,5896,6444,10878,12181,302,20244,22777,1482,458.96505,88403,22,24.96,40.83,102.13,NA
2021-2022,Feb,31,UTTAR PRADESH,3109,BIJNOR,4000746,199.864527625676,26,285,2944.55549354601,15487,4,16547,4048643,1630110,129486,11297,736,464.81692,11501.173620746,153166,191209,199705,303484,5207,304334,444712,32034,8091.8012072,1104690,34,60.12,59.71,103.97,NA
2021-2022,Feb,31,UTTAR PRADESH,3118,ALIGARH,3294897,201.788180992372,29,226,1378.56348678,4251,2,22926,3324560,842890,55152,4743,305,196.62989,8283.76252678,114404,129398,160328,210480,2966,295251,382147,27177,6708.56915,742879,23,81.92,83.39,100.73,NA
2021-2022,Feb,31,UTTAR PRADESH,3119,MATHURA,2939926,197.843933423346,37,85,3387.668001585,5928,12,17588,2946258,828584,51665,5622,439,214.52803,9431.188747585,77666,100328,103872,161184,4251,206108,316906,23516,5828.992716,989600,12,54.06,56.54,104.24,NA
2021-2022,Feb,31,UTTAR PRADESH,3125,BAREILLY,4546431,199.587591909915,33,778,3030.112849894,8188,0,25559,4671694,966814,71905,4806,231,653.37626,13007.610665894,141299,174552,215811,326504,5800,345787,499420,33747,9324.121556,971933,38,57.7,60.07,101.71,NA
2021-2022,Feb,31,UTTAR PRADESH,3127,SHAHJAHANPUR,3935070,198.50157628173,33,290,2865.73138076,13249,1,20305,4030041,1063395,84491,2761,192,554.94605,11420.37234056,120080,145817,199888,294693,4486,395057,559423,33554,7999.6949098,863042,50,50.03,36.79,110.24,NA
2021-2022,Feb,31,UTTAR PRADESH,3138,JALAUN,6009061,194.67388995303,49,404,5287.224639337,10021,1,26746,6343146,1961823,99862,6574,434,395.9201,18031.593802937,128335,190280,164310,295609,11462,271893,519271,36767,12348.4490636,2241284,48,55.46,54.23,101.12,NA
2021-2022,Feb,31,UTTAR PRADESH,3145,PRAYAGRAJ,7251395,196.398919919531,43,327,4241.857027041,30206,23,75146,7516477,3718384,221641,7299,338,714.97888,19719.115551041,172993,232223,296380,460593,7926,576728,839054,105352,14762.279644,3405442,76,67.86,36.69,103.1,NA
2021-2022,Feb,31,UTTAR PRADESH,3146,BAHRAICH,9917227,197.379186561617,50,164,5210.745036893,36323,2,23620,10329338,1662680,81221,85297,3389,795.19019,26393.898548493,202639,248844,321007,461280,22884,665438,883624,59943,20387.9633216,4194614,81,62.1,43.6,100.26,NA
2021-2022,Feb,31,UTTAR PRADESH,3161,VARANASI,2176854,199.888025118381,34,151,1076.633936661,7189,1,21949,2261133,892473,65562,15594,914,292.76624,5889.134275661,65462,86601,103699,179084,2019,206866,320277,29138,4519.734099,1072723,59,56.38,35.38,102.11,NA
2021-2022,Feb,31,UTTAR PRADESH,3170,KAUSHAMBI,2493666,193.23532228505,42,149,2134.989431869,12966,39,19669,2633833,1210741,79873,753,80,217.99734,7442.482457869,62686,79436,104495,159304,4510,228093,346100,32635,5089.495686,1169239,74,67.83,50.4,98.92,NA
2021-2022,Feb,31,UTTAR PRADESH,3181,AMETHI,4928843,198.765179259225,47,123,4762.510311181,26364,0,28491,5072096,1391965,73920,13888,687,358.57723,15202.648247781,106287,135443,168272,254199,8255,314250,446396,54855,10081.5607066,1848572,64,54.29,38.45,101.96,NA
2021-2022,Feb,31,UTTAR PRADESH,3182,HAPUR,233615,202.708911690409,38,4,32.282054735,368,7,1114,230394,111596,4922,124,8,2.47468,501.785904735,5961,6526,10878,12181,305,20245,22779,1482,467.02917,89767,22,25.19,40.86,102.17,NA
2021-2022,March,31,UTTAR PRADESH,3114,MUZAFFARNAGAR,1224877,202.52624300252,42,40,542.984477832,5126,0,3190,1203469,373923,18273,1201,120,52.52319,3032.848219232,28299,30799,49164,57816,2757,129714,154622,8316,2437.3405514,410056,22,64.97,68.08,104.03,NA
2021-2022,March,31,UTTAR PRADESH,3140,LALITPUR,4755365,202.437825994711,49,178,2064.137836333,3813,0,28927,4831175,1177771,62769,525467,19993,338.48736,12182.750836333,97518,147957,143665,259967,20471,209524,374788,32740,9780.12564,1948785,62,66.43,50.74,101.67,NA
2021-2022,March,31,UTTAR PRADESH,3145,PRAYAGRAJ,7637256,202.566413743656,44,336,4336.211807041,38029,23,68297,7856541,3877056,221646,7571,338,907.65116,21158.576315041,175899,236553,296387,460601,9180,576040,836332,106326,15914.713348,3554234,75,65.54,35.96,103.18,NA
2021-2022,March,31,UTTAR PRADESH,3146,BAHRAICH,10422074,202.925996202006,52,166,5264.012596893,41670,2,18463,10812024,1742433,81221,88497,3389,971.05303,28175.473038493,204243,251605,321007,461280,31815,659375,874001,60133,21940.4074116,4379726,81,59.94,42.85,100.32,NA
2021-2022,March,31,UTTAR PRADESH,3149,AYODHYA,4376609,204.696899875707,41,149,2858.271735699,16356,28,17903,4587558,1768193,109718,7553,495,664.29699,12913.157731699,110304,129724,186598,291986,8860,303926,444974,34259,9390.589006,1882699,59,64.15,52.3,101.6,NA
2021-2022,March,31,UTTAR PRADESH,3151,SIDDHARTH NAGAR,8622230,199.068927039498,43,153,14113.363890476,14763,0,34408,9061396,1683044,75625,7639,343,894.44203,33046.229712476,206849,230626,307925,384135,17340,505438,623476,49171,18038.423792,4540815,41,44.81,50.14,100.56,NA
2021-2022,March,31,UTTAR PRADESH,3155,DEORIA,4438906,199.993661819209,42,98,1577.552587625,7935,0,27269,4378859,1013395,48448,118303,5593,727.75404,11062.747087625,103835,112115,163752,194595,6282,302887,355755,35204,8757.44046,1565655,39,64.57,60.09,100.12,NA
2021-2022,March,31,UTTAR PRADESH,3156,MAU,4304319,204.855741736875,39,303,1970.27477497701,15336,5,17846,4300885,1350168,79896,33042,1900,559.04439,11339.929032977,110147,127878,203853,270241,5322,336130,429795,33182,8810.609868,2153654,60,74.35,54.2,102.9,NA
2021-2022,March,31,UTTAR PRADESH,3160,GHAZIPUR,6194328,201.520457481637,36,199,2230.38649117,19796,1,38430,6006099,1601161,110379,51431,2953,800.39329,15134.29796277,165664,195733,276878,407436,4614,533264,749668,58226,12103.5181816,2467193,65,62.97,45.85,110.7,NA
2021-2022,March,31,UTTAR PRADESH,3163,SONBHADRA,5893134,203.63439729646,43,298,2686.482293981,18034,1,25515,6080029,1907191,118631,1832020,107689,532.18945,15599.702153581,139086,200463,215863,382447,11706,366008,686535,43549,12381.0304096,3036066,74,83.75,62.75,100.54,NA
2021-2022,March,31,UTTAR PRADESH,3165,BAGHPAT,74659,204.15505414278,29,4,10.73509202,207,1,1459,81636,23513,2880,263,19,5.15185,182.55096202,2775,3164,6514,9271,58,35843,48972,1666,166.66402,20874,10,38.06,60.2,122.95,NA
2021-2022,March,31,UTTAR PRADESH,3167,AMROHA,3119659,204.634091590818,33,145,1329.842338756,9868,3,8458,2999733,751646,52878,1020,86,405.58438,7873.903093456,88261,109460,122915,192001,5093,183404,277555,18326,6138.4763747,651358,22,67.14,65.45,100.53,NA
2021-2022,March,31,UTTAR PRADESH,3168,KANNAUJ,2319451,204.198846595421,35,159,724.951195940001,12384,0,14063,2282044,762902,53587,1092,65,332.38977,5717.24849274,64863,79323,100506,142493,3963,197123,263918,26447,4659.9075268,538912,47,69.79,49.66,106.19,NA
2021-2022,March,31,UTTAR PRADESH,3170,KAUSHAMBI,2643935,199.669603662663,42,150,2163.150321869,15373,39,17352,2711251,1246065,79873,788,80,284.29381,7860.988257869,63117,80229,104495,159304,5656,226537,342034,32725,5413.544126,1202772,74,67.76,50.82,98.98,NA
2021-2022,March,31,UTTAR PRADESH,3177,CHITRAKOOT,3439325,202.841545048916,48,91,1324.977277207,9251,0,19827,3464201,1602612,93789,868,32,285.21087,8637.026979207,72068,109108,114149,213654,7608,173172,315980,29078,7026.838832,1509052,68,51.42,42.06,100.83,NA
2021-2022,March,31,UTTAR PRADESH,3184,SAMBHAL,2768495,200.494745356442,35,249,710.676469636,4632,114,18533,2871936,842336,49436,2147,99,420.64726,6889.404499636,81668,96204,112432,154689,3742,229332,299729,23165,5758.08077,768568,31,65.91,61.23,102.18,NA
2021-2022,Nov,31,UTTAR PRADESH,3112,SAHARANPUR,1329109,189.114202145949,21,131,379.674527981,1965,3,20935,1329109,537726,73910,3593,315,184.66583,3077.874238981,61591,72107,106714,157129,481,174339,244089,22900,2513.533881,484119,33,60.74,67.7,102.19,NA
2021-2022,Nov,31,UTTAR PRADESH,3117,BULANDSHAHR,617607,182.726116973325,18,40,100.668289066,1651,2,8779,616756,126130,14354,138,53,10.85873,1238.501309066,33409,35740,56524,66526,266,145304,175694,10430,1126.97429,154290,17,69.27,79.32,103.57,NA
2021-2022,Nov,31,UTTAR PRADESH,3119,MATHURA,2457814,185.561656781135,33,84,2964.892937192,4494,12,18397,2457295,697566,51643,4716,439,160.5425,7685.232751192,74300,95345,103853,161157,2070,205795,316508,22891,4559.797314,823333,12,55.71,58.66,104.69,NA
2021-2022,Nov,31,UTTAR PRADESH,3124,BUDAUN,2808900,188.979910753366,29,383,1627.765657688,3674,1,18598,2798761,537829,47138,1997,167,409.08967,7325.951367688,96488,105581,171177,221848,1465,341130,439768,22272,5289.09604,600883,18,68.73,71.66,102.13,NA
2021-2022,Nov,31,UTTAR PRADESH,3125,BAREILLY,3275008,181.352103545839,26,642,2234.944754159,5178,0,26695,3274994,690081,71890,3462,231,504.07811,8678.293374159,124827,151850,215544,326183,1859,346504,502213,31873,5939.27051,696653,39,56.87,59.1,101.84,NA
2021-2022,Nov,31,UTTAR PRADESH,3127,SHAHJAHANPUR,3112975,184.319467016442,28,260,2584.513079856,7745,2,24633,3112854,827434,84476,2128,192,459.8309,8781.939881656,110127,132884,199775,294564,1654,400963,569882,32378,5737.5959018,697495,51,53.54,39.05,106.79,NA
2021-2022,Nov,31,UTTAR PRADESH,3137,KANPUR NAGAR,1254404,187.947601921486,28,132,203.179692153,2501,0,14884,1254446,496664,44306,18861,1669,224.47746,2785.358326553,43730,52777,72266,108730,789,211499,313394,17385,2357.7011744,310476,46,69.03,61.27,104.12,NA
2021-2022,Nov,31,UTTAR PRADESH,3139,JHANSI,3800332,192.785962884785,46,235,3180.087983306,5730,0,22746,3799520,1345681,88244,44324,2086,237.59306,10742.622260306,80847,123930,134741,247842,5441,233590,439484,28476,7324.941217,1478709,56,62.68,50.07,101.71,NA
2021-2022,Nov,31,UTTAR PRADESH,3141,HAMIRPUR,2536911,190.620879092723,38,95,348.324871234,4502,0,20775,2536911,660234,54885,1011,115,178.22733,5362.434251234,65089,96654,116886,211023,2295,212880,392589,25277,4835.88205,1018309,62,81.9,76.18,106.44,NA
2021-2022,Nov,31,UTTAR PRADESH,3142,BANDA,3247523,187.891365726796,37,62,1417.905773253,4466,1,46602,3246828,962586,91281,2957,240,220.99536,7739.410605253,86237,124167,166781,328232,2429,296575,561060,51068,6100.509472,1563546,78,71.26,47.77,101.05,NA
2021-2022,Nov,31,UTTAR PRADESH,3144,PRATAPGARH,5558772,182.84082534583,37,73,2598.379809966,4465,44,70011,5552945,2330782,146257,20209,811,458.65117,13210.081448966,146789,163935,272070,341569,2932,594687,742591,74476,10153.050469,2632417,63,62.84,52.25,108.29,NA
2021-2022,Nov,31,UTTAR PRADESH,3149,AYODHYA,2930369,189.069996973049,31,122,2748.570134959,5904,28,25586,2930341,1121000,109524,4686,493,431.78818,8720.753954959,92301,106244,186187,291497,2463,302375,443605,31490,5540.39564,1178636,60,73.1,67.48,101.94,NA
2021-2022,Nov,31,UTTAR PRADESH,3155,DEORIA,3144853,181.611787916373,33,90,684.427500402,4073,2,29157,3139554,749189,48447,85871,5593,483.52711,6869.754762402,93346,100033,163730,194570,1612,320295,379096,33230,5701.800152,1123762,40,73.85,67.9,100.15,NA
2021-2022,Nov,31,UTTAR PRADESH,3166,HATHRAS,1018247,190.537179093088,26,30,424.664550214,1877,9,7282,1018247,292399,27015,1067,100,152.99318,2517.796840214,39129,45312,66670,97098,661,106503,148528,9159,1940.13911,173404,19,75.72,77.14,104,NA
2021-2022,Nov,31,UTTAR PRADESH,3174,SANT KABEER NAGAR,3823630,173.726114416457,31,64,5960.59521902103,4917,28,21016,3823436,1117965,92957,7834,607,310.43415,12913.336169021,119870,135195,208518,285053,1590,393631,550925,25933,6642.3068,2047776,58,68.17,48.63,103.84,NA
2021-2022,Nov,31,UTTAR PRADESH,3184,SAMBHAL,2029786,181.409452115102,27,193,589.845663012,1905,114,19809,2080656,624068,49432,1565,99,268.71464,4633.066953012,75332,88074,112349,154602,1207,229493,300987,21714,3774.50665,558829,32,80.18,74.52,102.41,NA
2021-2022,Dec,31,UTTAR PRADESH,3111,RAMPUR,2805453,188.592152424003,32,121,3081.228522501,4464,3,15488,2789167,499658,33271,3962,198,287.09758,8628.476182501,86071,95967,121837,157728,2533,252272,315879,19952,5260.15008,534941,32,44.57,43.14,108.72,NA
2021-2022,Dec,31,UTTAR PRADESH,3117,BULANDSHAHR,712905,185.272275788045,20,40,100.668289066,1885,2,8702,711793,142460,14367,153,53,13.48372,1432.907099066,35178,37690,56655,66663,523,140836,169440,10587,1318.75509,177167,17,68.42,77.29,104.66,NA
2021-2022,Dec,31,UTTAR PRADESH,3123,MAINPURI,3130831,192.828108286671,39,102,895.422901592001,6829,9,22587,3130099,906982,55482,6182,363,232.99067,7164.124260792,79950,91944,134318,189002,4270,226660,305367,29416,6035.7106892,778407,30,76.19,77.08,106.18,NA
2021-2022,Dec,31,UTTAR PRADESH,3124,BUDAUN,3150355,191.327478587344,31,408,1627.765657688,4009,1,18646,3139732,601319,47166,2203,167,478.22351,8113.159237688,99921,109714,171354,222036,2604,340609,438826,22655,6007.17007,681902,18,68.97,71.59,102.13,NA
2021-2022,Dec,31,UTTAR PRADESH,3132,LUCKNOW,1934279,194.747719038481,38,109,1009.861944502,6782,3,8245,1934272,1228843,96368,5061,405,252.80569,5029.618234502,50723,64194,91650,148383,3058,212570,325458,15027,3766.9506,629425,65,66.19,47.58,102.63,NA
2021-2022,Dec,31,UTTAR PRADESH,3135,ETAWAH,2353090,190.341406456884,36,75,798.190468954,4978,0,16996,2352621,828556,52572,4609,215,269.89859,5546.100958954,64463,73166,105189,140202,3150,200987,261421,21974,4478.0119,560928,33,57.49,73.56,106.02,NA
2021-2022,Dec,31,UTTAR PRADESH,3141,HAMIRPUR,2887366,193.075732124538,41,99,348.324871234,5792,0,19964,2887282,741945,54897,1110,115,198.69961,6121.665341234,68768,102617,116904,211048,3634,212856,391985,25756,5574.64086,1155451,62,80.77,73.65,106.08,NA
2021-2022,Dec,31,UTTAR PRADESH,3143,FATEHPUR,4405592,185.514359424341,41,167,1630.493504503,6260,1,49416,4405873,1808791,106453,3323,129,460.8316,10264.852177503,104937,121081,179879,246167,4668,393906,516085,55676,8173.527073,1939209,70,69.35,61.49,101.45,NA
2021-2022,Dec,31,UTTAR PRADESH,3150,SULTANPUR,5703393,182.586223981833,44,218,3913.775211274,24544,4,43808,5664888,1949860,74610,20036,551,395.26273,14652.343033274,127873,150050,196303,247867,9195,464159,592689,68352,10343.305092,2652576,72,67.94,37.46,103.31,NA
2021-2022,Dec,31,UTTAR PRADESH,3152,MAHARAJGANJ,5286589,176.81389222275,36,480,2106.072151598,9775,0,30447,5286496,1190040,96648,25067,2515,579.85823,12033.189721398,146770,178179,273990,432812,5639,418901,659373,40222,9347.2593398,2195476,40,71.09,69.75,101.91,NA
2021-2022,Dec,31,UTTAR PRADESH,3157,AZAMGARH,7036571,186.978896763209,34,217,3861.004445296,12500,2,49334,7024240,2530211,159459,17408,897,749.32126,17744.172163296,202007,219878,341146,412464,3754,710350,829590,61834,13133.846458,3022753,59,62.07,57.66,102.94,NA
2021-2022,Dec,31,UTTAR PRADESH,3163,SONBHADRA,4844745,192.394101127165,37,277,2002.594687315,9839,1,32572,4832035,1546538,118623,1420159,107677,430.12979,11729.274781715,127390,180927,215847,382421,6022,375916,722123,42411,9296.5503044,2410607,75,82.14,58.14,100.57,NA
2021-2022,Dec,31,UTTAR PRADESH,3164,GAUTAM BUDDHA NAGAR,7130,177.713141654979,16,0,0,14,23,191,7130,2524,590,230,18,0,12.670947,424,439,1366,1694,0,16980,19564,205,12.670947,923,13,3.68,93.16,124.4,NA
2021-2022,Dec,31,UTTAR PRADESH,3170,KAUSHAMBI,2243267,187.625656356472,37,139,1646.734734109,7154,39,25312,2241503,1036882,79873,655,80,170.49667,6022.866120109,59631,74482,104495,159304,3048,237304,362199,32466,4205.634716,989387,75,69.26,50.56,98.92,NA
2021-2022,Dec,31,UTTAR PRADESH,3175,BALRAMPUR,3219663,176.645071240863,35,104,2809.36071574199,4127,0,28625,3218518,593699,38082,54253,3565,535.34068,9030.05480974199,90927,101241,154833,208734,2541,266243,344754,32752,5685.353414,1132103,46,74.17,68.62,101.24,NA
2021-2022,Dec,31,UTTAR PRADESH,3184,SAMBHAL,2342340,186.890479097368,30,211,589.845663012,2647,114,19604,2408070,712855,49435,1747,99,292.37388,5382.673103012,78395,92091,112394,154651,2045,229910,301339,22251,4500.45356,646941,32,76.65,70.71,102.2,NA
2021-2022,Oct,31,UTTAR PRADESH,3111,RAMPUR,2085026,195.72892734805,26,104,1013.641399702,2465,5,16615,2074466,374025,33241,3156,198,168.88739,5242.858839702,78266,86698,121297,157158,791,249310,312940,19080,4060.33005,406818,34,48.56,47.3,108.51,NA
2021-2022,Oct,31,UTTAR PRADESH,3112,SAHARANPUR,1141865,190.363184877372,19,122,357.895973146,1945,3,20515,1141865,460275,73824,2927,315,105.58871,2637.175264146,57382,66919,106527,156909,244,173725,243411,22460,2173.690581,416651,33,60.76,67.7,102.22,NA
2021-2022,Oct,31,UTTAR PRADESH,3114,MUZAFFARNAGAR,804136,193.690203450161,32,36,237.712526475,2678,0,4605,799557,255693,18223,765,120,28.80977,1815.185876475,24268,26278,48392,56987,935,128241,153094,7283,1548.66358,276718,24,63.38,68.79,102.83,NA
2021-2022,Oct,31,UTTAR PRADESH,3127,SHAHJAHANPUR,2650574,191.249565432281,25,235,969.162049266,6395,2,25401,2650496,700921,84456,1881,191,278.54078,6316.764911066,103691,124202,199663,294422,756,402566,571894,31796,5069.0620818,589090,52,53.1,39.16,107.05,NA
2021-2022,Oct,31,UTTAR PRADESH,3130,HARDOI,5476183,193.315360701858,33,181,2917.396572813,8893,0,45797,5475755,2036150,150447,8883,475,432.03414,13934.906242213,162894,177458,307918,398416,1695,698342,883447,54690,10585.4755294,1096152,41,69.29,68.3,104.56,NA
2021-2022,Oct,31,UTTAR PRADESH,3132,LUCKNOW,1513217,194.202800668777,32,106,636.656946351,4859,5,9897,1513210,962148,96246,3834,405,186.51663,3761.869776351,46632,58550,91462,148160,1018,212427,325918,14756,2938.6962,502166,65,68.67,49.57,103.09,NA
2021-2022,Oct,31,UTTAR PRADESH,3133,RAE BARELI,3932463,193.001513278247,30,205,1440.878141413,14234,1,50431,3932522,1358739,136041,12642,1083,343.16953,9373.874641413,129952,163557,239094,404066,1479,398202,632562,64665,7589.82697,1511894,60,69.57,49.47,100.41,NA
2021-2022,Oct,31,UTTAR PRADESH,3134,FARRUKHABAD,1832828,192.83505421909,31,126,1200.341432276,1922,4,17518,1832196,257827,16301,4034,152,135.74429,4869.201872276,58098,64060,86575,106125,837,201722,244433,19440,3533.11615,389663,44,67.78,61.03,105.63,NA
2021-2022,Oct,31,UTTAR PRADESH,3140,LALITPUR,3040548,186.393013035808,35,148,1690.037928342,794,0,30171,3040548,751404,62695,367173,19981,153.20694,7510.613898342,84751,124877,143332,259430,3866,211818,382348,30965,5667.36903,1252444,63,86.54,63.37,101.79,NA
2021-2022,Oct,31,UTTAR PRADESH,3151,SIDDHARTH NAGAR,4114195,190.512408623846,26,110,8529.078617971,7193,0,38138,4111576,814458,75621,4108,343,372.31292,16734.454007971,154837,169986,307789,383998,1497,521797,647967,45331,7833.06247,2006056,43,41.14,43.28,100.84,NA
2021-2022,Oct,31,UTTAR PRADESH,3154,GORAKHPUR,3433256,186.734978282602,27,129,357.940365953,2860,40,50940,3432041,943778,91491,8979,882,320.94656,7087.707941953,123227,134351,247140,330187,811,520089,660553,53800,6408.821016,1466246,64,79.98,60.22,102.93,NA
2021-2022,Oct,31,UTTAR PRADESH,3158,JAUNPUR,5925054,188.488175705961,32,221,2230.660231555,10727,14,64316,5923453,2211972,140770,25041,1730,571.83951,13967.508240055,183019,192771,316056,370123,852,677080,784944,75043,11165.0084985,2844098,54,78.68,60.45,100.39,NA
2021-2022,Oct,31,UTTAR PRADESH,3175,BALRAMPUR,2033750,186.980290559331,27,85,2520.50088822199,3552,0,27864,2032356,379306,37981,36995,3560,391.06801,6711.67405222199,73343,80670,154106,207946,430,264905,343463,31416,3800.105154,705477,47,70.31,65.45,101.77,NA
2021-2022,Oct,31,UTTAR PRADESH,3178,AMBEDKAR NAGAR,2577968,189.618003714997,26,138,811.534131084,2088,1,39070,2566893,941768,112350,6348,690,242.50445,5921.329845184,97398,115802,179221,277137,1009,361060,529446,41158,4867.2912641,1019383,54,75.71,55.29,100.49,NA
2021-2022,Oct,31,UTTAR PRADESH,3183,SHAMLI,311799,184.551485542418,31,5,12.3425706,1005,0,4458,314195,50731,4138,444,29,4.84828,597.0423906,9937,11482,22709,27481,77,55470,66149,5463,579.85154,90685,20,68.26,74.69,100.67,NA
2021-2022,Sep,31,UTTAR PRADESH,3118,ALIGARH,1992498,188.021367148173,19,199,702.367340835,2465,3,22147,1992498,513129,55039,2840,304,83.67775,4532.367070835,99643,111552,159949,210037,255,293949,380932,24612,3746.32198,447492,23,87.23,89.9,100.16,NA
2021-2022,Sep,31,UTTAR PRADESH,3123,MAINPURI,2199582,189.929305018796,31,96,669.016724152,4315,10,22344,2198894,647332,55372,4526,363,117.21703,4962.577846452,70485,80209,133642,188238,984,225025,303741,26659,4176.3440923,531962,31,77.99,82.66,105.47,NA
2021-2022,Sep,31,UTTAR PRADESH,3124,BUDAUN,2187873,182.434782927912,24,359,928.89901489,2195,2,19344,2179253,420939,47042,1669,167,171.90621,5076.52070489,89027,96835,170723,221365,359,340213,438932,21539,3975.71548,454912,19,70.71,74.33,102.61,NA
2021-2022,Sep,31,UTTAR PRADESH,3129,SITAPUR,7258780,186.54157292466,33,536,5203.198965087,20829,2,84111,7266184,2762675,320761,12325,1157,414.34163,19171.994520287,218106,284337,451565,781858,2670,846589,1401033,104940,13554.4539252,2458942,80,72.99,37.19,105.25,NA
2021-2022,Sep,31,UTTAR PRADESH,3133,RAE BARELI,3455315,188.363035507051,27,198,1440.358311413,11688,1,51747,3455370,1203338,135949,10920,1082,283.73961,8232.737741413,124901,156070,238858,403796,654,398318,633226,63435,6508.63982,1327987,60,70.4,50.61,100.35,NA
2021-2022,Sep,31,UTTAR PRADESH,3134,FARRUKHABAD,1605937,185.490665385964,29,125,1200.341432276,1523,4,17441,1605369,227488,16286,3554,152,79.19909,4257.350162276,55275,60936,86468,106012,456,202774,245890,18964,2977.80964,346279,45,68.98,61.88,105.11,NA
2021-2022,Sep,31,UTTAR PRADESH,3139,JHANSI,3055907,186.867515192135,41,220,1308.773448528,3082,0,24315,3055693,1101011,88111,37307,2086,137.4447,7156.315729528,73775,112237,134443,247370,2339,233144,439281,27397,5710.097581,1206511,57,78.31,62.16,102.01,NA
2021-2022,Sep,31,UTTAR PRADESH,3149,AYODHYA,2162731,193.253347272499,26,113,2449.646073715,3746,28,26789,2162731,834240,109332,3530,493,253.91006,6883.106183715,82493,93655,185742,290961,684,300847,441901,30535,4179.55005,873551,61,75.42,69.66,102.21,NA
2021-2022,Sep,31,UTTAR PRADESH,3153,BASTI,4317480,191.590034967101,29,136,5585.18661682299,6978,12,53284,4314627,916680,98105,1901,227,256.64178,14108.223774823,146407,168789,310477,429922,901,549632,747434,60262,8266.395378,1956032,55,77.76,65.5,106.55,NA
2021-2022,Sep,31,UTTAR PRADESH,3160,GHAZIPUR,3583568,183.322571535252,26,164,437.228096521,5191,2,49820,3580787,974218,110266,30488,2941,232.67797,7234.296876121,135815,157532,276366,406776,402,535833,756013,55011,6564.3908096,1440138,66,75.23,60.06,106.41,NA
2021-2022,Sep,31,UTTAR PRADESH,3162,MIRZAPUR,2903539,184.955132506783,28,152,2846.162220834,8569,1,41267,2903474,1234384,149254,34562,3686,249.76675,8466.053154834,103043,138665,205084,345113,800,406409,649172,49836,5370.124184,1267866,67,66.38,51.11,101.82,NA
2021-2022,Sep,31,UTTAR PRADESH,3165,BAGHPAT,29928,199.746291098637,20,1,4.9130438,55,12,1484,29928,8321,2792,111,19,1.63564,66.3287538,1436,1618,6195,8902,6,35352,48413,1539,59.78007,8226,10,33.74,56.74,115.32,NA
2021-2022,Sep,31,UTTAR PRADESH,3180,KASHGANJ,1513095,185.250867890306,25,138,769.127703717001,3474,0,6780,1512864,290727,30252,1289,91,88.66812,3660.389513717,58432,68961,92870,153054,492,163780,250046,10254,2802.59369,367636,18,67.83,81.31,101.73,NA
2021-2022,July,31,UTTAR PRADESH,3109,BIJNOR,1160605,167.120747865844,11,177,85.9423719109999,1709,9,24786,1160529,475189,128591,3896,735,127.06194,2152.489055911,97730,115734,197025,300163,15,299008,439962,26495,1939.484744,333294,35,65.73,63.7,104.14,NA
2021-2022,July,31,UTTAR PRADESH,3112,SAHARANPUR,542202,177.674518906238,14,80,98.933403155,590,15,19996,542202,211147,73271,1428,311,15.57448,1077.862678155,36834,42406,105308,155361,10,170798,240012,20586,963.354795,210486,34,61.92,65.67,101.3,NA
2021-2022,July,31,UTTAR PRADESH,3116,GHAZIABAD,62,189.833333333333,12,0,0,1,160,20,216,28,20,0,0,0,0.41004,18,21,112,122,0,17909,26201,21,0.41004,165,38,36.82,76.62,108,NA
2021-2022,July,31,UTTAR PRADESH,3118,ALIGARH,1159420,164.032430870608,14,137,38.180593265,2215,6,20417,1159420,312388,54638,1942,300,56.43268,1996.438083265,81406,89919,158283,207761,27,290504,376373,22632,1901.82481,264080,22,85.19,84.75,100.31,NA
2021-2022,July,31,UTTAR PRADESH,3124,BUDAUN,1288425,154.165087069675,18,306,154.171933681,1385,14,19257,1281445,247626,46739,986,161,76.77922,2206.491953681,70941,76439,168640,219089,19,336211,434598,20642,1975.5408,253319,19,66.73,70.24,102.56,NA
2021-2022,July,31,UTTAR PRADESH,3125,BAREILLY,1557408,169.258005994576,17,350,37.8196865,3547,1,23913,1557408,335295,71821,1560,228,112.93609,2786.7935025,91038,107565,214338,324737,64,345039,501372,27460,2636.037726,369237,40,70.23,71.01,102.13,NA
2021-2022,July,31,UTTAR PRADESH,3128,KHERI,3426892,171.039257450366,22,412,13.26655489,4619,1,75977,3425872,1207504,190516,53894,9190,105.62552,5978.47810489,155310,192203,353776,542642,229,688149,977749,80596,5859.58603,965853,74,85.57,59.85,100.34,NA
2021-2022,July,31,UTTAR PRADESH,3130,HARDOI,3078622,156.661540700262,24,139,392.852739611,3063,3,47261,3078678,1182310,149850,4799,474,187.42671,5403.383837611,126066,136044,305866,396146,70,698035,885006,50324,4823.104388,632292,41,75.35,71.95,105.66,NA
2021-2022,July,31,UTTAR PRADESH,3134,FARRUKHABAD,992940,167.667751740703,22,101,16.416223216,1035,5,16336,992559,140930,16229,2243,152,37.66965,1718.287233216,44202,48185,85617,105109,51,202763,246422,17371,1664.20136,221546,44,66.72,58.29,104.87,NA
2021-2022,July,31,UTTAR PRADESH,3143,FATEHPUR,1550039,156.2760839538,24,95,29.327917,2513,7,44957,1550043,662451,105889,1003,126,69.8727,2521.547117,64467,71328,178733,244900,22,391280,513839,47470,2422.3465,688703,69,73.04,55.47,101.56,NA
2021-2022,July,31,UTTAR PRADESH,3144,PRATAPGARH,2390992,149.406554232212,25,61,134.693791775,2749,47,61128,2390074,1047566,145671,8799,807,110.32331,3815.944308775,93971,104394,270184,339532,70,594540,744480,63877,3570.927207,1174842,64,73.75,38.91,107.83,NA
2021-2022,July,31,UTTAR PRADESH,3145,PRAYAGRAJ,2683678,164.66647975489,25,189,19.3807271,3933,26,83842,2682549,1391878,220477,2543,330,143.98249,4580.6222231,106818,133891,293593,456925,48,570070,831327,87775,4417.259006,1244893,75,79.7,43.42,102.97,NA
2021-2022,July,31,UTTAR PRADESH,3147,GONDA,1362418,169.560563580991,26,82,343.52813773,3794,167,38388,1361366,349569,57370,4165,625,146.91797,2798.78596973,51250,56738,220377,265297,34,459031,540638,42182,2308.339862,626301,58,76.79,38.82,103.77,NA
2021-2022,July,31,UTTAR PRADESH,3148,BARABANKI,2366933,162.559910546338,25,126,22.4305678,5201,1,42556,2366812,946578,141688,1264,206,77.63589,3947.5539278,91948,110264,241926,352686,98,525386,743741,47757,3847.48747,804260,57,63.85,47.23,100.22,NA
2021-2022,July,31,UTTAR PRADESH,3170,KAUSHAMBI,990253,164.31697066085,23,94,16.245382646,5571,42,24579,990315,468886,79761,294,80,32.33792,1675.838910646,41444,48859,104271,159027,80,245473,377686,30150,1627.255608,442017,75,88.09,48.08,99.25,NA
2021-2022,July,31,UTTAR PRADESH,3171,CHANDAULI,1815799,179.24566821548,25,197,49.070996222,2060,2,26848,1815799,596685,83828,9644,1087,117.27737,3421.089417222,72131,95872,141597,252165,165,283394,510456,28908,3254.741051,623784,47,76.31,63.03,102.45,NA
2021-2022,July,31,UTTAR PRADESH,3174,SANT KABEER NAGAR,1836637,163.287341073138,23,37,101.2814956,1243,40,21278,1836222,570045,92767,4402,606,65.3732,3164.9727756,78644,87070,206679,282988,13,388960,548688,22521,2998.31808,980985,57,85.21,57.76,106.44,NA
2021-2022,June,31,UTTAR PRADESH,3128,KHERI,2195416,147.622516438608,18,322,7.71245109,2641,8,69177,2194681,782106,189888,32046,9172,71.31514,3318.87091109,118291,143152,352051,540545,10,684787,973909,71818,3239.84332,629391,72,86.47,50.89,100.48,NA
2021-2022,June,31,UTTAR PRADESH,3130,HARDOI,1760319,114.83412261592,19,97,217.052207777,2372,75,44909,1760375,704347,148838,2449,469,130.19685,2368.760243777,88268,94518,302148,391975,6,690027,876346,47281,2021.511186,376535,40,75.22,60.12,104.87,NA
2021-2022,June,31,UTTAR PRADESH,3134,FARRUKHABAD,610990,139.981162404691,17,87,6.459163216,712,6,15602,610906,87557,16136,1532,152,31.38645,892.998933216,34078,37021,84608,104013,7,201854,245732,16314,855.15332,149659,43,62.04,47.93,105.16,NA
2021-2022,June,31,UTTAR PRADESH,3135,ETAWAH,486700,151.353216023407,17,31,17.989692058,1169,18,17550,486688,178700,52364,897,215,37.02451,791.632142058,28171,30325,104064,138895,11,201645,263496,18719,736.61794,112674,33,53.74,65.41,109.4,NA
2021-2022,June,31,UTTAR PRADESH,3141,HAMIRPUR,541219,142.944846725632,26,22,4.57646,1923,0,18653,541219,159506,54291,299,113,30.40516,808.62629,20810,29959,115223,208407,4,209918,388041,20576,773.64467,236411,58,79.79,45.73,112,NA
2021-2022,June,31,UTTAR PRADESH,3150,SULTANPUR,1551080,151.37616943748,30,78,46.59470275,5078,6,45728,1551109,559465,73875,4371,535,23.49954,2418.10363075,51697,56434,193025,244294,8,465110,596258,50806,2348.009388,807491,72,82.23,22.92,101.92,NA
2021-2022,June,31,UTTAR PRADESH,3151,SIDDHARTH NAGAR,2037812,150.097430014624,20,78,297.379392995,3827,27,37827,2036354,426517,75429,1869,339,133.22121,3487.115622995,101538,110893,306279,382366,52,517550,644221,41654,3056.51502,1011028,45,77.63,62.83,100.96,NA
2021-2022,June,31,UTTAR PRADESH,3152,MAHARAJGANJ,1473538,157.407495831464,16,293,6.8626049,4021,37,28677,1473539,326306,96443,6941,2507,46.26824,2372.5916849,87761,101796,271976,430114,65,416913,664761,32698,2319.46084,618246,47,69.13,62.57,104.71,NA
2021-2022,June,31,UTTAR PRADESH,3153,BASTI,2239381,127.18072548296,22,108,138.41379482,2617,26,54299,2238178,511370,97324,947,215,93.17034,3078.11515282,98340,112642,304487,423027,13,538467,735632,56916,2846.531018,1016620,56,84.79,55.84,105.32,NA
2021-2022,June,31,UTTAR PRADESH,3161,VARANASI,349032,138.854089317063,15,67,16.7375747,612,49,21265,348041,152326,64974,2172,887,81.73329,581.7400257,22792,27297,101995,176809,0,202953,315843,21877,483.269161,175827,56,60.54,26.4,101.64,NA
2021-2022,June,31,UTTAR PRADESH,3164,GAUTAM BUDDHA NAGAR,1702,47.3564629847239,9,0,0,1,77,186,1702,497,565,21,16,0,0.806007,173,180,1286,1612,0,16861,19442,187,0.806007,220,14,7.15,92.85,97.93,NA
2021-2022,June,31,UTTAR PRADESH,3166,HATHRAS,275580,129.318147180492,12,20,23.73590652,581,29,7367,275580,77867,26048,395,81,20.91208,401.02293652,21624,24345,64518,94257,1,102549,143613,7948,356.37495,53438,20,70.11,62.17,109.69,NA
2021-2022,June,31,UTTAR PRADESH,3168,KANNAUJ,482596,143.119681472702,17,63,1.299223,3163,1,19729,482596,174830,53390,171,65,8.17049,700.159571,28268,33671,99243,141076,2,196079,264243,22892,690.689858,135834,47,80.31,31.99,109.31,NA
2021-2022,June,31,UTTAR PRADESH,3170,KAUSHAMBI,613095,147.562976119413,22,59,8.2563783,4205,46,22693,613134,291413,79614,144,80,23.31616,936.3313163,26806,31093,103941,158622,12,245063,377320,26898,904.758778,285522,74,88.36,30.93,99.13,NA
2021-2022,June,31,UTTAR PRADESH,3171,CHANDAULI,1142454,136.540089754161,20,137,35.457894066,1805,7,25710,1142454,387045,83710,5167,1087,61.31867,1656.684281066,55463,72023,141244,251691,36,283073,510676,27515,1559.907717,397255,46,74.93,55.04,103.37,NA
2021-2022,June,31,UTTAR PRADESH,3182,HAPUR,45831,95.980783524988,13,2,0.0912,202,80,860,45742,19057,4681,105,8,2.47468,46.46941,3436,3730,10257,11525,0,19109,21599,1062,43.90353,16879,22,25.44,48.65,100.51,NA
2021-2022,June,31,UTTAR PRADESH,3184,SAMBHAL,540318,147.068650494802,14,106,39.713119445,540,142,17629,548401,170028,48167,391,82,63.06771,909.306779445,36643,41723,105431,146889,10,214552,285007,18169,806.52595,157052,34,84.84,61.98,101.9,NA
2021-2022,March,31,UTTAR PRADESH,3112,SAHARANPUR,1771874,204.932459152176,25,143,745.009500724,6550,3,17437,1736139,697358,73940,4371,317,249.20772,4552.129567724,67234,79625,106828,157256,1606,173444,242446,23987,3557.912347,620393,32,57.74,61.89,102.38,NA
2021-2022,March,31,UTTAR PRADESH,3117,BULANDSHAHR,831617,200.567493304294,22,43,118.198209066,2568,2,8272,849425,167356,14379,228,53,23.16222,1845.030859066,37044,39786,56748,66758,1032,134801,161420,10840,1703.67043,210685,17,57.47,64.57,107.23,NA
2021-2022,March,31,UTTAR PRADESH,3121,FIROZABAD,3423125,201.496860891161,41,137,950.475871692,6718,6,15267,3361368,1098863,40955,6127,127,253.89117,7977.418044692,80981,92461,97075,117603,6122,223357,271679,21985,6773.051003,1170660,31,58.61,55.34,99.81,NA
2021-2022,March,31,UTTAR PRADESH,3124,BUDAUN,3670973,202.482863048738,35,431,1982.782961643,5538,1,18180,3646728,691857,47169,2519,167,708.44201,10075.224233643,103573,114227,171404,222084,4632,339775,436892,23718,7383.999262,796549,18,63.93,66.12,101.76,NA
2021-2022,March,31,UTTAR PRADESH,3127,SHAHJAHANPUR,4175153,204.429132393561,34,291,2932.02722076,15661,1,18244,4127240,1089229,84491,2776,192,713.96173,12083.26987456,120777,146835,199888,294693,4881,381627,536290,33905,8437.2809238,885697,49,48.31,35.18,110.11,NA
2021-2022,March,31,UTTAR PRADESH,3129,SITAPUR,13592487,201.552829033891,49,690,8937.310065359,64594,2,48312,14331472,5349269,321850,23384,1163,1245.98051,39068.777833559,288982,388251,455229,786437,31499,849011,1380501,112906,28885.4872582,4682886,78,61.98,36.92,104.9,NA
2021-2022,March,31,UTTAR PRADESH,3139,JHANSI,4855755,202.367654960086,53,254,3327.983919206,14724,0,14785,4781812,1665841,88335,53694,2086,364.17181,13368.996538206,88837,137034,134893,248070,13913,230177,427725,29509,9676.840809,1837294,55,57.89,47.67,101.51,NA
2021-2022,March,31,UTTAR PRADESH,3141,HAMIRPUR,3378653,203.399823186199,46,106,713.32827158,9820,0,16489,3408105,864242,54921,1258,115,286.41178,7931.81959558,73167,110061,116956,211131,6638,208847,383334,26309,6932.079544,1359213,62,67.22,64.25,105.81,NA
2021-2022,March,31,UTTAR PRADESH,3154,GORAKHPUR,5849381,195.826377150511,41,181,1053.06856593,20001,39,37351,6109826,1677891,91497,14442,882,734.84604,13752.56551193,145541,162243,247248,330299,10844,503689,637585,57352,11964.650906,2689931,62,70.85,50.63,101.93,NA
2021-2022,March,31,UTTAR PRADESH,3158,JAUNPUR,9414906,202.293490852143,45,252,3559.494062373,35252,11,49716,9555790,3508655,141190,40899,1730,1145.20916,24035.444391873,210514,223118,317238,371342,16668,675759,781298,84968,19330.7411695,4570947,53,69.51,55.97,100.38,NA
2021-2022,March,31,UTTAR PRADESH,3161,VARANASI,2308051,203.844148435228,35,151,1112.936126661,8162,1,21779,2341331,919723,65562,16183,914,442.07352,6327.675885661,66250,87931,103701,179086,2263,206350,319201,29941,4772.666239,1108390,58,50.07,32.62,102.09,NA
2021-2022,Aug,31,UTTAR PRADESH,3114,MUZAFFARNAGAR,572177,186.171302516654,27,30,227.246848575,2280,0,4207,569367,187464,17995,516,120,15.11468,1302.359488575,20548,22179,47571,56037,334,126299,150906,6487,1059.99796,201304,26,58.23,66.42,102.51,NA
2021-2022,Aug,31,UTTAR PRADESH,3117,BULANDSHAHR,411446,173.897830950297,15,25,71.239966466,1460,2,8482,411240,88171,14243,88,53,3.71832,790.095726466,27281,29143,55607,65571,67,143785,174362,9942,715.13744,104661,18,65.11,77.24,101.59,NA
2021-2022,Aug,31,UTTAR PRADESH,3118,ALIGARH,1605980,180.813373142879,17,168,673.504828035,2336,3,21333,1605980,420913,54899,2412,300,65.95665,3643.288088035,92934,103472,159362,209272,76,292958,379609,23669,2903.82661,361695,23,86.41,88.57,100.23,NA
2021-2022,Aug,31,UTTAR PRADESH,3120,AGRA,1805269,183.821505216046,25,134,855.972882636,1531,5,16039,1797722,596839,55330,14330,1289,104.4718,4265.044322636,70873,87260,118924,175204,192,221586,308930,17570,3304.59964,564302,38,87.67,80.78,103.27,NA
2021-2022,Aug,31,UTTAR PRADESH,3128,KHERI,4377866,182.22905284939,25,491,689.65623022,7716,1,81255,4376569,1539800,190738,74282,9196,208.49002,8873.52648622,174447,221415,354317,543313,860,689336,978898,88971,7975.380236,1265644,75,85.92,58.56,100.41,NA
2021-2022,Aug,31,UTTAR PRADESH,3132,LUCKNOW,1061392,183.20111835008,26,100,613.73828359,3108,5,10378,1061385,676646,96046,2663,402,93.50065,2651.70812359,40242,49941,91127,147730,49,211817,325390,13486,1944.46919,358067,65,70.53,50.93,103.19,NA
2021-2022,Aug,31,UTTAR PRADESH,3135,ETAWAH,1236293,179.079251399965,24,62,496.520428043,2614,0,17524,1236281,441392,52467,2386,215,64.31722,2774.760408043,50514,55752,104644,139574,215,202828,264683,20138,2213.92276,272624,33,53.84,72.34,109.34,NA
2021-2022,Aug,31,UTTAR PRADESH,3141,HAMIRPUR,1453481,176.743224025632,28,70,103.512996309,3088,0,20769,1453481,393481,54745,702,115,80.70581,2753.147986309,50318,73771,116526,210439,414,212301,391826,23857,2568.92918,593714,62,78.22,73.01,106.63,NA
2021-2022,Aug,31,UTTAR PRADESH,3144,PRATAPGARH,3312518,170.061940258164,28,65,752.899526697,3133,47,63699,3311147,1418138,145972,12938,808,214.12714,6598.027499697,116360,129316,271295,340722,153,596842,746866,66832,5631.000833,1593730,63,67.87,44.28,106.44,NA
2021-2022,Aug,31,UTTAR PRADESH,3147,GONDA,1707304,180.752598715795,27,93,1187.003642475,5386,136,39216,1705958,429969,57693,4862,629,203.81945,4474.386510475,61145,67686,222685,267905,95,464782,546825,44602,3083.563418,764249,58,74.88,40.99,103.71,NA
2021-2022,Aug,31,UTTAR PRADESH,3151,SIDDHARTH NAGAR,3277323,195.897091460279,23,101,8062.513414671,6120,1,37517,3274908,650971,75584,3227,343,255.13991,14733.102844671,140632,153827,307581,383767,441,521567,648383,43637,6415.44952,1608070,44,58.48,59.01,100.53,NA
2021-2022,Aug,31,UTTAR PRADESH,3152,MAHARAJGANJ,2272886,198.166018646884,20,346,1864.886888964,6844,1,28334,2272873,501489,96585,10794,2515,162.52363,6531.472451964,109777,128878,273505,432176,244,419529,666328,35178,4504.061933,920182,45,69.41,67.06,103.54,NA
2021-2022,Aug,31,UTTAR PRADESH,3154,GORAKHPUR,2760171,189.918466008724,23,119,331.785950853,2230,42,49465,2760120,751130,91446,7148,873,216.04264,5789.806154853,115296,125134,246905,329937,59,519964,660628,51695,5241.977564,1161444,63,83.81,66.55,102.89,NA
2021-2022,Aug,31,UTTAR PRADESH,3157,AZAMGARH,4015989,177.962996869041,25,162,2617.026485015,7715,9,46271,4012828,1448913,159115,11170,894,271.92175,10030.297203015,158730,171277,339504,410655,297,713218,834968,53986,7141.348968,1694795,59,67.04,67.17,101.92,NA
2021-2022,Aug,31,UTTAR PRADESH,3160,GHAZIPUR,2944161,165.588545292141,23,150,386.651897151,4829,3,48683,2942144,804582,110222,23525,2941,195.0949,5453.600247151,122721,141607,276173,406529,149,534987,755176,53512,4871.85345,1170073,66,78.53,64.37,106.28,NA
2021-2022,Aug,31,UTTAR PRADESH,3169,AURAIYA,797007,176.780841254639,21,35,320.074216246,936,1,13838,796691,371005,59513,3800,576,76.28504,1804.756308246,37358,42202,91996,129825,48,169020,228316,14774,1408.397052,199366,39,63.3,70.16,105.08,NA
2021-2022,Aug,31,UTTAR PRADESH,3182,HAPUR,112526,198.501050083651,23,3,23.187043535,256,8,999,112372,50308,4808,119,8,2.47468,248.721323535,4839,5276,10549,11827,0,19604,22108,1255,223.0596,42032,22,25.66,50.24,100.68,NA
2021-2022,Oct,31,UTTAR PRADESH,3115,MEERUT,620455,192.809722445625,34,23,134.604286472,775,3,4467,620455,275958,17042,2281,212,4.87402,1335.775869872,17903,20021,31484,38887,251,74216,89354,5242,1196.2975634,228325,25,68.56,77.43,103.11,NA
2021-2022,Oct,31,UTTAR PRADESH,3117,BULANDSHAHR,547177,187.676489845785,17,36,77.476566466,1586,2,8688,546768,112722,14315,123,53,6.76984,1110.401396466,31921,34145,56195,66184,206,144501,174879,10274,1026.15499,136372,17,67.82,79.18,102.98,NA
2021-2022,Oct,31,UTTAR PRADESH,3118,ALIGARH,2307766,191.750007149772,22,205,705.888770835,2776,2,22604,2307766,592586,55112,3273,305,110.54855,5241.578790835,104241,117022,160165,210297,520,294698,381710,25380,4425.14147,515761,23,87.04,89.93,100.3,NA
2021-2022,Oct,31,UTTAR PRADESH,3124,BUDAUN,2513894,190.597920087051,26,364,930.58028489,2835,1,19111,2505201,482579,47086,1784,167,318.50473,6023.94601489,93562,102058,170962,221627,818,340517,439176,21946,4774.861,530061,19,68.65,71.72,102.25,NA
2021-2022,May,31,UTTAR PRADESH,3110,MORADABAD,221694,120.97884730546,18,32,0,1676,246,12445,212077,48090,39826,153,123,0,256.56831,11512,13627,122929,179029,0,216511,302765,14121,256.56831,79063,47,68.95,15.35,107.23,NA
2021-2022,May,31,UTTAR PRADESH,3114,MUZAFFARNAGAR,127882,149.218780327458,20,3,0,553,148,4093,127772,44025,16413,110,116,0,190.65982,6123,6597,42225,50219,1,115589,139346,4646,190.65982,56648,31,68.11,54.53,105.02,NA
2021-2022,May,31,UTTAR PRADESH,3117,BULANDSHAHR,65271,146.175363873142,16,7,0,791,44,7753,65270,13473,13526,4,53,0,95.40866,4019,4454,50115,59837,0,133815,164336,8544,95.40866,23789,16,48.1,30.29,99.57,NA
2021-2022,May,31,UTTAR PRADESH,3118,ALIGARH,141753,164.048034256771,12,14,0,1547,98,19169,141753,40017,52055,272,247,0,232.54301,11695,12807,146574,192966,0,269912,351185,20716,232.54301,46698,23,67.51,40.75,100.06,NA
2021-2022,May,31,UTTAR PRADESH,3119,MATHURA,117976,114.896521326371,15,4,0,1212,337,16777,117976,32639,49991,194,423,0,135.55032,7693,9324,95974,150272,0,190855,296343,17989,135.55032,40632,12,44.77,44.58,114.64,NA
2021-2022,May,31,UTTAR PRADESH,3121,FIROZABAD,259811,141.388022496929,19,17,0,121,140,15992,260480,93465,39915,217,120,0,368.287521,13456,14503,89767,109302,0,215325,265135,16113,368.287521,104003,32,71.68,54.2,99.31,NA
2021-2022,May,31,UTTAR PRADESH,3126,PILIBHIT,327929,175.808906783797,22,40,0,2468,93,18714,327840,66158,52069,779,567,0,576.37192,14327,19304,170151,269842,0,316553,466385,21182,576.37192,116751,56,57.25,14.82,103.75,NA
2021-2022,May,31,UTTAR PRADESH,3127,SHAHJAHANPUR,371087,172.786911685013,23,37,0,1357,156,23636,370911,108518,83622,231,188,0,640.885662,16058,20664,193561,287343,2,394362,564135,24993,640.885662,144794,49,75.12,17.99,106.47,NA
2021-2022,May,31,UTTAR PRADESH,3128,KHERI,749571,122.072001387953,19,93,0,1468,138,65889,749305,274433,188426,6618,9114,0.2464,914.93801,39289,49422,347274,534732,0,677039,964729,67357,914.69161,263632,73,84.53,22.42,101.32,NA
2021-2022,May,31,UTTAR PRADESH,3129,SITAPUR,1413870,166.750603010349,21,165,0,1782,13,81504,1413989,561404,317308,3119,1138,0,2357.835184,66003,80154,441448,768578,3,826629,1375592,83286,2357.835184,529843,79,70.69,24.15,106.92,NA
2021-2022,May,31,UTTAR PRADESH,3134,FARRUKHABAD,217451,138.253459400049,16,23,0,467,23,14767,217451,32811,15716,848,144,0,300.63353,13160,14498,81639,100864,3,196787,240697,15234,300.63353,75302,44,52.3,27.83,108.61,NA
2021-2022,May,31,UTTAR PRADESH,3142,BANDA,339814,162.09726293484,21,23,0,442,10,40358,339780,115858,90732,290,234,0,550.77408,15501,19503,165171,325942,13,294698,560339,40800,550.77408,185908,76,70.6,23.37,107.05,NA
2021-2022,May,31,UTTAR PRADESH,3150,SULTANPUR,895428,148.502258996116,30,46,0,2329,9,46580,895442,335873,73133,2758,534,0,1329.751598,29078,31122,190539,241509,4,459911,590434,48909,1329.751598,508653,73,82.3,16.3,102.22,NA
2021-2022,May,31,UTTAR PRADESH,3155,DEORIA,533871,117.563220048781,21,28,0,855,204,27238,533818,142729,47792,16581,5414,0,627.57363,24558,26481,158544,188771,0,311341,370107,28093,627.57363,231344,43,81.18,42.56,100.26,NA
2021-2022,May,31,UTTAR PRADESH,3156,MAU,414118,171.028462549023,23,43,0.0036,504,71,23089,414088,155569,76701,2171,1719,0,708.21194,17790,20322,193436,257317,1,316881,407824,23593,708.20834,230588,68,78.9,26.94,106.91,NA
2021-2022,May,31,UTTAR PRADESH,3157,AZAMGARH,308478,146.250987361641,17,11,0,929,1018,41452,308347,123232,155668,778,872,0,450.960532,17601,19065,325343,395037,1,685324,805661,42381,450.960532,142826,59,48.89,32.2,109.02,NA
2021-2022,May,31,UTTAR PRADESH,3164,GAUTAM BUDDHA NAGAR,49,232.585714285714,24,0,0,1,86,152,49,0,556,0,16,0,0.113967,2,3,1217,1543,0,16768,19349,153,0.113967,28,17,100,0,116.39,NA
2021-2022,May,31,UTTAR PRADESH,3168,KANNAUJ,167737,128.912613198042,23,18,0,1020,117,20970,167737,65490,53286,90,65,0,216.23415,7133,9990,97875,139608,0,193729,261815,21990,216.23415,65216,47,83.21,9.9,127.3,NA
2021-2022,May,31,UTTAR PRADESH,3177,CHITRAKOOT,271474,163.512170594606,24,12,0,2252,11,20979,271474,129322,91735,28,26,0,443.89303,11291,15387,110063,207405,1,167231,310033,23231,443.89303,118272,67,57.56,23.7,100.11,NA
2021-2022,Oct,31,UTTAR PRADESH,3125,BAREILLY,2709793,192.501880770967,23,581,711.883270202,4931,0,26068,2709793,575783,71872,2933,231,346.12085,6274.406610202,115929,139658,215248,325828,934,346039,501961,30999,5216.40249,588630,40,55.6,58.34,102.18,NA
2021-2022,Oct,31,UTTAR PRADESH,3126,PILIBHIT,1862386,191.680882961269,20,258,2316.78547381,8183,1,20549,1861418,368791,52289,4200,567,245.39739,6130.16532181,88920,112081,171176,271147,728,316816,465994,28732,3567.982458,476541,57,61.3,43.15,101.21,NA
2021-2022,Oct,31,UTTAR PRADESH,3131,UNNAO,3495074,196.303711854683,35,158,399.835089659,16181,0,24612,3487879,1193239,95512,6225,570,331.68093,7578.351961659,98749,116361,201902,275734,1890,439268,566520,40793,6846.835942,1170960,59,84.12,64.74,100.3,NA
2021-2022,Oct,31,UTTAR PRADESH,3136,KANPUR DEHAT,1824817,195.099961802924,28,211,309.138245535,3325,1,24148,1824747,709624,59749,10104,987,158.38802,4027.606965535,63567,76000,107319,155661,534,272852,404337,27473,3560.0807,498173,51,76.12,68.46,104.6,NA
2021-2022,Oct,31,UTTAR PRADESH,3141,HAMIRPUR,2229324,179.841357738938,36,93,218.477817563,3850,0,21073,2229324,587258,54871,934,115,122.75313,4350.477497563,61890,91481,116828,210930,1524,212753,392408,24923,4009.24655,897753,62,81.34,76.13,107.26,NA
2021-2022,Oct,31,UTTAR PRADESH,3143,FATEHPUR,3173866,188.889159677842,34,143,985.63659556,3379,2,51043,3174592,1312834,106409,2365,129,253.36737,7235.46411756,92703,105034,179757,246030,1176,393526,515952,54422,5996.460152,1393087,70,70.05,61.8,101.38,NA
2021-2022,Oct,31,UTTAR PRADESH,3146,BAHRAICH,6230302,192.601647011003,36,135,1883.271377456,10855,2,46507,6229163,1003734,81206,49048,3389,470.21215,14350.954060456,171072,204515,320787,461033,4608,666454,889363,57362,11997.470533,2552578,81,66.24,43.89,100.15,NA
2021-2022,Oct,31,UTTAR PRADESH,3147,GONDA,2334006,186.383861270368,31,120,1208.137307675,6785,19,39387,2332191,573081,58178,7049,641,332.14804,5887.112985675,74552,82449,225221,270756,580,471133,553690,46172,4346.827638,1012011,57,72.05,44,103.21,NA
2021-2022,Oct,31,UTTAR PRADESH,3150,SULTANPUR,4178088,182.473090291331,37,178,2757.520262807,17499,4,48881,4175794,1474106,74482,14792,551,275.92375,10653.144368807,110708,127757,195841,247361,2420,464226,594417,66380,7619.700356,1993832,74,69.4,36.81,102.76,NA
2021-2022,Oct,31,UTTAR PRADESH,3165,BAGHPAT,36028,188.047407571889,21,2,4.9130438,61,10,1487,36028,9849,2795,111,19,2.89308,75.5558438,1667,1910,6232,8946,10,35412,48483,1548,67.74972,9694,10,36.47,58.27,117.75,NA
2021-2022,Oct,31,UTTAR PRADESH,3176,SHRAVASTI,1432175,187.391664316214,31,118,167.903929766,2253,0,13903,1432348,451224,51339,13640,1243,72.80819,2924.812875766,45481,56758,96062,161554,826,170023,270198,16156,2684.100756,518837,63,82.41,66.38,103.44,NA
2021-2022,Oct,31,UTTAR PRADESH,3180,KASHGANJ,1755382,191.068940428141,28,149,770.602223717001,3770,0,7013,1755124,334071,30269,1450,91,126.51212,4250.611173717,61202,72449,92974,153178,1069,164037,250217,10783,3353.49683,427050,18,65.73,78.23,101.5,NA
2021-2022,April,31,UTTAR PRADESH,3110,MORADABAD,116492,152.033437070938,20,20,0,1216,304,12718,109250,26990,39528,60,117,0,166.09653,5299,6523,120861,176301,0,213436,298913,13934,166.09653,45871,47,70.22,13.39,112.92,NA
2021-2022,April,31,UTTAR PRADESH,3112,SAHARANPUR,29605,299.181624725553,14,5,0.702,192,567,17868,29605,12471,72043,58,310,0,89.27472,1982,2348,101615,150926,0,164303,232484,18060,88.57272,13391,34,46.64,47.75,115.76,NA
2021-2022,April,31,UTTAR PRADESH,3118,ALIGARH,69168,213.147698357622,12,8,0,1233,309,19173,69168,19180,51928,101,242,0,147.43,5508,6059,145796,192085,0,268465,349639,20406,147.43,23549,23,61.48,41.32,100,NA
2021-2022,April,31,UTTAR PRADESH,3122,ETAH,47264,203.792717501693,20,1,0,342,164,12818,47264,9420,31939,56,47,0,96.32059,2300,2429,95819,133495,0,223768,310824,13160,96.32059,27547,43,73.61,13.61,134.87,NA
2021-2022,April,31,UTTAR PRADESH,3123,MAINPURI,110616,210.925239593373,16,9,0,774,161,17766,109978,35696,53045,151,304,0,231.97136,6489,7243,122585,174870,0,204865,280476,18540,231.97136,36041,32,79.41,57.28,125.63,NA
2021-2022,April,31,UTTAR PRADESH,3125,BAREILLY,139541,154.973871478634,19,27,0,967,516,22833,139541,37044,71332,133,216,0,216.25209,7015,8707,207534,316293,0,335402,490144,23800,216.25209,53372,41,73.11,35.61,103.43,NA
2021-2022,April,31,UTTAR PRADESH,3129,SITAPUR,822065,157.624759909839,17,132,0,360,64,81294,822087,325176,316572,1710,1137,0,1295.81266,46531,56059,439003,765430,0,822088,1370702,81654,1295.81266,308294,79,69.99,26.57,111.09,NA
2021-2022,April,31,UTTAR PRADESH,3132,LUCKNOW,141925,126.163689272503,25,16,0,339,44,8865,141925,85887,94152,330,388,0.3696,179.427416,5671,7760,87986,143928,0,207042,320234,9204,179.057816,68237,61,69.62,9.5,111.8,NA
2021-2022,April,31,UTTAR PRADESH,3141,HAMIRPUR,178992,100.79962232949,24,9,0,582,28,18246,178992,58792,53690,124,113,0,180.42326,7354,10693,113023,204956,0,206325,382686,18828,180.42326,81754,57,71.42,34.09,121.02,NA
2021-2022,April,31,UTTAR PRADESH,3149,AYODHYA,250042,175.828248854193,14,23,0.0045,445,122,24239,250042,102477,106492,561,475,0,439.64897,16688,18232,177674,280931,0,285171,423224,24684,439.64447,118909,63,69.45,38.51,107.8,NA
2021-2022,April,31,UTTAR PRADESH,3152,MAHARAJGANJ,265510,185.572332492185,18,67,0,1203,418,28191,265510,60387,96028,492,2490,0,492.7131,14713,16921,268273,425430,0,411164,660092,29394,492.7131,119166,50,33.33,24.48,102.9,NA
2021-2022,April,31,UTTAR PRADESH,3162,MIRZAPUR,225653,194.43657296823,16,15,0,2629,55,34312,225653,112365,147077,2527,3546,0,438.75196,13378,17494,196681,333796,0,390661,629243,36941,438.75196,104029,67,82.85,41.44,100.76,NA
2021-2022,April,31,UTTAR PRADESH,3163,SONBHADRA,448196,173.383094324965,18,60,0,917,21,26084,447962,142078,117272,123948,106680,0,776.690377,24367,31212,213479,378594,0,378841,743553,27001,776.690377,225913,70,92.23,47.09,100.7,NA
2021-2022,April,31,UTTAR PRADESH,3177,CHITRAKOOT,154000,133.986428571429,23,7,0,515,79,21651,154000,74282,91487,0,26,0,206.3391,6609,9051,109326,206350,0,166188,309170,22166,206.3391,67929,68,49.45,18.55,100.08,NA
2021-2022,April,31,UTTAR PRADESH,3178,AMBEDKAR NAGAR,195519,193.832758197413,17,13,0,361,91,32434,195519,80339,110790,307,672,0,378.9798705,11172,13087,170081,266438,0,341061,507234,32795,378.9798705,101839,57,56.41,19.15,102.77,NA
2021-2022,April,31,UTTAR PRADESH,3181,AMETHI,228293,157.630036838624,19,17,0,722,62,38117,228293,68788,70984,708,661,0,359.85834,11450,14338,157856,241223,0,302714,437157,38839,359.85834,95131,67,70.23,25.57,102.47,NA
2021-2022,April,31,UTTAR PRADESH,3183,SHAMLI,13878,152.57563242127,17,0,0,79,104,4235,13559,1928,3786,16,26,0,20.68773,756,964,21438,25949,0,52887,63047,4314,20.68773,5949,24,81.75,38.5,104.92,NA
2021-2022,July,31,UTTAR PRADESH,3110,MORADABAD,1261772,161.428375494956,20,138,45.147476925,2464,73,15001,1237737,262345,40362,1289,133,113.17359,2156.379798925,60303,69370,127433,184642,40,224207,311920,17465,1998.058732,322882,45,82.17,73.61,101.8,NA
2021-2022,July,31,UTTAR PRADESH,3111,RAMPUR,1329139,184.626425555998,20,92,62.978020925,1609,7,15837,1323431,244284,33047,1932,198,90.56758,2596.948950925,65962,72573,119919,155591,45,247098,310603,17446,2443.40335,266041,34,72.39,68.69,111.02,NA
2021-2022,July,31,UTTAR PRADESH,3120,AGRA,1504658,161.800759870308,22,128,30.17514,964,7,16045,1498940,504950,55243,12736,1289,33.31181,2488.78326,66134,81087,118463,174510,45,220796,307738,17009,2425.29631,476478,38,86.37,77.78,103.51,NA
2021-2022,July,31,UTTAR PRADESH,3123,MAINPURI,1431241,167.832213194684,24,83,60.629559613,3033,10,21722,1430561,423235,54985,2984,358,44.77731,2506.349057013,58802,66357,132046,186314,186,221822,300085,24755,2400.9421874,338098,32,79.14,82.61,105.44,NA
2021-2022,July,31,UTTAR PRADESH,3127,SHAHJAHANPUR,1424370,163.804022068508,18,165,180.28525753,4363,6,24520,1424292,387312,84269,834,190,75.15442,2588.48725953,77258,91611,198313,292857,55,401201,571155,28883,2333.047582,345448,51,71.45,50.08,105.8,NA
2021-2022,July,31,UTTAR PRADESH,3131,UNNAO,2093932,183.352850143515,26,130,59.03433859,9788,0,28071,2091421,721767,95276,3834,570,86.12819,3979.84254059,80292,93058,201357,275058,87,438944,567004,37859,3834.680012,717174,59,86.48,60.08,100.43,NA
2021-2022,July,31,UTTAR PRADESH,3139,JHANSI,2021158,159.464653229126,32,183,67.81401676,2152,0,23834,2021104,760578,87791,21736,2056,71.01444,3361.77494176,61537,92496,133665,246132,354,232070,438642,25986,3222.946485,812480,59,86.64,62.98,102.66,NA
2021-2022,July,31,UTTAR PRADESH,3140,LALITPUR,1708036,161.747505321902,26,107,26.162240133,540,0,28583,1708036,436946,62407,181838,19895,49.40258,2838.270440133,65631,92692,142482,258081,155,211000,381570,29123,2762.70562,706867,63,87.91,68.44,102.82,NA
2021-2022,July,31,UTTAR PRADESH,3150,SULTANPUR,2276019,160.506009155226,29,113,73.9846595,7300,5,50731,2276077,796048,74149,6198,535,136.66686,3863.8918775,77226,85347,194463,245873,50,468303,600938,58031,3653.240358,1108051,74,78.53,36.54,102.58,NA
2021-2022,July,31,UTTAR PRADESH,3151,SIDDHARTH NAGAR,2909601,186.979807745552,22,89,444.516589331,5604,9,37226,2907501,586017,75543,2747,342,179.68027,6060.636639331,128023,140031,307158,383311,142,519868,646632,42830,5436.43978,1429788,45,75.3,71.2,100.55,NA
2021-2022,July,31,UTTAR PRADESH,3155,DEORIA,1895370,174.050808802072,25,71,30.12814,2285,6,28698,1894963,468654,48357,56035,5552,168.90976,3497.236328,74411,79128,163014,193753,30,318852,378143,30983,3298.198428,690284,42,89.87,78.6,99.88,NA
2021-2022,July,31,UTTAR PRADESH,3164,GAUTAM BUDDHA NAGAR,3887,155.692745047595,14,0,0,3,40,187,3887,1259,574,91,18,0,6.051777,264,277,1317,1645,0,16894,19477,190,6.051777,462,14,3.05,96.4,116.12,NA
2021-2022,July,31,UTTAR PRADESH,3177,CHITRAKOOT,1134583,157.187425512281,25,56,63.45925417,3134,1,22752,1134583,519260,93192,270,32,46.61633,1893.49739217,44858,64356,112811,211630,105,171240,315758,25886,1783.421808,495875,68,69.47,56.19,100.19,NA
2021-2022,Sep,31,UTTAR PRADESH,3109,BIJNOR,2247990,182.194831397087,16,246,987.993251430999,6676,5,22413,2247648,918410,129216,6568,736,172.97714,5256.068875431,133910,163021,198917,302526,475,303396,445137,29089,4095.098484,619166,35,64.68,67.53,104.43,NA
2021-2022,Sep,31,UTTAR PRADESH,3111,RAMPUR,1848805,195.437052595901,24,99,1006.921839702,2152,5,16555,1841037,334055,33207,2559,198,147.03467,4752.024959702,75543,83595,121078,156909,476,248989,312596,18707,3598.06845,365180,34,56.68,55.36,108.57,NA
2021-2022,Sep,31,UTTAR PRADESH,3125,BAREILLY,2381555,189.43989830174,21,518,709.515110202,4514,0,25915,2381555,507264,71856,2493,228,231.53562,5452.666100202,111066,133163,215097,325646,492,346032,502065,30429,4511.61537,524171,40,60.58,63.48,102.15,NA
2021-2022,Sep,31,UTTAR PRADESH,3132,LUCKNOW,1303036,188.601786299461,29,104,635.304616351,3509,5,10228,1303029,830015,96187,3298,405,121.41647,3214.257056351,44227,55289,91346,148020,220,212244,325812,13737,2457.53597,435322,65,70.59,51.37,103.14,NA
2021-2022,Sep,31,UTTAR PRADESH,3137,KANPUR NAGAR,930341,185.012532994973,23,114,111.521829749,1751,0,15339,930369,363245,44225,14620,1669,114.58001,1947.401092849,39051,46148,72157,108579,114,213495,318745,17090,1721.2992531,227686,46,65.25,60.83,105.01,NA
2021-2022,Sep,31,UTTAR PRADESH,3142,BANDA,2450284,185.983178153765,31,53,823.369268041,3211,1,46533,2449850,721929,91270,2019,240,86.34517,5466.023328041,77377,109626,166727,328157,769,296717,562514,49744,4556.30889,1173025,78,80.2,53.08,101.16,NA
2021-2022,Sep,31,UTTAR PRADESH,3145,PRAYAGRAJ,4119409,188.135523698447,29,246,2643.941983685,6992,24,93016,4117274,2075280,221245,4221,331,308.5091,10698.506085685,140720,181894,295099,458937,918,572602,834469,100008,7746.055002,1886647,77,72.87,38.93,102.9,NA
2021-2022,Sep,31,UTTAR PRADESH,3146,BAHRAICH,5540705,193.527810060658,33,132,1882.401377456,8141,2,48242,5539916,905736,81173,42055,3389,304.71059,12908.390081456,164165,195427,320342,460526,2914,664909,888458,56383,10721.278114,2262565,81,71.44,48.04,100.12,NA
2021-2022,Sep,31,UTTAR PRADESH,3150,SULTANPUR,3488926,181.7022138122,33,148,2751.728622807,13362,4,51842,3488959,1216496,74350,11327,551,224.70166,9315.946024807,103342,116970,195424,246905,844,470194,602143,65204,6339.515742,1668322,74,72.34,39.16,102.37,NA
2021-2022,Sep,31,UTTAR PRADESH,3151,SIDDHARTH NAGAR,3555045,197.118155553078,24,103,8525.163597971,6730,1,37477,3552588,706782,75608,3518,343,321.81278,15849.772317971,146140,159910,307687,383882,747,519980,646216,44207,7002.79594,1738057,44,49,50.74,100.46,NA
2021-2022,Sep,31,UTTAR PRADESH,3152,MAHARAJGANJ,2522050,202.35453020713,22,352,1923.933620203,7656,1,28376,2522037,560995,96609,12126,2515,261.01707,7288.406813203,111778,131669,273645,432383,484,419612,665560,36032,5103.456123,1015444,44,68.07,66.27,103.27,NA
2021-2022,Sep,31,UTTAR PRADESH,3163,SONBHADRA,3020209,187.764674038367,28,227,896.754867567,5784,1,34083,3020018,991556,118515,846472,107587,241.88608,6809.167901167,105220,145735,215629,382070,1203,380067,735249,39867,5670.5269536,1500822,75,82.91,58.08,100.54,NA
2021-2022,Sep,31,UTTAR PRADESH,3167,AMROHA,1849892,186.020387060434,24,125,655.38871213,3640,3,10336,1849892,472892,52744,557,83,188.75958,4285.32455073,76848,93159,122327,191255,716,187756,292482,13976,3441.1762586,411017,22,86.13,85.12,100.09,NA
2021-2022,Sep,31,UTTAR PRADESH,3179,MAHOBA,978411,185.293925944128,33,42,147.855482342,1415,1,15401,976695,301503,34827,1323,171,61.29803,2018.910022342,28926,45707,59470,121735,490,121315,291322,16816,1809.75651,397518,64,90.26,64.47,101.95,NA
2021-2022,Sep,31,UTTAR PRADESH,3182,HAPUR,121029,190.520289555326,24,3,23.187043535,265,8,1072,120875,54462,4845,119,8,2.47468,255.953123535,4924,5371,10647,11930,11,19810,22320,1337,230.2914,45750,24,25.98,48.97,102.27,NA
2021-2022,Sep,31,UTTAR PRADESH,3184,SAMBHAL,1394453,180.412195421244,21,163,291.239307651,1499,114,19034,1434276,424551,49186,1150,98,176.24283,3055.090957651,65960,76127,111310,153465,232,226751,298306,20533,2587.60882,384291,34,81.92,75.06,103.1,NA
2021-2022,Dec,31,UTTAR PRADESH,3114,MUZAFFARNAGAR,1022860,191.6535630305,37,40,366.455264421,3785,0,4115,1016730,320674,18264,1014,120,39.97793,2355.032465821,26799,29083,49070,57709,1885,129420,154331,7900,1948.5992714,346149,22,66.4,71.17,102.93,NA
2021-2022,Dec,31,UTTAR PRADESH,3116,GHAZIABAD,62,204,12,0,0,4,160,17,216,28,20,0,0,0,0.44064,18,21,112,122,0,17909,26201,21,0.44064,165,38,41.2,71.3,108,NA
2021-2022,Dec,31,UTTAR PRADESH,3118,ALIGARH,3035420,193.063582272124,27,221,1040.551230341,3350,2,23304,3034588,771133,55150,4332,305,158.77324,7058.008770341,112045,126531,160315,210466,2124,295257,382198,26654,5858.6843,675543,23,86.52,88.5,100.44,NA
2021-2022,Dec,31,UTTAR PRADESH,3120,AGRA,2806097,193.079714408628,34,155,1073.190130637,2903,5,16512,2794062,890636,55412,21865,1290,307.60448,6775.561540637,80997,100986,119254,175694,3162,222128,309779,19415,5394.76693,888380,38,85.28,79.38,103.34,NA
2021-2022,Dec,31,UTTAR PRADESH,3122,ETAH,2358306,190.261849414181,38,68,800.605462176001,3536,3,15187,2356530,440677,32593,591,47,312.48138,5596.664402176,61844,70646,101968,142200,1926,233888,325036,18723,4483.57756,694032,37,74.04,63.32,107.76,NA
2021-2022,Dec,31,UTTAR PRADESH,3128,KHERI,7865348,190.946093913974,37,596,1618.758616102,24365,1,72489,7862323,2742033,190972,138511,9207,608.60471,17240.161985502,209626,276692,355092,544276,9928,689748,977655,96854,15012.7986594,2409986,74,75.46,43.97,100.85,NA
2021-2022,Dec,31,UTTAR PRADESH,3129,SITAPUR,11289356,189.542329606567,43,646,7607.005991619,40410,2,68940,11298088,4259513,321636,18837,1163,856.34552,29878.010707819,262341,349086,454391,785395,15277,850120,1402093,109350,21414.6591962,3758471,79,68.27,36.82,104.77,NA
2021-2022,Dec,31,UTTAR PRADESH,3130,HARDOI,6835140,192.835889015729,39,191,3935.51769116901,10918,0,45527,6828355,2517920,150659,11098,476,650.48867,17753.525430569,174789,191276,308370,398929,6457,698474,882914,56445,13167.5190694,1388969,40,68.16,67.16,104.01,NA
2021-2022,Dec,31,UTTAR PRADESH,3133,RAE BARELI,5034400,192.375767831587,35,232,2053.356197436,20534,1,45599,5034535,1728465,136209,16150,1084,548.10186,12286.683420436,142967,182310,239387,404413,4077,398511,632312,66133,9685.225363,1946478,59,65.78,48.22,100.55,NA
2021-2022,Dec,31,UTTAR PRADESH,3134,FARRUKHABAD,2311571,192.496865149498,37,130,1639.647843095,3289,4,16752,2310796,318073,16308,4825,152,231.77146,6319.629163095,61848,68504,86618,106173,2803,196339,236896,20041,4448.20986,503031,44,67.69,59.89,105.95,NA
2021-2022,Dec,31,UTTAR PRADESH,3136,KANPUR DEHAT,2286662,194.264057262555,33,225,445.063887231,4408,1,23620,2286241,888480,59829,12633,988,215.93669,5102.345102631,69209,83349,107650,156024,1790,272934,403696,28028,4441.3445254,615444,50,73.6,65.89,105.65,NA
2021-2022,Dec,31,UTTAR PRADESH,3138,JALAUN,5351670,184.568871106426,44,381,3572.487920215,7352,1,28957,5349840,1695497,99857,5779,434,351.97231,13798.599524215,120233,176261,164212,295465,8853,271537,519737,36309,9874.139294,1897169,48,59.45,57.85,100.92,NA
2021-2022,Dec,31,UTTAR PRADESH,3140,LALITPUR,4036128,192.119483243458,43,170,1941.978586333,1376,0,30291,4037259,992951,62750,462981,19991,247.47011,9945.809824333,92590,138618,143605,259881,10518,211751,381696,31667,7756.361128,1655165,63,85.03,63.29,101.48,NA
2021-2022,Dec,31,UTTAR PRADESH,3146,BAHRAICH,8777663,189.056102459992,44,153,4829.715523394,21809,2,36312,8775679,1411510,81219,70193,3389,705.99465,22126.666855194,195018,237629,320953,461226,13763,665880,886049,58121,16590.9566818,3566774,81,63.24,43.35,100.1,NA
2021-2022,Dec,31,UTTAR PRADESH,3147,GONDA,3851139,176.359899580067,36,163,1695.867292496,11719,8,36118,3847045,905398,58368,11075,641,597.04344,9077.555431296,105539,116466,226744,272460,3264,476079,558825,47837,6784.6446988,1612080,56,76.53,51.23,102.43,NA
2021-2022,Dec,31,UTTAR PRADESH,3153,BASTI,7513458,173.021948638715,39,163,5757.80745192699,10178,12,54139,7500046,1555124,98383,3391,227,514.93353,19249.466719927,190956,222689,312701,432499,6572,554553,752008,64317,12976.725738,3456973,53,79.67,68.41,108.08,NA
2021-2022,Dec,31,UTTAR PRADESH,3154,GORAKHPUR,4933202,176.724070566461,35,159,849.171302512,4232,40,51166,4924209,1341478,91497,12143,882,535.46951,10086.903400512,137876,152111,247216,330269,4057,517980,657128,55398,8702.262588,2133600,62,78.21,58.24,102.42,NA
2021-2022,Dec,31,UTTAR PRADESH,3159,BALLIA,3139131,170.959778785398,33,153,755.872660255,7066,4,41942,3127280,524606,44872,82407,6053,489.606,6591.869630255,93530,106254,196657,271786,1733,418263,539818,49008,5346.39097,1378434,56,74.86,53.65,104.42,NA
2021-2022,Dec,31,UTTAR PRADESH,3168,KANNAUJ,2016140,195.707823603495,32,156,560.528858426001,8195,0,17827,2016820,679926,53582,997,65,240.25079,4747.854176426,62802,76563,100495,142482,2315,196940,264106,26022,3947.074528,482978,47,73.83,49.75,105.99,NA
2021-2022,Dec,31,UTTAR PRADESH,3173,SANT RAVIDAS NAGAR,1714979,190.013319253233,35,57,606.499228615001,5071,1,24763,1711162,759836,49767,5960,430,212.35536,4070.290302615,47784,60460,77218,121142,1016,189782,305733,29834,3251.435714,869486,69,74.96,39.5,106.3,NA
2021-2022,Dec,31,UTTAR PRADESH,3176,SHRAVASTI,2308347,184.516751619915,41,135,355.058834979,4043,0,13003,2308917,719000,51418,19259,1244,175.32437,4790.721850979,55984,72352,96700,162348,3358,170776,270923,17046,4260.338646,842653,61,82.14,66.63,103.02,NA
2021-2022,Dec,31,UTTAR PRADESH,3177,CHITRAKOOT,2909088,193.574318682531,42,85,510.297563909,6316,0,22287,2909033,1358342,93769,715,32,217.04491,6358.483283909,68039,102057,114105,213580,4476,173372,317349,28603,5631.14081,1268501,69,69.23,54.59,100.73,NA
2021-2022,Nov,31,UTTAR PRADESH,3116,GHAZIABAD,62,204,12,0,0,1,160,20,216,28,20,0,0,0,0.44064,18,21,112,122,0,17909,26201,21,0.44064,165,38,41.2,71.3,108,NA
2021-2022,Nov,31,UTTAR PRADESH,3128,KHERI,6847337,186.203626912967,34,562,1618.758616102,16889,1,78313,6844537,2399042,190957,122744,9203,494.38579,14857.920545502,199295,261484,355009,544174,6031,689937,978836,95202,12744.7761394,2117411,75,80.7,47.53,100.8,NA
2021-2022,Nov,31,UTTAR PRADESH,3143,FATEHPUR,3674826,184.70633886127,37,150,1630.493504503,3960,2,51082,3675392,1512310,106427,2759,129,428.55204,8847.727546503,97763,111667,179829,246109,2209,394109,516506,55042,6788.682002,1618440,70,69.32,61.56,101.27,NA
2021-2022,Nov,31,UTTAR PRADESH,3146,BAHRAICH,7410099,182.354724341225,40,147,4829.715523394,13151,2,44622,7408489,1187132,81218,59033,3389,620.10316,18959.548377194,184363,222605,320948,461219,8057,666243,888405,57773,13509.7296938,3018198,81,64.81,43.78,100.13,NA
2021-2022,Nov,31,UTTAR PRADESH,3148,BARABANKI,5116523,180.918320170842,38,184,4382.481799875,15144,0,36681,5116306,1999619,142186,3347,206,456.97849,14095.795159875,132169,163758,242943,353936,5394,527746,745933,51825,9256.33487,1733905,56,54,43.47,99.98,NA
2021-2022,Nov,31,UTTAR PRADESH,3151,SIDDHARTH NAGAR,5648216,172.106112897067,31,134,13007.246754089,7551,0,39149,5640926,1086444,75625,5312,343,527.49953,23243.124754089,181093,199724,307923,384133,3248,521501,647140,46700,9708.37847,2793874,42,44.05,46.48,101.06,NA
2021-2022,Nov,31,UTTAR PRADESH,3152,MAHARAJGANJ,4083056,172.195854147298,30,435,2106.072151598,8639,1,30098,4082996,917101,96644,19760,2515,544.42087,9681.242858598,134548,161351,273952,432771,2429,418978,661586,38737,7030.749837,1676012,41,68.45,68.35,102.01,NA
2021-2022,Nov,31,UTTAR PRADESH,3153,BASTI,6018581,180.242847093013,34,151,5757.80745192699,8354,12,54626,6011465,1261069,98352,2638,227,453.85865,17046.901769927,172286,199751,312368,432103,3444,553729,751652,62980,10835.235668,2753712,54,77.7,66.56,107.48,NA
2021-2022,Nov,31,UTTAR PRADESH,3154,GORAKHPUR,4104544,179.339719824543,31,144,849.171302512,3204,40,51362,4101073,1128295,91497,10401,882,475.0608,8679.084930512,130670,143312,247213,330267,1727,519496,659474,54566,7354.852828,1763583,63,79.13,59.25,102.3,NA
2021-2022,Nov,31,UTTAR PRADESH,3183,SHAMLI,364474,185.802660464001,34,5,26.09907872,1042,0,4501,367154,58515,4166,527,29,6.08641,714.36738872,10641,12300,22797,27602,152,55665,66390,5543,682.1819,103618,20,68.11,75.87,100.65,NA
2021-2022,Feb,31,UTTAR PRADESH,3114,MUZAFFARNAGAR,1154667,197.626761175539,41,40,536.985277832,4533,0,3605,1172024,365799,18273,1155,120,43.37801,2896.596359232,28033,30487,49159,57811,2517,129842,154806,8138,2316.2330714,400018,22,66.02,69.96,104.05,NA
2021-2022,Feb,31,UTTAR PRADESH,3120,AGRA,3030954,199.264072306523,37,156,1474.888955904,3678,5,16487,3076237,970544,55416,23646,1290,436.68191,8041.405985904,82510,103159,119305,175756,4293,221905,309344,20165,6129.83512,979561,37,70.6,65.68,103.47,NA
2021-2022,Feb,31,UTTAR PRADESH,3126,PILIBHIT,3168683,199.7899432477,29,349,3229.322403665,18253,1,12790,3301364,644171,52289,7036,567,418.59017,10243.705835665,113158,145778,171177,271149,4323,314495,461882,31043,6595.793262,762616,54,59.4,46.17,100.82,NA
2021-2022,Feb,31,UTTAR PRADESH,3128,KHERI,8803380,197.031166543937,42,654,2729.360361172,39279,1,59398,9223536,3169244,191008,165545,9207,700.26562,21602.866558572,219082,291210,355154,544352,14959,690644,977801,98677,18173.2405774,2804463,73,71.1,42.22,100.96,NA
2021-2022,Feb,31,UTTAR PRADESH,3135,ETAWAH,2600023,203.196270330797,39,78,801.766418954,6872,0,15700,2634550,931325,52592,4971,215,281.26712,6436.340878954,67499,76816,105243,140263,4556,200947,261019,22572,5353.30734,630147,33,55.67,71.79,105.95,NA
2021-2022,Feb,31,UTTAR PRADESH,3152,MAHARAJGANJ,6086858,195.713535841756,41,512,2228.397454021,13419,0,28190,6487796,1448787,96665,29124,2515,625.5218,15551.414203821,155739,190797,274046,432878,12580,418782,658103,41609,12697.4949498,2710417,39,66.86,66.41,101.57,NA
2021-2022,Feb,31,UTTAR PRADESH,3154,GORAKHPUR,5513474,191.532437027857,40,174,978.98401593,13712,39,42444,5757784,1573812,91498,13824,882,592.55489,12599.56291993,143154,158980,247239,330292,7561,515249,652650,56156,11028.024014,2521619,62,75.52,56.06,102.26,NA
2021-2022,Feb,31,UTTAR PRADESH,3157,AZAMGARH,7768157,197.604247736597,37,222,4057.600117673,18971,2,44487,7917393,2861877,159588,19721,910,890.97573,20593.680725673,209518,228283,341442,412800,5569,706965,824425,63458,15645.104878,3425130,59,58.88,54.01,103.16,NA
2021-2022,Feb,31,UTTAR PRADESH,3168,KANNAUJ,2186636,202.992784754995,34,159,687.175295940001,11017,0,15221,2206467,739641,53582,1045,65,287.23965,5453.38375394,64237,78471,100495,142482,3054,197130,264037,26238,4478.968808,522716,47,71.11,49.54,106.11,NA
2021-2022,Feb,31,UTTAR PRADESH,3172,KUSHI NAGAR,5078292,198.062994192196,39,376,2993.122224919,18712,1,33175,5228482,1494070,106676,10498,630,576.15268,13924.962904919,132442,159367,245007,366926,8593,502849,696608,51887,10355.688,1910814,32,66.68,60.92,103.82,NA
2021-2022,Feb,31,UTTAR PRADESH,3174,SANT KABEER NAGAR,5510472,189.972737617812,41,83,6102.22704335103,9122,28,23135,5777008,1668525,92958,11634,607,381.1576,17458.124893351,139227,160074,208554,285093,6298,391422,545206,32257,10974.74025,3069037,61,65.65,50,102.63,NA
2021-2022,Feb,31,UTTAR PRADESH,3176,SHRAVASTI,2645615,198.855784511355,46,140,495.599351659,7588,0,9977,2760164,857787,51454,21942,1244,192.86863,6177.213757659,59107,77232,96854,162535,6052,171079,271109,17565,5488.745776,1010767,60,79.66,66.61,103.17,NA
2021-2022,Feb,31,UTTAR PRADESH,3179,MAHOBA,1528324,198.910611642577,44,46,612.349315984,4681,1,12599,1564018,476950,34909,2520,171,140.08325,3863.430335984,34986,56750,59687,122070,2360,111524,250695,17280,3110.99777,627425,64,76.93,50.39,102.63,NA
2021-2022,Jan,31,UTTAR PRADESH,3109,BIJNOR,3897772,198.525139631627,25,281,2880.41771354601,10987,4,20855,3893065,1569668,129486,11089,736,400.55512,11009.685560746,152220,189767,199692,303471,4575,304128,444565,31842,7728.7127272,1064242,34,60.59,60.28,103.93,NA
2021-2022,Jan,31,UTTAR PRADESH,3110,MORADABAD,3273135,196.707036102515,35,198,1135.71845786,6066,1,15699,3191966,654257,40779,2857,135,299.24543,7713.78559986,88876,105708,130307,188243,4531,230014,318315,21765,6278.821712,836547,41,73.12,67.7,101.1,NA
2021-2022,Jan,31,UTTAR PRADESH,3120,AGRA,2956796,197.35321875435,36,156,1425.446775904,3356,5,16541,2966629,939296,55414,23219,1290,307.60448,7587.789075904,82018,102445,119265,175710,3817,222257,309892,19897,5854.73782,945467,37,75.6,70.61,103.38,NA
2021-2022,Jan,31,UTTAR PRADESH,3123,MAINPURI,3376026,195.293512306951,41,103,1718.893886441,7745,9,22844,3422050,987093,55495,6689,363,232.99067,8634.926194341,82467,95090,134386,189072,5436,226934,305547,30589,6683.0416379,855019,29,67.94,66.88,106.8,NA
2021-2022,Jan,31,UTTAR PRADESH,3128,KHERI,8569498,194.810750187286,39,640,2692.522721172,30417,1,67820,8620514,2982057,191006,152580,9207,608.60471,20094.815424572,215604,285734,355152,544349,12595,690536,978317,98237,16793.6879934,2624617,73,71.1,42.05,100.94,NA
2021-2022,Jan,31,UTTAR PRADESH,3138,JALAUN,5861152,191.49593378148,47,397,5203.380129337,8282,1,28308,5913391,1848027,99857,6283,434,351.97231,16879.255752937,125381,184920,164278,295561,10178,271758,519704,36590,11323.9033136,2093499,48,56.3,54.89,100.95,NA
2021-2022,Jan,31,UTTAR PRADESH,3139,JHANSI,4466131,196.658391917682,51,245,3207.217629206,10431,0,18498,4457533,1564181,88328,50834,2086,270.473,12243.803346206,86412,133046,134877,248048,9360,233499,437605,28929,8766.112717,1723761,55,58.21,46.44,101.61,NA
2021-2022,Jan,31,UTTAR PRADESH,3140,LALITPUR,4360240,196.07223815967,46,170,1942.841476333,1756,0,30283,4354524,1064340,62764,490183,19991,247.47011,10728.324254333,94606,142196,143658,259956,13290,211752,381365,32039,8538.012668,1771336,63,80.59,60.57,101.79,NA
2021-2022,Jan,31,UTTAR PRADESH,3147,GONDA,4411549,186.938254642786,38,166,1796.235102218,16874,3,31448,4483999,1040713,58395,12733,641,597.04344,10775.588011018,115327,127281,226931,272662,5672,477558,560231,48322,8382.3094688,1865697,56,76.26,53.27,102.49,NA
2021-2022,Jan,31,UTTAR PRADESH,3152,MAHARAJGANJ,5933805,191.1626804457,39,498,2204.399534021,11305,0,29750,5976133,1343519,96662,27674,2515,579.85823,14208.393793821,152156,185750,274038,432870,8838,418996,658898,41055,11424.1360298,2490019,40,68.96,68.11,101.7,NA
2021-2022,Jan,31,UTTAR PRADESH,3154,GORAKHPUR,5372345,190.165200819913,38,166,954.97708593,6418,39,49463,5372276,1456979,91497,13105,882,535.46951,11706.64603993,140819,155798,247216,330269,5852,516620,654693,55881,10216.199444,2331554,62,76.62,57.36,102.47,NA
2021-2022,Jan,31,UTTAR PRADESH,3161,VARANASI,2122690,194.785085270651,33,150,1065.421296661,4712,1,24254,2138309,848086,65561,14959,914,274.78968,5505.317985661,64500,85017,103694,179077,1738,206842,320312,28966,4165.107009,1017730,59,56.59,35.27,101.89,NA
2021-2022,Jan,31,UTTAR PRADESH,3163,SONBHADRA,5412395,195.131081555237,40,288,2533.972527581,12438,1,30355,5396784,1712104,118627,1602362,107684,430.12979,13494.905305981,133722,191080,215854,382432,7791,374931,719417,42793,10530.8029884,2696579,75,82.59,59.65,100.55,NA
2021-2022,Jan,31,UTTAR PRADESH,3169,AURAIYA,1753385,190.677818532213,33,55,458.976362828,1841,0,14143,1753865,802147,59911,8384,576,185.62234,3988.830224828,52091,60056,92843,130975,1423,171205,230586,15984,3344.231522,445010,38,59.93,66.98,104.25,NA
2021-2022,Jan,31,UTTAR PRADESH,3175,BALRAMPUR,3784361,184.721333354412,39,115,2966.72788337499,4875,0,28345,3795390,692490,38094,62033,3565,535.34068,10512.963577375,95585,107105,154888,208793,4972,266488,344978,33220,7010.895014,1348312,46,75.22,69.25,101.31,NA
2021-2022,Jan,31,UTTAR PRADESH,3177,CHITRAKOOT,3143135,195.881418976371,44,88,1251.103697207,7798,0,21066,3134203,1454656,93789,729,32,217.04491,7607.469917207,70259,105731,114149,213654,5560,173431,317337,28864,6139.32131,1364240,69,63.67,51.01,100.85,NA
2021-2022,Jan,31,UTTAR PRADESH,3178,AMBEDKAR NAGAR,4062085,191.978520729753,34,154,1992.583128157,4931,0,38802,4050193,1483312,112387,10544,690,404.94523,10173.028966257,116390,142630,179410,277353,3613,362816,530352,43733,7775.5006081,1651447,52,67.81,47.16,100.56,NA
2021-2022,Jan,31,UTTAR PRADESH,3180,KASHGANJ,2477767,198.732852052371,37,159,2215.813932502,5243,0,7015,2485589,464690,30269,2029,91,211.48328,7366.979122502,67162,80477,93043,153255,4209,164177,250081,12258,4939.68191,607308,18,55.75,66.32,101.25,NA
2021-2022,Jan,31,UTTAR PRADESH,3183,SHAMLI,461694,194.844908908109,39,7,30.99907872,1100,0,4576,470459,74780,4182,581,29,6.98626,954.65074872,11935,13837,22877,27710,512,56019,66852,5676,916.66541,129898,20,69.34,77.83,100.7,NA
