2025-10-29 11:13:10 [main] INFO  c.g.dashboard.JanmanregaApplication - Starting JanmanregaApplication using Java 25 with PID 12644 (C:\Users\aspk1\OneDrive\Desktop\Gov Project\Gov Project\target\classes started by aspk1 in C:\Users\aspk1\OneDrive\Desktop\Gov Project)
2025-10-29 11:13:10 [main] INFO  c.g.dashboard.JanmanregaApplication - No active profile set, falling back to 1 default profile: "default"
2025-10-29 11:13:12 [main] INFO  o.s.d.r.c.RepositoryConfigurationDelegate - Bootstrapping Spring Data JPA repositories in DEFAULT mode.
2025-10-29 11:13:12 [main] INFO  o.s.d.r.c.RepositoryConfigurationDelegate - Finished Spring Data repository scanning in 96 ms. Found 1 JPA repository interface.
2025-10-29 11:13:13 [main] INFO  o.s.b.w.e.tomcat.TomcatWebServer - Tomcat initialized with port 8080 (http)
2025-10-29 11:13:13 [main] INFO  o.a.catalina.core.StandardService - Starting service [Tomcat]
2025-10-29 11:13:13 [main] INFO  o.a.catalina.core.StandardEngine - Starting Servlet engine: [Apache Tomcat/10.1.16]
2025-10-29 11:13:14 [main] INFO  o.a.c.c.C.[Tomcat].[localhost].[/] - Initializing Spring embedded WebApplicationContext
2025-10-29 11:13:14 [main] INFO  o.s.b.w.s.c.ServletWebServerApplicationContext - Root WebApplicationContext: initialization completed in 3290 ms
2025-10-29 11:13:14 [main] INFO  o.h.jpa.internal.util.LogHelper - HHH000204: Processing PersistenceUnitInfo [name: default]
2025-10-29 11:13:14 [main] INFO  org.hibernate.Version - HHH000412: Hibernate ORM core version 6.3.1.Final
2025-10-29 11:13:14 [main] INFO  o.h.c.i.RegionFactoryInitiator - HHH000026: Second-level cache disabled
2025-10-29 11:13:15 [main] INFO  o.s.o.j.p.SpringPersistenceUnitInfo - No LoadTimeWeaver setup: ignoring JPA class transformer
2025-10-29 11:13:15 [main] INFO  com.zaxxer.hikari.HikariDataSource - HikariPool-1 - Starting...
2025-10-29 11:13:16 [main] ERROR com.zaxxer.hikari.pool.HikariPool - HikariPool-1 - Exception during pool initialization.
org.postgresql.util.PSQLException: FATAL: password authentication failed for user "postgres"
	at org.postgresql.core.v3.ConnectionFactoryImpl.doAuthentication(ConnectionFactoryImpl.java:693)
	at org.postgresql.core.v3.ConnectionFactoryImpl.tryConnect(ConnectionFactoryImpl.java:203)
	at org.postgresql.core.v3.ConnectionFactoryImpl.openConnectionImpl(ConnectionFactoryImpl.java:258)
	at org.postgresql.core.ConnectionFactory.openConnection(ConnectionFactory.java:54)
	at org.postgresql.jdbc.PgConnection.<init>(PgConnection.java:263)
	at org.postgresql.Driver.makeConnection(Driver.java:443)
	at org.postgresql.Driver.connect(Driver.java:297)
	at com.zaxxer.hikari.util.DriverDataSource.getConnection(DriverDataSource.java:138)
	at com.zaxxer.hikari.pool.PoolBase.newConnection(PoolBase.java:359)
	at com.zaxxer.hikari.pool.PoolBase.newPoolEntry(PoolBase.java:201)
	at com.zaxxer.hikari.pool.HikariPool.createPoolEntry(HikariPool.java:470)
	at com.zaxxer.hikari.pool.HikariPool.checkFailFast(HikariPool.java:561)
	at com.zaxxer.hikari.pool.HikariPool.<init>(HikariPool.java:100)
	at com.zaxxer.hikari.HikariDataSource.getConnection(HikariDataSource.java:112)
	at org.hibernate.engine.jdbc.connections.internal.DatasourceConnectionProviderImpl.getConnection(DatasourceConnectionProviderImpl.java:122)
	at org.hibernate.engine.jdbc.env.internal.JdbcEnvironmentInitiator$ConnectionProviderJdbcConnectionAccess.obtainConnection(JdbcEnvironmentInitiator.java:424)
	at org.hibernate.resource.transaction.backend.jdbc.internal.JdbcIsolationDelegate.delegateWork(JdbcIsolationDelegate.java:61)
	at org.hibernate.engine.jdbc.env.internal.JdbcEnvironmentInitiator.getJdbcEnvironmentUsingJdbcMetadata(JdbcEnvironmentInitiator.java:273)
	at org.hibernate.engine.jdbc.env.internal.JdbcEnvironmentInitiator.initiateService(JdbcEnvironmentInitiator.java:105)
	at org.hibernate.engine.jdbc.env.internal.JdbcEnvironmentInitiator.initiateService(JdbcEnvironmentInitiator.java:66)
	at org.hibernate.boot.registry.internal.StandardServiceRegistryImpl.initiateService(StandardServiceRegistryImpl.java:129)
	at org.hibernate.service.internal.AbstractServiceRegistryImpl.createService(AbstractServiceRegistryImpl.java:263)
	at org.hibernate.service.internal.AbstractServiceRegistryImpl.initializeService(AbstractServiceRegistryImpl.java:238)
	at org.hibernate.service.internal.AbstractServiceRegistryImpl.getService(AbstractServiceRegistryImpl.java:215)
	at org.hibernate.boot.model.relational.Database.<init>(Database.java:45)
	at org.hibernate.boot.internal.InFlightMetadataCollectorImpl.getDatabase(InFlightMetadataCollectorImpl.java:223)
	at org.hibernate.boot.internal.InFlightMetadataCollectorImpl.<init>(InFlightMetadataCollectorImpl.java:191)
	at org.hibernate.boot.model.process.spi.MetadataBuildingProcess.complete(MetadataBuildingProcess.java:169)
	at org.hibernate.jpa.boot.internal.EntityManagerFactoryBuilderImpl.metadata(EntityManagerFactoryBuilderImpl.java:1432)
	at org.hibernate.jpa.boot.internal.EntityManagerFactoryBuilderImpl.build(EntityManagerFactoryBuilderImpl.java:1503)
	at org.springframework.orm.jpa.vendor.SpringHibernateJpaPersistenceProvider.createContainerEntityManagerFactory(SpringHibernateJpaPersistenceProvider.java:75)
	at org.springframework.orm.jpa.LocalContainerEntityManagerFactoryBean.createNativeEntityManagerFactory(LocalContainerEntityManagerFactoryBean.java:376)
	at org.springframework.orm.jpa.AbstractEntityManagerFactoryBean.buildNativeEntityManagerFactory(AbstractEntityManagerFactoryBean.java:409)
	at org.springframework.orm.jpa.AbstractEntityManagerFactoryBean.afterPropertiesSet(AbstractEntityManagerFactoryBean.java:396)
	at org.springframework.orm.jpa.LocalContainerEntityManagerFactoryBean.afterPropertiesSet(LocalContainerEntityManagerFactoryBean.java:352)
	at org.springframework.beans.factory.support.AbstractAutowireCapableBeanFactory.invokeInitMethods(AbstractAutowireCapableBeanFactory.java:1822)
	at org.springframework.beans.factory.support.AbstractAutowireCapableBeanFactory.initializeBean(AbstractAutowireCapableBeanFactory.java:1771)
	at org.springframework.beans.factory.support.AbstractAutowireCapableBeanFactory.doCreateBean(AbstractAutowireCapableBeanFactory.java:601)
	at org.springframework.beans.factory.support.AbstractAutowireCapableBeanFactory.createBean(AbstractAutowireCapableBeanFactory.java:523)
	at org.springframework.beans.factory.support.AbstractBeanFactory.lambda$doGetBean$0(AbstractBeanFactory.java:325)
	at org.springframework.beans.factory.support.DefaultSingletonBeanRegistry.getSingleton(DefaultSingletonBeanRegistry.java:234)
	at org.springframework.beans.factory.support.AbstractBeanFactory.doGetBean(AbstractBeanFactory.java:323)
	at org.springframework.beans.factory.support.AbstractBeanFactory.getBean(AbstractBeanFactory.java:199)
	at org.springframework.context.support.AbstractApplicationContext.getBean(AbstractApplicationContext.java:1173)
	at org.springframework.context.support.AbstractApplicationContext.finishBeanFactoryInitialization(AbstractApplicationContext.java:936)
	at org.springframework.context.support.AbstractApplicationContext.refresh(AbstractApplicationContext.java:616)
	at org.springframework.boot.web.servlet.context.ServletWebServerApplicationContext.refresh(ServletWebServerApplicationContext.java:146)
	at org.springframework.boot.SpringApplication.refresh(SpringApplication.java:753)
	at org.springframework.boot.SpringApplication.refreshContext(SpringApplication.java:455)
	at org.springframework.boot.SpringApplication.run(SpringApplication.java:323)
	at org.springframework.boot.SpringApplication.run(SpringApplication.java:1342)
	at org.springframework.boot.SpringApplication.run(SpringApplication.java:1331)
	at com.gov.dashboard.JanmanregaApplication.main(JanmanregaApplication.java:14)
2025-10-29 11:13:16 [main] WARN  o.h.e.j.e.i.JdbcEnvironmentInitiator - HHH000342: Could not obtain connection to query metadata
java.lang.NullPointerException: Cannot invoke "org.hibernate.engine.jdbc.spi.SqlExceptionHelper.convert(java.sql.SQLException, String)" because the return value of "org.hibernate.resource.transaction.backend.jdbc.internal.JdbcIsolationDelegate.sqlExceptionHelper()" is null
	at org.hibernate.resource.transaction.backend.jdbc.internal.JdbcIsolationDelegate.delegateWork(JdbcIsolationDelegate.java:116)
	at org.hibernate.engine.jdbc.env.internal.JdbcEnvironmentInitiator.getJdbcEnvironmentUsingJdbcMetadata(JdbcEnvironmentInitiator.java:273)
	at org.hibernate.engine.jdbc.env.internal.JdbcEnvironmentInitiator.initiateService(JdbcEnvironmentInitiator.java:105)
	at org.hibernate.engine.jdbc.env.internal.JdbcEnvironmentInitiator.initiateService(JdbcEnvironmentInitiator.java:66)
	at org.hibernate.boot.registry.internal.StandardServiceRegistryImpl.initiateService(StandardServiceRegistryImpl.java:129)
	at org.hibernate.service.internal.AbstractServiceRegistryImpl.createService(AbstractServiceRegistryImpl.java:263)
	at org.hibernate.service.internal.AbstractServiceRegistryImpl.initializeService(AbstractServiceRegistryImpl.java:238)
	at org.hibernate.service.internal.AbstractServiceRegistryImpl.getService(AbstractServiceRegistryImpl.java:215)
	at org.hibernate.boot.model.relational.Database.<init>(Database.java:45)
	at org.hibernate.boot.internal.InFlightMetadataCollectorImpl.getDatabase(InFlightMetadataCollectorImpl.java:223)
	at org.hibernate.boot.internal.InFlightMetadataCollectorImpl.<init>(InFlightMetadataCollectorImpl.java:191)
	at org.hibernate.boot.model.process.spi.MetadataBuildingProcess.complete(MetadataBuildingProcess.java:169)
	at org.hibernate.jpa.boot.internal.EntityManagerFactoryBuilderImpl.metadata(EntityManagerFactoryBuilderImpl.java:1432)
	at org.hibernate.jpa.boot.internal.EntityManagerFactoryBuilderImpl.build(EntityManagerFactoryBuilderImpl.java:1503)
	at org.springframework.orm.jpa.vendor.SpringHibernateJpaPersistenceProvider.createContainerEntityManagerFactory(SpringHibernateJpaPersistenceProvider.java:75)
	at org.springframework.orm.jpa.LocalContainerEntityManagerFactoryBean.createNativeEntityManagerFactory(LocalContainerEntityManagerFactoryBean.java:376)
	at org.springframework.orm.jpa.AbstractEntityManagerFactoryBean.buildNativeEntityManagerFactory(AbstractEntityManagerFactoryBean.java:409)
	at org.springframework.orm.jpa.AbstractEntityManagerFactoryBean.afterPropertiesSet(AbstractEntityManagerFactoryBean.java:396)
	at org.springframework.orm.jpa.LocalContainerEntityManagerFactoryBean.afterPropertiesSet(LocalContainerEntityManagerFactoryBean.java:352)
	at org.springframework.beans.factory.support.AbstractAutowireCapableBeanFactory.invokeInitMethods(AbstractAutowireCapableBeanFactory.java:1822)
	at org.springframework.beans.factory.support.AbstractAutowireCapableBeanFactory.initializeBean(AbstractAutowireCapableBeanFactory.java:1771)
	at org.springframework.beans.factory.support.AbstractAutowireCapableBeanFactory.doCreateBean(AbstractAutowireCapableBeanFactory.java:601)
	at org.springframework.beans.factory.support.AbstractAutowireCapableBeanFactory.createBean(AbstractAutowireCapableBeanFactory.java:523)
	at org.springframework.beans.factory.support.AbstractBeanFactory.lambda$doGetBean$0(AbstractBeanFactory.java:325)
	at org.springframework.beans.factory.support.DefaultSingletonBeanRegistry.getSingleton(DefaultSingletonBeanRegistry.java:234)
	at org.springframework.beans.factory.support.AbstractBeanFactory.doGetBean(AbstractBeanFactory.java:323)
	at org.springframework.beans.factory.support.AbstractBeanFactory.getBean(AbstractBeanFactory.java:199)
	at org.springframework.context.support.AbstractApplicationContext.getBean(AbstractApplicationContext.java:1173)
	at org.springframework.context.support.AbstractApplicationContext.finishBeanFactoryInitialization(AbstractApplicationContext.java:936)
	at org.springframework.context.support.AbstractApplicationContext.refresh(AbstractApplicationContext.java:616)
	at org.springframework.boot.web.servlet.context.ServletWebServerApplicationContext.refresh(ServletWebServerApplicationContext.java:146)
	at org.springframework.boot.SpringApplication.refresh(SpringApplication.java:753)
	at org.springframework.boot.SpringApplication.refreshContext(SpringApplication.java:455)
	at org.springframework.boot.SpringApplication.run(SpringApplication.java:323)
	at org.springframework.boot.SpringApplication.run(SpringApplication.java:1342)
	at org.springframework.boot.SpringApplication.run(SpringApplication.java:1331)
	at com.gov.dashboard.JanmanregaApplication.main(JanmanregaApplication.java:14)
2025-10-29 11:13:17 [main] WARN  org.hibernate.orm.deprecation - HHH90000025: PostgreSQLDialect does not need to be specified explicitly using 'hibernate.dialect' (remove the property setting and it will be selected by default)
2025-10-29 11:13:18 [main] INFO  o.h.e.t.j.p.i.JtaPlatformInitiator - HHH000489: No JTA platform available (set 'hibernate.transaction.jta.platform' to enable JTA platform integration)
2025-10-29 11:13:18 [main] INFO  com.zaxxer.hikari.HikariDataSource - HikariPool-1 - Starting...
2025-10-29 11:13:19 [main] ERROR com.zaxxer.hikari.pool.HikariPool - HikariPool-1 - Exception during pool initialization.
org.postgresql.util.PSQLException: FATAL: password authentication failed for user "postgres"
	at org.postgresql.core.v3.ConnectionFactoryImpl.doAuthentication(ConnectionFactoryImpl.java:693)
	at org.postgresql.core.v3.ConnectionFactoryImpl.tryConnect(ConnectionFactoryImpl.java:203)
	at org.postgresql.core.v3.ConnectionFactoryImpl.openConnectionImpl(ConnectionFactoryImpl.java:258)
	at org.postgresql.core.ConnectionFactory.openConnection(ConnectionFactory.java:54)
	at org.postgresql.jdbc.PgConnection.<init>(PgConnection.java:263)
	at org.postgresql.Driver.makeConnection(Driver.java:443)
	at org.postgresql.Driver.connect(Driver.java:297)
	at com.zaxxer.hikari.util.DriverDataSource.getConnection(DriverDataSource.java:138)
	at com.zaxxer.hikari.pool.PoolBase.newConnection(PoolBase.java:359)
	at com.zaxxer.hikari.pool.PoolBase.newPoolEntry(PoolBase.java:201)
	at com.zaxxer.hikari.pool.HikariPool.createPoolEntry(HikariPool.java:470)
	at com.zaxxer.hikari.pool.HikariPool.checkFailFast(HikariPool.java:561)
	at com.zaxxer.hikari.pool.HikariPool.<init>(HikariPool.java:100)
	at com.zaxxer.hikari.HikariDataSource.getConnection(HikariDataSource.java:112)
	at org.hibernate.engine.jdbc.connections.internal.DatasourceConnectionProviderImpl.getConnection(DatasourceConnectionProviderImpl.java:122)
	at org.hibernate.engine.jdbc.env.internal.JdbcEnvironmentInitiator$ConnectionProviderJdbcConnectionAccess.obtainConnection(JdbcEnvironmentInitiator.java:424)
	at org.hibernate.resource.transaction.backend.jdbc.internal.DdlTransactionIsolatorNonJtaImpl.getIsolatedConnection(DdlTransactionIsolatorNonJtaImpl.java:46)
	at org.hibernate.resource.transaction.backend.jdbc.internal.DdlTransactionIsolatorNonJtaImpl.getIsolatedConnection(DdlTransactionIsolatorNonJtaImpl.java:39)
	at org.hibernate.tool.schema.internal.exec.ImprovedExtractionContextImpl.getJdbcConnection(ImprovedExtractionContextImpl.java:63)
	at org.hibernate.tool.schema.extract.spi.ExtractionContext.getQueryResults(ExtractionContext.java:43)
	at org.hibernate.tool.schema.extract.internal.SequenceInformationExtractorLegacyImpl.extractMetadata(SequenceInformationExtractorLegacyImpl.java:39)
	at org.hibernate.tool.schema.extract.internal.DatabaseInformationImpl.initializeSequences(DatabaseInformationImpl.java:66)
	at org.hibernate.tool.schema.extract.internal.DatabaseInformationImpl.<init>(DatabaseInformationImpl.java:60)
	at org.hibernate.tool.schema.internal.Helper.buildDatabaseInformation(Helper.java:185)
	at org.hibernate.tool.schema.internal.AbstractSchemaMigrator.doMigration(AbstractSchemaMigrator.java:98)
	at org.hibernate.tool.schema.spi.SchemaManagementToolCoordinator.performDatabaseAction(SchemaManagementToolCoordinator.java:286)
	at org.hibernate.tool.schema.spi.SchemaManagementToolCoordinator.lambda$process$5(SchemaManagementToolCoordinator.java:145)
	at java.base/java.util.HashMap.forEach(HashMap.java:1430)
	at org.hibernate.tool.schema.spi.SchemaManagementToolCoordinator.process(SchemaManagementToolCoordinator.java:142)
	at org.hibernate.boot.internal.SessionFactoryObserverForSchemaExport.sessionFactoryCreated(SessionFactoryObserverForSchemaExport.java:37)
	at org.hibernate.internal.SessionFactoryObserverChain.sessionFactoryCreated(SessionFactoryObserverChain.java:35)
	at org.hibernate.internal.SessionFactoryImpl.<init>(SessionFactoryImpl.java:295)
	at org.hibernate.boot.internal.SessionFactoryBuilderImpl.build(SessionFactoryBuilderImpl.java:450)
	at org.hibernate.jpa.boot.internal.EntityManagerFactoryBuilderImpl.build(EntityManagerFactoryBuilderImpl.java:1507)
	at org.springframework.orm.jpa.vendor.SpringHibernateJpaPersistenceProvider.createContainerEntityManagerFactory(SpringHibernateJpaPersistenceProvider.java:75)
	at org.springframework.orm.jpa.LocalContainerEntityManagerFactoryBean.createNativeEntityManagerFactory(LocalContainerEntityManagerFactoryBean.java:376)
	at org.springframework.orm.jpa.AbstractEntityManagerFactoryBean.buildNativeEntityManagerFactory(AbstractEntityManagerFactoryBean.java:409)
	at org.springframework.orm.jpa.AbstractEntityManagerFactoryBean.afterPropertiesSet(AbstractEntityManagerFactoryBean.java:396)
	at org.springframework.orm.jpa.LocalContainerEntityManagerFactoryBean.afterPropertiesSet(LocalContainerEntityManagerFactoryBean.java:352)
	at org.springframework.beans.factory.support.AbstractAutowireCapableBeanFactory.invokeInitMethods(AbstractAutowireCapableBeanFactory.java:1822)
	at org.springframework.beans.factory.support.AbstractAutowireCapableBeanFactory.initializeBean(AbstractAutowireCapableBeanFactory.java:1771)
	at org.springframework.beans.factory.support.AbstractAutowireCapableBeanFactory.doCreateBean(AbstractAutowireCapableBeanFactory.java:601)
	at org.springframework.beans.factory.support.AbstractAutowireCapableBeanFactory.createBean(AbstractAutowireCapableBeanFactory.java:523)
	at org.springframework.beans.factory.support.AbstractBeanFactory.lambda$doGetBean$0(AbstractBeanFactory.java:325)
	at org.springframework.beans.factory.support.DefaultSingletonBeanRegistry.getSingleton(DefaultSingletonBeanRegistry.java:234)
	at org.springframework.beans.factory.support.AbstractBeanFactory.doGetBean(AbstractBeanFactory.java:323)
	at org.springframework.beans.factory.support.AbstractBeanFactory.getBean(AbstractBeanFactory.java:199)
	at org.springframework.context.support.AbstractApplicationContext.getBean(AbstractApplicationContext.java:1173)
	at org.springframework.context.support.AbstractApplicationContext.finishBeanFactoryInitialization(AbstractApplicationContext.java:936)
	at org.springframework.context.support.AbstractApplicationContext.refresh(AbstractApplicationContext.java:616)
	at org.springframework.boot.web.servlet.context.ServletWebServerApplicationContext.refresh(ServletWebServerApplicationContext.java:146)
	at org.springframework.boot.SpringApplication.refresh(SpringApplication.java:753)
	at org.springframework.boot.SpringApplication.refreshContext(SpringApplication.java:455)
	at org.springframework.boot.SpringApplication.run(SpringApplication.java:323)
	at org.springframework.boot.SpringApplication.run(SpringApplication.java:1342)
	at org.springframework.boot.SpringApplication.run(SpringApplication.java:1331)
	at com.gov.dashboard.JanmanregaApplication.main(JanmanregaApplication.java:14)
2025-10-29 11:13:19 [main] WARN  o.h.e.jdbc.spi.SqlExceptionHelper - SQL Error: 0, SQLState: 28P01
2025-10-29 11:13:19 [main] ERROR o.h.e.jdbc.spi.SqlExceptionHelper - FATAL: password authentication failed for user "postgres"
2025-10-29 11:13:19 [main] ERROR o.s.o.j.LocalContainerEntityManagerFactoryBean - Failed to initialize JPA EntityManagerFactory: [PersistenceUnit: default] Unable to build Hibernate SessionFactory; nested exception is org.hibernate.exception.GenericJDBCException: Unable to open JDBC Connection for DDL execution [FATAL: password authentication failed for user "postgres"] [n/a]
2025-10-29 11:13:19 [main] WARN  o.s.b.w.s.c.AnnotationConfigServletWebServerApplicationContext - Exception encountered during context initialization - cancelling refresh attempt: org.springframework.beans.factory.BeanCreationException: Error creating bean with name 'entityManagerFactory' defined in class path resource [org/springframework/boot/autoconfigure/orm/jpa/HibernateJpaConfiguration.class]: [PersistenceUnit: default] Unable to build Hibernate SessionFactory; nested exception is org.hibernate.exception.GenericJDBCException: Unable to open JDBC Connection for DDL execution [FATAL: password authentication failed for user "postgres"] [n/a]
2025-10-29 11:13:19 [main] INFO  o.a.catalina.core.StandardService - Stopping service [Tomcat]
2025-10-29 11:13:19 [main] INFO  o.s.b.a.l.ConditionEvaluationReportLogger - 

Error starting ApplicationContext. To display the condition evaluation report re-run your application with 'debug' enabled.
2025-10-29 11:13:19 [main] ERROR o.s.boot.SpringApplication - Application run failed
org.springframework.beans.factory.BeanCreationException: Error creating bean with name 'entityManagerFactory' defined in class path resource [org/springframework/boot/autoconfigure/orm/jpa/HibernateJpaConfiguration.class]: [PersistenceUnit: default] Unable to build Hibernate SessionFactory; nested exception is org.hibernate.exception.GenericJDBCException: Unable to open JDBC Connection for DDL execution [FATAL: password authentication failed for user "postgres"] [n/a]
	at org.springframework.beans.factory.support.AbstractAutowireCapableBeanFactory.initializeBean(AbstractAutowireCapableBeanFactory.java:1775)
	at org.springframework.beans.factory.support.AbstractAutowireCapableBeanFactory.doCreateBean(AbstractAutowireCapableBeanFactory.java:601)
	at org.springframework.beans.factory.support.AbstractAutowireCapableBeanFactory.createBean(AbstractAutowireCapableBeanFactory.java:523)
	at org.springframework.beans.factory.support.AbstractBeanFactory.lambda$doGetBean$0(AbstractBeanFactory.java:325)
	at org.springframework.beans.factory.support.DefaultSingletonBeanRegistry.getSingleton(DefaultSingletonBeanRegistry.java:234)
	at org.springframework.beans.factory.support.AbstractBeanFactory.doGetBean(AbstractBeanFactory.java:323)
	at org.springframework.beans.factory.support.AbstractBeanFactory.getBean(AbstractBeanFactory.java:199)
	at org.springframework.context.support.AbstractApplicationContext.getBean(AbstractApplicationContext.java:1173)
	at org.springframework.context.support.AbstractApplicationContext.finishBeanFactoryInitialization(AbstractApplicationContext.java:936)
	at org.springframework.context.support.AbstractApplicationContext.refresh(AbstractApplicationContext.java:616)
	at org.springframework.boot.web.servlet.context.ServletWebServerApplicationContext.refresh(ServletWebServerApplicationContext.java:146)
	at org.springframework.boot.SpringApplication.refresh(SpringApplication.java:753)
	at org.springframework.boot.SpringApplication.refreshContext(SpringApplication.java:455)
	at org.springframework.boot.SpringApplication.run(SpringApplication.java:323)
	at org.springframework.boot.SpringApplication.run(SpringApplication.java:1342)
	at org.springframework.boot.SpringApplication.run(SpringApplication.java:1331)
	at com.gov.dashboard.JanmanregaApplication.main(JanmanregaApplication.java:14)
Caused by: jakarta.persistence.PersistenceException: [PersistenceUnit: default] Unable to build Hibernate SessionFactory; nested exception is org.hibernate.exception.GenericJDBCException: Unable to open JDBC Connection for DDL execution [FATAL: password authentication failed for user "postgres"] [n/a]
	at org.springframework.orm.jpa.AbstractEntityManagerFactoryBean.buildNativeEntityManagerFactory(AbstractEntityManagerFactoryBean.java:421)
	at org.springframework.orm.jpa.AbstractEntityManagerFactoryBean.afterPropertiesSet(AbstractEntityManagerFactoryBean.java:396)
	at org.springframework.orm.jpa.LocalContainerEntityManagerFactoryBean.afterPropertiesSet(LocalContainerEntityManagerFactoryBean.java:352)
	at org.springframework.beans.factory.support.AbstractAutowireCapableBeanFactory.invokeInitMethods(AbstractAutowireCapableBeanFactory.java:1822)
	at org.springframework.beans.factory.support.AbstractAutowireCapableBeanFactory.initializeBean(AbstractAutowireCapableBeanFactory.java:1771)
	... 16 common frames omitted
Caused by: org.hibernate.exception.GenericJDBCException: Unable to open JDBC Connection for DDL execution [FATAL: password authentication failed for user "postgres"] [n/a]
	at org.hibernate.exception.internal.StandardSQLExceptionConverter.convert(StandardSQLExceptionConverter.java:63)
	at org.hibernate.engine.jdbc.spi.SqlExceptionHelper.convert(SqlExceptionHelper.java:108)
	at org.hibernate.engine.jdbc.spi.SqlExceptionHelper.convert(SqlExceptionHelper.java:94)
	at org.hibernate.resource.transaction.backend.jdbc.internal.DdlTransactionIsolatorNonJtaImpl.getIsolatedConnection(DdlTransactionIsolatorNonJtaImpl.java:74)
	at org.hibernate.resource.transaction.backend.jdbc.internal.DdlTransactionIsolatorNonJtaImpl.getIsolatedConnection(DdlTransactionIsolatorNonJtaImpl.java:39)
	at org.hibernate.tool.schema.internal.exec.ImprovedExtractionContextImpl.getJdbcConnection(ImprovedExtractionContextImpl.java:63)
	at org.hibernate.tool.schema.extract.spi.ExtractionContext.getQueryResults(ExtractionContext.java:43)
	at org.hibernate.tool.schema.extract.internal.SequenceInformationExtractorLegacyImpl.extractMetadata(SequenceInformationExtractorLegacyImpl.java:39)
	at org.hibernate.tool.schema.extract.internal.DatabaseInformationImpl.initializeSequences(DatabaseInformationImpl.java:66)
	at org.hibernate.tool.schema.extract.internal.DatabaseInformationImpl.<init>(DatabaseInformationImpl.java:60)
	at org.hibernate.tool.schema.internal.Helper.buildDatabaseInformation(Helper.java:185)
	at org.hibernate.tool.schema.internal.AbstractSchemaMigrator.doMigration(AbstractSchemaMigrator.java:98)
	at org.hibernate.tool.schema.spi.SchemaManagementToolCoordinator.performDatabaseAction(SchemaManagementToolCoordinator.java:286)
	at org.hibernate.tool.schema.spi.SchemaManagementToolCoordinator.lambda$process$5(SchemaManagementToolCoordinator.java:145)
	at java.base/java.util.HashMap.forEach(HashMap.java:1430)
	at org.hibernate.tool.schema.spi.SchemaManagementToolCoordinator.process(SchemaManagementToolCoordinator.java:142)
	at org.hibernate.boot.internal.SessionFactoryObserverForSchemaExport.sessionFactoryCreated(SessionFactoryObserverForSchemaExport.java:37)
	at org.hibernate.internal.SessionFactoryObserverChain.sessionFactoryCreated(SessionFactoryObserverChain.java:35)
	at org.hibernate.internal.SessionFactoryImpl.<init>(SessionFactoryImpl.java:295)
	at org.hibernate.boot.internal.SessionFactoryBuilderImpl.build(SessionFactoryBuilderImpl.java:450)
	at org.hibernate.jpa.boot.internal.EntityManagerFactoryBuilderImpl.build(EntityManagerFactoryBuilderImpl.java:1507)
	at org.springframework.orm.jpa.vendor.SpringHibernateJpaPersistenceProvider.createContainerEntityManagerFactory(SpringHibernateJpaPersistenceProvider.java:75)
	at org.springframework.orm.jpa.LocalContainerEntityManagerFactoryBean.createNativeEntityManagerFactory(LocalContainerEntityManagerFactoryBean.java:376)
	at org.springframework.orm.jpa.AbstractEntityManagerFactoryBean.buildNativeEntityManagerFactory(AbstractEntityManagerFactoryBean.java:409)
	... 20 common frames omitted
Caused by: org.postgresql.util.PSQLException: FATAL: password authentication failed for user "postgres"
	at org.postgresql.core.v3.ConnectionFactoryImpl.doAuthentication(ConnectionFactoryImpl.java:693)
	at org.postgresql.core.v3.ConnectionFactoryImpl.tryConnect(ConnectionFactoryImpl.java:203)
	at org.postgresql.core.v3.ConnectionFactoryImpl.openConnectionImpl(ConnectionFactoryImpl.java:258)
	at org.postgresql.core.ConnectionFactory.openConnection(ConnectionFactory.java:54)
	at org.postgresql.jdbc.PgConnection.<init>(PgConnection.java:263)
	at org.postgresql.Driver.makeConnection(Driver.java:443)
	at org.postgresql.Driver.connect(Driver.java:297)
	at com.zaxxer.hikari.util.DriverDataSource.getConnection(DriverDataSource.java:138)
	at com.zaxxer.hikari.pool.PoolBase.newConnection(PoolBase.java:359)
	at com.zaxxer.hikari.pool.PoolBase.newPoolEntry(PoolBase.java:201)
	at com.zaxxer.hikari.pool.HikariPool.createPoolEntry(HikariPool.java:470)
	at com.zaxxer.hikari.pool.HikariPool.checkFailFast(HikariPool.java:561)
	at com.zaxxer.hikari.pool.HikariPool.<init>(HikariPool.java:100)
	at com.zaxxer.hikari.HikariDataSource.getConnection(HikariDataSource.java:112)
	at org.hibernate.engine.jdbc.connections.internal.DatasourceConnectionProviderImpl.getConnection(DatasourceConnectionProviderImpl.java:122)
	at org.hibernate.engine.jdbc.env.internal.JdbcEnvironmentInitiator$ConnectionProviderJdbcConnectionAccess.obtainConnection(JdbcEnvironmentInitiator.java:424)
	at org.hibernate.resource.transaction.backend.jdbc.internal.DdlTransactionIsolatorNonJtaImpl.getIsolatedConnection(DdlTransactionIsolatorNonJtaImpl.java:46)
	... 40 common frames omitted
2025-10-29 11:16:31 [main] INFO  c.g.dashboard.JanmanregaApplication - Starting JanmanregaApplication using Java 25 with PID 3148 (C:\Users\aspk1\OneDrive\Desktop\Gov Project\Gov Project\target\classes started by aspk1 in C:\Users\aspk1\OneDrive\Desktop\Gov Project)
2025-10-29 11:16:31 [main] INFO  c.g.dashboard.JanmanregaApplication - No active profile set, falling back to 1 default profile: "default"
2025-10-29 11:16:33 [main] INFO  o.s.d.r.c.RepositoryConfigurationDelegate - Bootstrapping Spring Data JPA repositories in DEFAULT mode.
2025-10-29 11:16:33 [main] INFO  o.s.d.r.c.RepositoryConfigurationDelegate - Finished Spring Data repository scanning in 87 ms. Found 1 JPA repository interface.
2025-10-29 11:16:34 [main] INFO  o.s.b.w.e.tomcat.TomcatWebServer - Tomcat initialized with port 8080 (http)
2025-10-29 11:16:34 [main] INFO  o.a.catalina.core.StandardService - Starting service [Tomcat]
2025-10-29 11:16:34 [main] INFO  o.a.catalina.core.StandardEngine - Starting Servlet engine: [Apache Tomcat/10.1.16]
2025-10-29 11:16:35 [main] INFO  o.a.c.c.C.[Tomcat].[localhost].[/] - Initializing Spring embedded WebApplicationContext
2025-10-29 11:16:35 [main] INFO  o.s.b.w.s.c.ServletWebServerApplicationContext - Root WebApplicationContext: initialization completed in 3653 ms
2025-10-29 11:16:35 [main] INFO  o.h.jpa.internal.util.LogHelper - HHH000204: Processing PersistenceUnitInfo [name: default]
2025-10-29 11:16:35 [main] INFO  org.hibernate.Version - HHH000412: Hibernate ORM core version 6.3.1.Final
2025-10-29 11:16:36 [main] INFO  o.h.c.i.RegionFactoryInitiator - HHH000026: Second-level cache disabled
2025-10-29 11:16:36 [main] INFO  o.s.o.j.p.SpringPersistenceUnitInfo - No LoadTimeWeaver setup: ignoring JPA class transformer
2025-10-29 11:16:36 [main] INFO  com.zaxxer.hikari.HikariDataSource - HikariPool-1 - Starting...
2025-10-29 11:16:36 [main] INFO  com.zaxxer.hikari.pool.HikariPool - HikariPool-1 - Added connection org.postgresql.jdbc.PgConnection@590dea35
2025-10-29 11:16:36 [main] INFO  com.zaxxer.hikari.HikariDataSource - HikariPool-1 - Start completed.
2025-10-29 11:16:37 [main] WARN  org.hibernate.orm.deprecation - HHH90000025: PostgreSQLDialect does not need to be specified explicitly using 'hibernate.dialect' (remove the property setting and it will be selected by default)
2025-10-29 11:16:40 [main] INFO  o.h.e.t.j.p.i.JtaPlatformInitiator - HHH000489: No JTA platform available (set 'hibernate.transaction.jta.platform' to enable JTA platform integration)
2025-10-29 11:16:40 [main] INFO  o.s.o.j.LocalContainerEntityManagerFactoryBean - Initialized JPA EntityManagerFactory for persistence unit 'default'
2025-10-29 11:16:40 [main] INFO  o.s.d.j.r.query.QueryEnhancerFactory - Hibernate is in classpath; If applicable, HQL parser will be used.
2025-10-29 11:16:41 [main] INFO  c.g.d.service.DataInitializer - Database is empty, loading CSV data...
2025-10-29 11:16:41 [main] WARN  c.g.dashboard.service.CsvDataService - CSV directory does not exist: C:\\Users\\Lakshmi Makkena\\Desktop\\Gov Project\\Gov Data CSV's
2025-10-29 11:16:41 [main] INFO  c.g.d.service.DataInitializer - Data initialization completed successfully
2025-10-29 11:16:41 [main] WARN  o.s.b.a.o.j.JpaBaseConfiguration$JpaWebConfiguration - spring.jpa.open-in-view is enabled by default. Therefore, database queries may be performed during view rendering. Explicitly configure spring.jpa.open-in-view to disable this warning
2025-10-29 11:16:41 [main] INFO  o.s.b.a.w.s.WelcomePageHandlerMapping - Adding welcome page template: index
2025-10-29 11:16:42 [main] INFO  o.s.b.a.e.web.EndpointLinksResolver - Exposing 3 endpoint(s) beneath base path '/actuator'
2025-10-29 11:16:43 [main] INFO  o.s.b.w.e.tomcat.TomcatWebServer - Tomcat started on port 8080 (http) with context path ''
2025-10-29 11:16:43 [main] INFO  c.g.dashboard.JanmanregaApplication - Started JanmanregaApplication in 12.903 seconds (process running for 13.888)
2025-10-29 11:17:12 [http-nio-8080-exec-1] INFO  o.a.c.c.C.[Tomcat].[localhost].[/] - Initializing Spring DispatcherServlet 'dispatcherServlet'
2025-10-29 11:17:12 [http-nio-8080-exec-1] INFO  o.s.web.servlet.DispatcherServlet - Initializing Servlet 'dispatcherServlet'
2025-10-29 11:17:12 [http-nio-8080-exec-1] INFO  o.s.web.servlet.DispatcherServlet - Completed initialization in 3 ms
2025-10-29 11:17:12 [http-nio-8080-exec-1] INFO  c.g.d.controller.DashboardController - Loading homepage
2025-10-29 11:17:12 [http-nio-8080-exec-1] INFO  c.g.d.service.DashboardService - Fetching all districts
2025-10-29 11:21:38 [SpringApplicationShutdownHook] INFO  o.s.o.j.LocalContainerEntityManagerFactoryBean - Closing JPA EntityManagerFactory for persistence unit 'default'
2025-10-29 11:21:38 [SpringApplicationShutdownHook] INFO  com.zaxxer.hikari.HikariDataSource - HikariPool-1 - Shutdown initiated...
2025-10-29 11:21:38 [SpringApplicationShutdownHook] INFO  com.zaxxer.hikari.HikariDataSource - HikariPool-1 - Shutdown completed.
2025-10-29 11:21:47 [main] INFO  c.g.dashboard.JanmanregaApplication - Starting JanmanregaApplication using Java 25 with PID 3972 (C:\Users\aspk1\OneDrive\Desktop\Gov Project\Gov Project\target\classes started by aspk1 in C:\Users\aspk1\OneDrive\Desktop\Gov Project)
2025-10-29 11:21:47 [main] INFO  c.g.dashboard.JanmanregaApplication - No active profile set, falling back to 1 default profile: "default"
2025-10-29 11:21:52 [main] INFO  o.s.d.r.c.RepositoryConfigurationDelegate - Bootstrapping Spring Data JPA repositories in DEFAULT mode.
2025-10-29 11:21:53 [main] INFO  o.s.d.r.c.RepositoryConfigurationDelegate - Finished Spring Data repository scanning in 138 ms. Found 1 JPA repository interface.
2025-10-29 11:21:54 [main] INFO  o.s.b.w.e.tomcat.TomcatWebServer - Tomcat initialized with port 8080 (http)
2025-10-29 11:21:54 [main] INFO  o.a.catalina.core.StandardService - Starting service [Tomcat]
2025-10-29 11:21:54 [main] INFO  o.a.catalina.core.StandardEngine - Starting Servlet engine: [Apache Tomcat/10.1.16]
2025-10-29 11:21:54 [main] INFO  o.a.c.c.C.[Tomcat].[localhost].[/] - Initializing Spring embedded WebApplicationContext
2025-10-29 11:21:54 [main] INFO  o.s.b.w.s.c.ServletWebServerApplicationContext - Root WebApplicationContext: initialization completed in 7024 ms
2025-10-29 11:21:55 [main] INFO  o.h.jpa.internal.util.LogHelper - HHH000204: Processing PersistenceUnitInfo [name: default]
2025-10-29 11:21:55 [main] INFO  org.hibernate.Version - HHH000412: Hibernate ORM core version 6.3.1.Final
2025-10-29 11:21:55 [main] INFO  o.h.c.i.RegionFactoryInitiator - HHH000026: Second-level cache disabled
2025-10-29 11:21:56 [main] INFO  o.s.o.j.p.SpringPersistenceUnitInfo - No LoadTimeWeaver setup: ignoring JPA class transformer
2025-10-29 11:21:56 [main] INFO  com.zaxxer.hikari.HikariDataSource - HikariPool-1 - Starting...
2025-10-29 11:21:56 [main] INFO  com.zaxxer.hikari.pool.HikariPool - HikariPool-1 - Added connection org.postgresql.jdbc.PgConnection@1cdd31a4
2025-10-29 11:21:56 [main] INFO  com.zaxxer.hikari.HikariDataSource - HikariPool-1 - Start completed.
2025-10-29 11:21:56 [main] WARN  org.hibernate.orm.deprecation - HHH90000025: PostgreSQLDialect does not need to be specified explicitly using 'hibernate.dialect' (remove the property setting and it will be selected by default)
2025-10-29 11:21:58 [main] INFO  o.h.e.t.j.p.i.JtaPlatformInitiator - HHH000489: No JTA platform available (set 'hibernate.transaction.jta.platform' to enable JTA platform integration)
2025-10-29 11:21:58 [main] INFO  o.s.o.j.LocalContainerEntityManagerFactoryBean - Initialized JPA EntityManagerFactory for persistence unit 'default'
2025-10-29 11:21:59 [main] INFO  o.s.d.j.r.query.QueryEnhancerFactory - Hibernate is in classpath; If applicable, HQL parser will be used.
2025-10-29 11:22:00 [main] INFO  c.g.d.service.DataInitializer - Database is empty, loading CSV data...
2025-10-29 11:22:00 [main] WARN  c.g.dashboard.service.CsvDataService - CSV directory does not exist: C:\\Users\\Lakshmi Makkena\\Desktop\\Gov Project\\Gov Data CSV's
2025-10-29 11:22:00 [main] INFO  c.g.d.service.DataInitializer - Data initialization completed successfully
2025-10-29 11:22:00 [main] WARN  o.s.b.a.o.j.JpaBaseConfiguration$JpaWebConfiguration - spring.jpa.open-in-view is enabled by default. Therefore, database queries may be performed during view rendering. Explicitly configure spring.jpa.open-in-view to disable this warning
2025-10-29 11:22:00 [main] INFO  o.s.b.a.w.s.WelcomePageHandlerMapping - Adding welcome page template: index
2025-10-29 11:22:01 [main] INFO  o.s.b.a.e.web.EndpointLinksResolver - Exposing 3 endpoint(s) beneath base path '/actuator'
2025-10-29 11:22:01 [main] INFO  o.s.b.w.e.tomcat.TomcatWebServer - Tomcat started on port 8080 (http) with context path ''
2025-10-29 11:22:01 [main] INFO  c.g.dashboard.JanmanregaApplication - Started JanmanregaApplication in 15.126 seconds (process running for 16.148)
2025-10-29 11:23:32 [SpringApplicationShutdownHook] INFO  o.s.o.j.LocalContainerEntityManagerFactoryBean - Closing JPA EntityManagerFactory for persistence unit 'default'
2025-10-29 11:23:32 [SpringApplicationShutdownHook] INFO  com.zaxxer.hikari.HikariDataSource - HikariPool-1 - Shutdown initiated...
2025-10-29 11:23:32 [SpringApplicationShutdownHook] INFO  com.zaxxer.hikari.HikariDataSource - HikariPool-1 - Shutdown completed.
2025-10-29 11:23:37 [main] INFO  c.g.dashboard.JanmanregaApplication - Starting JanmanregaApplication using Java 25 with PID 21528 (C:\Users\aspk1\OneDrive\Desktop\Gov Project\Gov Project\target\classes started by aspk1 in C:\Users\aspk1\OneDrive\Desktop\Gov Project)
2025-10-29 11:23:37 [main] INFO  c.g.dashboard.JanmanregaApplication - No active profile set, falling back to 1 default profile: "default"
2025-10-29 11:23:38 [main] INFO  o.s.d.r.c.RepositoryConfigurationDelegate - Bootstrapping Spring Data JPA repositories in DEFAULT mode.
2025-10-29 11:23:38 [main] INFO  o.s.d.r.c.RepositoryConfigurationDelegate - Finished Spring Data repository scanning in 88 ms. Found 1 JPA repository interface.
2025-10-29 11:23:40 [main] INFO  o.s.b.w.e.tomcat.TomcatWebServer - Tomcat initialized with port 8080 (http)
2025-10-29 11:23:40 [main] INFO  o.a.catalina.core.StandardService - Starting service [Tomcat]
2025-10-29 11:23:40 [main] INFO  o.a.catalina.core.StandardEngine - Starting Servlet engine: [Apache Tomcat/10.1.16]
2025-10-29 11:23:40 [main] INFO  o.a.c.c.C.[Tomcat].[localhost].[/] - Initializing Spring embedded WebApplicationContext
2025-10-29 11:23:40 [main] INFO  o.s.b.w.s.c.ServletWebServerApplicationContext - Root WebApplicationContext: initialization completed in 3403 ms
2025-10-29 11:23:41 [main] INFO  o.h.jpa.internal.util.LogHelper - HHH000204: Processing PersistenceUnitInfo [name: default]
2025-10-29 11:23:41 [main] INFO  org.hibernate.Version - HHH000412: Hibernate ORM core version 6.3.1.Final
2025-10-29 11:23:42 [main] INFO  o.h.c.i.RegionFactoryInitiator - HHH000026: Second-level cache disabled
2025-10-29 11:23:42 [main] INFO  o.s.o.j.p.SpringPersistenceUnitInfo - No LoadTimeWeaver setup: ignoring JPA class transformer
2025-10-29 11:23:42 [main] INFO  com.zaxxer.hikari.HikariDataSource - HikariPool-1 - Starting...
2025-10-29 11:23:43 [main] INFO  com.zaxxer.hikari.pool.HikariPool - HikariPool-1 - Added connection org.postgresql.jdbc.PgConnection@120d6cbf
2025-10-29 11:23:43 [main] INFO  com.zaxxer.hikari.HikariDataSource - HikariPool-1 - Start completed.
2025-10-29 11:23:43 [main] WARN  org.hibernate.orm.deprecation - HHH90000025: PostgreSQLDialect does not need to be specified explicitly using 'hibernate.dialect' (remove the property setting and it will be selected by default)
2025-10-29 11:23:45 [main] INFO  o.h.e.t.j.p.i.JtaPlatformInitiator - HHH000489: No JTA platform available (set 'hibernate.transaction.jta.platform' to enable JTA platform integration)
2025-10-29 11:23:45 [main] INFO  o.s.o.j.LocalContainerEntityManagerFactoryBean - Initialized JPA EntityManagerFactory for persistence unit 'default'
2025-10-29 11:23:45 [main] INFO  o.s.d.j.r.query.QueryEnhancerFactory - Hibernate is in classpath; If applicable, HQL parser will be used.
2025-10-29 11:23:46 [main] INFO  c.g.d.service.DataInitializer - Database is empty, loading CSV data...
2025-10-29 11:23:46 [main] INFO  c.g.dashboard.service.CsvDataService - Loading CSV data from: C:\Users\aspk1\OneDrive\Desktop\Gov Project\Gov Project\Gov Data CSV's\2018-2019 Data.csv
2025-10-29 11:23:47 [main] INFO  c.g.dashboard.service.CsvDataService - Successfully loaded 900 records from CSV
2025-10-29 11:23:47 [main] INFO  c.g.dashboard.service.CsvDataService - Loading CSV data from: C:\Users\aspk1\OneDrive\Desktop\Gov Project\Gov Project\Gov Data CSV's\2019-2020 Data.csv
2025-10-29 11:23:48 [main] INFO  c.g.dashboard.service.CsvDataService - Successfully loaded 900 records from CSV
2025-10-29 11:23:48 [main] INFO  c.g.dashboard.service.CsvDataService - Loading CSV data from: C:\Users\aspk1\OneDrive\Desktop\Gov Project\Gov Project\Gov Data CSV's\2020-2021 Data.csv
2025-10-29 11:23:49 [main] INFO  c.g.dashboard.service.CsvDataService - Successfully loaded 900 records from CSV
2025-10-29 11:23:49 [main] INFO  c.g.dashboard.service.CsvDataService - Loading CSV data from: C:\Users\aspk1\OneDrive\Desktop\Gov Project\Gov Project\Gov Data CSV's\2021-2022 Data.csv
2025-10-29 11:23:49 [main] INFO  c.g.dashboard.service.CsvDataService - Successfully loaded 900 records from CSV
2025-10-29 11:23:49 [main] INFO  c.g.dashboard.service.CsvDataService - Loading CSV data from: C:\Users\aspk1\OneDrive\Desktop\Gov Project\Gov Project\Gov Data CSV's\2022-2023 Data.csv
2025-10-29 11:23:50 [main] INFO  c.g.dashboard.service.CsvDataService - Successfully loaded 900 records from CSV
2025-10-29 11:23:50 [main] INFO  c.g.dashboard.service.CsvDataService - Loading CSV data from: C:\Users\aspk1\OneDrive\Desktop\Gov Project\Gov Project\Gov Data CSV's\2023-2024 Data.csv
2025-10-29 11:23:50 [main] INFO  c.g.dashboard.service.CsvDataService - Successfully loaded 900 records from CSV
2025-10-29 11:23:50 [main] INFO  c.g.dashboard.service.CsvDataService - Loading CSV data from: C:\Users\aspk1\OneDrive\Desktop\Gov Project\Gov Project\Gov Data CSV's\2024-2025 Data.csv
2025-10-29 11:24:00 [main] INFO  c.g.dashboard.service.CsvDataService - Successfully loaded 16089 records from CSV
2025-10-29 11:24:00 [main] INFO  c.g.dashboard.service.CsvDataService - Loading CSV data from: C:\Users\aspk1\OneDrive\Desktop\Gov Project\Gov Project\Gov Data CSV's\2025-2026 Data.csv
2025-10-29 11:24:08 [main] INFO  c.g.dashboard.service.CsvDataService - Successfully loaded 9946 records from CSV
2025-10-29 11:24:08 [main] INFO  c.g.d.service.DataInitializer - Data initialization completed successfully
2025-10-29 11:24:08 [main] WARN  o.s.b.a.o.j.JpaBaseConfiguration$JpaWebConfiguration - spring.jpa.open-in-view is enabled by default. Therefore, database queries may be performed during view rendering. Explicitly configure spring.jpa.open-in-view to disable this warning
2025-10-29 11:24:08 [main] INFO  o.s.b.a.w.s.WelcomePageHandlerMapping - Adding welcome page template: index
2025-10-29 11:24:11 [main] INFO  o.s.b.a.e.web.EndpointLinksResolver - Exposing 3 endpoint(s) beneath base path '/actuator'
2025-10-29 11:24:11 [main] INFO  o.s.b.w.e.tomcat.TomcatWebServer - Tomcat started on port 8080 (http) with context path ''
2025-10-29 11:24:11 [main] INFO  c.g.dashboard.JanmanregaApplication - Started JanmanregaApplication in 35.188 seconds (process running for 36.282)
2025-10-29 11:24:15 [http-nio-8080-exec-1] INFO  o.a.c.c.C.[Tomcat].[localhost].[/] - Initializing Spring DispatcherServlet 'dispatcherServlet'
2025-10-29 11:24:15 [http-nio-8080-exec-1] INFO  o.s.web.servlet.DispatcherServlet - Initializing Servlet 'dispatcherServlet'
2025-10-29 11:24:15 [http-nio-8080-exec-1] INFO  o.s.web.servlet.DispatcherServlet - Completed initialization in 1 ms
2025-10-29 11:24:15 [http-nio-8080-exec-1] INFO  c.g.d.controller.DashboardController - Loading homepage
2025-10-29 11:24:15 [http-nio-8080-exec-1] INFO  c.g.d.service.DashboardService - Fetching all districts
2025-10-29 11:24:25 [http-nio-8080-exec-3] INFO  c.g.d.controller.DashboardController - Loading dashboard for district: SITAPUR
2025-10-29 11:24:25 [http-nio-8080-exec-3] INFO  c.g.d.service.DashboardService - Generating dashboard summary for district: SITAPUR
2025-10-29 11:24:25 [http-nio-8080-exec-3] INFO  c.g.d.service.DashboardService - Fetching performance data for district: SITAPUR
2025-10-29 11:24:26 [http-nio-8080-exec-2] INFO  c.g.d.controller.DashboardController - Generating chart for district: SITAPUR
2025-10-29 11:24:26 [http-nio-8080-exec-2] INFO  c.g.d.service.DashboardService - Fetching performance data for district: SITAPUR
2025-10-29 11:24:48 [http-nio-8080-exec-9] INFO  c.g.d.controller.DashboardController - Loading homepage
2025-10-29 11:24:48 [http-nio-8080-exec-9] INFO  c.g.d.service.DashboardService - Fetching all districts
2025-10-29 11:24:50 [http-nio-8080-exec-10] INFO  c.g.d.controller.DashboardController - Loading homepage
2025-10-29 11:24:50 [http-nio-8080-exec-10] INFO  c.g.d.service.DashboardService - Fetching all districts
2025-10-29 11:24:51 [http-nio-8080-exec-4] INFO  c.g.d.controller.DashboardController - Loading homepage
2025-10-29 11:24:51 [http-nio-8080-exec-4] INFO  c.g.d.service.DashboardService - Fetching all districts
2025-10-29 11:25:03 [http-nio-8080-exec-5] INFO  c.g.d.controller.DashboardController - Loading dashboard for district: AGRA
2025-10-29 11:25:03 [http-nio-8080-exec-5] INFO  c.g.d.service.DashboardService - Generating dashboard summary for district: AGRA
2025-10-29 11:25:03 [http-nio-8080-exec-5] INFO  c.g.d.service.DashboardService - Fetching performance data for district: AGRA
2025-10-29 11:25:03 [http-nio-8080-exec-3] INFO  c.g.d.controller.DashboardController - Generating chart for district: AGRA
2025-10-29 11:25:03 [http-nio-8080-exec-3] INFO  c.g.d.service.DashboardService - Fetching performance data for district: AGRA
2025-10-29 11:25:12 [http-nio-8080-exec-6] INFO  c.g.d.controller.DashboardController - Loading homepage
2025-10-29 11:25:12 [http-nio-8080-exec-6] INFO  c.g.d.service.DashboardService - Fetching all districts
2025-10-29 11:27:56 [SpringApplicationShutdownHook] INFO  o.s.o.j.LocalContainerEntityManagerFactoryBean - Closing JPA EntityManagerFactory for persistence unit 'default'
2025-10-29 11:27:56 [SpringApplicationShutdownHook] INFO  com.zaxxer.hikari.HikariDataSource - HikariPool-1 - Shutdown initiated...
2025-10-29 11:27:56 [SpringApplicationShutdownHook] INFO  com.zaxxer.hikari.HikariDataSource - HikariPool-1 - Shutdown completed.
2025-10-29 11:28:06 [main] INFO  c.g.dashboard.JanmanregaApplication - Starting JanmanregaApplication using Java 25 with PID 14272 (C:\Users\aspk1\OneDrive\Desktop\Gov Project\Gov Project\target\classes started by aspk1 in C:\Users\aspk1\OneDrive\Desktop\Gov Project)
2025-10-29 11:28:06 [main] INFO  c.g.dashboard.JanmanregaApplication - No active profile set, falling back to 1 default profile: "default"
2025-10-29 11:28:10 [main] INFO  o.s.d.r.c.RepositoryConfigurationDelegate - Bootstrapping Spring Data JPA repositories in DEFAULT mode.
2025-10-29 11:28:10 [main] INFO  o.s.d.r.c.RepositoryConfigurationDelegate - Finished Spring Data repository scanning in 194 ms. Found 1 JPA repository interface.
2025-10-29 11:28:13 [main] INFO  o.s.b.w.e.tomcat.TomcatWebServer - Tomcat initialized with port 8080 (http)
2025-10-29 11:28:14 [main] INFO  o.a.catalina.core.StandardService - Starting service [Tomcat]
2025-10-29 11:28:14 [main] INFO  o.a.catalina.core.StandardEngine - Starting Servlet engine: [Apache Tomcat/10.1.16]
2025-10-29 11:28:14 [main] INFO  o.a.c.c.C.[Tomcat].[localhost].[/] - Initializing Spring embedded WebApplicationContext
2025-10-29 11:28:14 [main] INFO  o.s.b.w.s.c.ServletWebServerApplicationContext - Root WebApplicationContext: initialization completed in 7589 ms
2025-10-29 11:28:15 [main] INFO  o.h.jpa.internal.util.LogHelper - HHH000204: Processing PersistenceUnitInfo [name: default]
2025-10-29 11:28:15 [main] INFO  org.hibernate.Version - HHH000412: Hibernate ORM core version 6.3.1.Final
2025-10-29 11:28:16 [main] INFO  o.h.c.i.RegionFactoryInitiator - HHH000026: Second-level cache disabled
2025-10-29 11:28:17 [main] INFO  o.s.o.j.p.SpringPersistenceUnitInfo - No LoadTimeWeaver setup: ignoring JPA class transformer
2025-10-29 11:28:17 [main] INFO  com.zaxxer.hikari.HikariDataSource - HikariPool-1 - Starting...
2025-10-29 11:28:18 [main] INFO  com.zaxxer.hikari.pool.HikariPool - HikariPool-1 - Added connection org.postgresql.jdbc.PgConnection@5599dc60
2025-10-29 11:28:18 [main] INFO  com.zaxxer.hikari.HikariDataSource - HikariPool-1 - Start completed.
2025-10-29 11:28:18 [main] WARN  org.hibernate.orm.deprecation - HHH90000025: PostgreSQLDialect does not need to be specified explicitly using 'hibernate.dialect' (remove the property setting and it will be selected by default)
2025-10-29 11:28:22 [main] INFO  o.h.e.t.j.p.i.JtaPlatformInitiator - HHH000489: No JTA platform available (set 'hibernate.transaction.jta.platform' to enable JTA platform integration)
2025-10-29 11:28:22 [main] INFO  o.s.o.j.LocalContainerEntityManagerFactoryBean - Initialized JPA EntityManagerFactory for persistence unit 'default'
2025-10-29 11:28:23 [main] INFO  o.s.d.j.r.query.QueryEnhancerFactory - Hibernate is in classpath; If applicable, HQL parser will be used.
2025-10-29 11:28:26 [main] INFO  c.g.d.service.DataInitializer - Database already contains data, skipping initialization
2025-10-29 11:28:26 [main] WARN  o.s.b.a.o.j.JpaBaseConfiguration$JpaWebConfiguration - spring.jpa.open-in-view is enabled by default. Therefore, database queries may be performed during view rendering. Explicitly configure spring.jpa.open-in-view to disable this warning
2025-10-29 11:28:27 [main] INFO  o.s.b.a.w.s.WelcomePageHandlerMapping - Adding welcome page template: index
2025-10-29 11:28:30 [main] INFO  o.s.b.a.e.web.EndpointLinksResolver - Exposing 3 endpoint(s) beneath base path '/actuator'
2025-10-29 11:28:31 [main] INFO  o.s.b.w.e.tomcat.TomcatWebServer - Tomcat started on port 8080 (http) with context path ''
2025-10-29 11:28:31 [main] INFO  c.g.dashboard.JanmanregaApplication - Started JanmanregaApplication in 26.983 seconds (process running for 29.901)
2025-10-29 11:28:52 [http-nio-8080-exec-1] INFO  o.a.c.c.C.[Tomcat].[localhost].[/] - Initializing Spring DispatcherServlet 'dispatcherServlet'
2025-10-29 11:28:52 [http-nio-8080-exec-1] INFO  o.s.web.servlet.DispatcherServlet - Initializing Servlet 'dispatcherServlet'
2025-10-29 11:28:52 [http-nio-8080-exec-1] INFO  o.s.web.servlet.DispatcherServlet - Completed initialization in 0 ms
2025-10-29 11:28:52 [http-nio-8080-exec-1] INFO  c.g.d.controller.DashboardController - Loading homepage
2025-10-29 11:28:52 [http-nio-8080-exec-1] INFO  c.g.d.service.DashboardService - Fetching all districts
2025-10-29 11:29:03 [http-nio-8080-exec-5] INFO  c.g.d.controller.DashboardController - Loading dashboard for district: AGRA
2025-10-29 11:29:03 [http-nio-8080-exec-5] INFO  c.g.d.service.DashboardService - Generating dashboard summary for district: AGRA
2025-10-29 11:29:03 [http-nio-8080-exec-5] INFO  c.g.d.service.DashboardService - Fetching performance data for district: AGRA
2025-10-29 11:29:04 [http-nio-8080-exec-6] INFO  c.g.d.controller.DashboardController - Generating chart for district: AGRA
2025-10-29 11:29:04 [http-nio-8080-exec-6] INFO  c.g.d.service.DashboardService - Fetching performance data for district: AGRA
2025-10-29 11:29:06 [http-nio-8080-exec-9] INFO  c.g.d.controller.DashboardController - Loading dashboard for district: ALIGARH
2025-10-29 11:29:06 [http-nio-8080-exec-9] INFO  c.g.d.service.DashboardService - Generating dashboard summary for district: ALIGARH
2025-10-29 11:29:06 [http-nio-8080-exec-9] INFO  c.g.d.service.DashboardService - Fetching performance data for district: ALIGARH
2025-10-29 11:29:07 [http-nio-8080-exec-10] INFO  c.g.d.controller.DashboardController - Generating chart for district: ALIGARH
2025-10-29 11:29:07 [http-nio-8080-exec-10] INFO  c.g.d.service.DashboardService - Fetching performance data for district: ALIGARH
2025-10-29 11:29:18 [http-nio-8080-exec-8] INFO  c.g.d.controller.DashboardController - Loading homepage
2025-10-29 11:29:18 [http-nio-8080-exec-8] INFO  c.g.d.service.DashboardService - Fetching all districts
2025-10-29 11:29:38 [http-nio-8080-exec-2] INFO  c.g.d.controller.DashboardController - Loading dashboard for district: AYODHYA
2025-10-29 11:29:38 [http-nio-8080-exec-2] INFO  c.g.d.service.DashboardService - Generating dashboard summary for district: AYODHYA
2025-10-29 11:29:38 [http-nio-8080-exec-2] INFO  c.g.d.service.DashboardService - Fetching performance data for district: AYODHYA
2025-10-29 11:29:38 [http-nio-8080-exec-5] INFO  c.g.d.controller.DashboardController - Generating chart for district: AYODHYA
2025-10-29 11:29:38 [http-nio-8080-exec-5] INFO  c.g.d.service.DashboardService - Fetching performance data for district: AYODHYA
2025-10-29 11:29:47 [http-nio-8080-exec-10] INFO  c.g.d.controller.DashboardController - Loading homepage
2025-10-29 11:29:47 [http-nio-8080-exec-10] INFO  c.g.d.service.DashboardService - Fetching all districts
2025-10-29 11:33:41 [SpringApplicationShutdownHook] INFO  o.s.o.j.LocalContainerEntityManagerFactoryBean - Closing JPA EntityManagerFactory for persistence unit 'default'
2025-10-29 11:33:41 [SpringApplicationShutdownHook] INFO  com.zaxxer.hikari.HikariDataSource - HikariPool-1 - Shutdown initiated...
2025-10-29 11:33:41 [SpringApplicationShutdownHook] INFO  com.zaxxer.hikari.HikariDataSource - HikariPool-1 - Shutdown completed.
2025-10-29 11:35:09 [main] INFO  c.g.dashboard.JanmanregaApplication - Starting JanmanregaApplication using Java 25 with PID 15444 (C:\Users\aspk1\OneDrive\Desktop\Gov Project\Gov Project\target\classes started by aspk1 in C:\Users\aspk1\OneDrive\Desktop\Gov Project)
2025-10-29 11:35:09 [main] INFO  c.g.dashboard.JanmanregaApplication - No active profile set, falling back to 1 default profile: "default"
2025-10-29 11:35:10 [main] INFO  o.s.d.r.c.RepositoryConfigurationDelegate - Bootstrapping Spring Data JPA repositories in DEFAULT mode.
2025-10-29 11:35:11 [main] INFO  o.s.d.r.c.RepositoryConfigurationDelegate - Finished Spring Data repository scanning in 97 ms. Found 1 JPA repository interface.
2025-10-29 11:35:12 [main] INFO  o.s.b.w.e.tomcat.TomcatWebServer - Tomcat initialized with port 8080 (http)
2025-10-29 11:35:12 [main] INFO  o.a.catalina.core.StandardService - Starting service [Tomcat]
2025-10-29 11:35:12 [main] INFO  o.a.catalina.core.StandardEngine - Starting Servlet engine: [Apache Tomcat/10.1.16]
2025-10-29 11:35:12 [main] INFO  o.a.c.c.C.[Tomcat].[localhost].[/] - Initializing Spring embedded WebApplicationContext
2025-10-29 11:35:12 [main] INFO  o.s.b.w.s.c.ServletWebServerApplicationContext - Root WebApplicationContext: initialization completed in 3599 ms
2025-10-29 11:35:13 [main] INFO  o.h.jpa.internal.util.LogHelper - HHH000204: Processing PersistenceUnitInfo [name: default]
2025-10-29 11:35:13 [main] INFO  org.hibernate.Version - HHH000412: Hibernate ORM core version 6.3.1.Final
2025-10-29 11:35:13 [main] INFO  o.h.c.i.RegionFactoryInitiator - HHH000026: Second-level cache disabled
2025-10-29 11:35:14 [main] INFO  o.s.o.j.p.SpringPersistenceUnitInfo - No LoadTimeWeaver setup: ignoring JPA class transformer
2025-10-29 11:35:14 [main] INFO  com.zaxxer.hikari.HikariDataSource - HikariPool-1 - Starting...
2025-10-29 11:35:14 [main] INFO  com.zaxxer.hikari.pool.HikariPool - HikariPool-1 - Added connection org.postgresql.jdbc.PgConnection@31082efa
2025-10-29 11:35:14 [main] INFO  com.zaxxer.hikari.HikariDataSource - HikariPool-1 - Start completed.
2025-10-29 11:35:14 [main] WARN  org.hibernate.orm.deprecation - HHH90000025: PostgreSQLDialect does not need to be specified explicitly using 'hibernate.dialect' (remove the property setting and it will be selected by default)
2025-10-29 11:35:16 [main] INFO  o.h.e.t.j.p.i.JtaPlatformInitiator - HHH000489: No JTA platform available (set 'hibernate.transaction.jta.platform' to enable JTA platform integration)
2025-10-29 11:35:16 [main] INFO  o.s.o.j.LocalContainerEntityManagerFactoryBean - Initialized JPA EntityManagerFactory for persistence unit 'default'
2025-10-29 11:35:17 [main] INFO  o.s.d.j.r.query.QueryEnhancerFactory - Hibernate is in classpath; If applicable, HQL parser will be used.
2025-10-29 11:35:18 [main] INFO  c.g.d.service.DataInitializer - Database already contains data, skipping initialization
2025-10-29 11:35:18 [main] WARN  o.s.b.a.o.j.JpaBaseConfiguration$JpaWebConfiguration - spring.jpa.open-in-view is enabled by default. Therefore, database queries may be performed during view rendering. Explicitly configure spring.jpa.open-in-view to disable this warning
2025-10-29 11:35:18 [main] INFO  o.s.b.a.w.s.WelcomePageHandlerMapping - Adding welcome page template: index
2025-10-29 11:35:19 [main] INFO  o.s.b.a.e.web.EndpointLinksResolver - Exposing 3 endpoint(s) beneath base path '/actuator'
2025-10-29 11:35:19 [main] INFO  o.s.b.w.e.tomcat.TomcatWebServer - Tomcat started on port 8080 (http) with context path ''
2025-10-29 11:35:19 [main] INFO  c.g.dashboard.JanmanregaApplication - Started JanmanregaApplication in 11.845 seconds (process running for 14.572)
2025-10-29 11:35:59 [http-nio-8080-exec-1] INFO  o.a.c.c.C.[Tomcat].[localhost].[/] - Initializing Spring DispatcherServlet 'dispatcherServlet'
2025-10-29 11:35:59 [http-nio-8080-exec-1] INFO  o.s.web.servlet.DispatcherServlet - Initializing Servlet 'dispatcherServlet'
2025-10-29 11:35:59 [http-nio-8080-exec-1] INFO  o.s.web.servlet.DispatcherServlet - Completed initialization in 3 ms
2025-10-29 11:35:59 [http-nio-8080-exec-1] INFO  c.g.d.controller.DashboardController - Loading homepage
2025-10-29 11:35:59 [http-nio-8080-exec-1] INFO  c.g.d.service.DashboardService - Fetching all districts
2025-10-29 11:36:18 [http-nio-8080-exec-6] INFO  c.g.d.controller.DashboardController - Loading dashboard for district: AGRA
2025-10-29 11:36:18 [http-nio-8080-exec-6] INFO  c.g.d.service.DashboardService - Generating dashboard summary for district: AGRA
2025-10-29 11:36:18 [http-nio-8080-exec-6] INFO  c.g.d.service.DashboardService - Fetching performance data for district: AGRA
2025-10-29 11:36:18 [http-nio-8080-exec-4] INFO  c.g.d.controller.DashboardController - Generating chart for district: AGRA
2025-10-29 11:36:18 [http-nio-8080-exec-4] INFO  c.g.d.service.DashboardService - Fetching performance data for district: AGRA
2025-10-29 11:36:23 [http-nio-8080-exec-5] INFO  c.g.d.controller.DashboardController - Loading homepage
2025-10-29 11:36:23 [http-nio-8080-exec-5] INFO  c.g.d.service.DashboardService - Fetching all districts
2025-10-29 12:05:49 [SpringApplicationShutdownHook] INFO  o.s.o.j.LocalContainerEntityManagerFactoryBean - Closing JPA EntityManagerFactory for persistence unit 'default'
2025-10-29 12:05:49 [SpringApplicationShutdownHook] INFO  com.zaxxer.hikari.HikariDataSource - HikariPool-1 - Shutdown initiated...
2025-10-29 12:05:49 [SpringApplicationShutdownHook] INFO  com.zaxxer.hikari.HikariDataSource - HikariPool-1 - Shutdown completed.
2025-10-29 12:06:03 [main] INFO  c.g.dashboard.JanmanregaApplication - Starting JanmanregaApplication using Java 25 with PID 4244 (C:\Users\aspk1\OneDrive\Desktop\Gov Project\Gov Project\target\classes started by aspk1 in C:\Users\aspk1\OneDrive\Desktop\Gov Project)
2025-10-29 12:06:03 [main] INFO  c.g.dashboard.JanmanregaApplication - No active profile set, falling back to 1 default profile: "default"
2025-10-29 12:06:05 [main] INFO  o.s.d.r.c.RepositoryConfigurationDelegate - Bootstrapping Spring Data JPA repositories in DEFAULT mode.
2025-10-29 12:06:05 [main] INFO  o.s.d.r.c.RepositoryConfigurationDelegate - Finished Spring Data repository scanning in 88 ms. Found 1 JPA repository interface.
2025-10-29 12:06:06 [main] INFO  o.s.b.w.e.tomcat.TomcatWebServer - Tomcat initialized with port 8080 (http)
2025-10-29 12:06:06 [main] INFO  o.a.catalina.core.StandardService - Starting service [Tomcat]
2025-10-29 12:06:06 [main] INFO  o.a.catalina.core.StandardEngine - Starting Servlet engine: [Apache Tomcat/10.1.16]
2025-10-29 12:06:07 [main] INFO  o.a.c.c.C.[Tomcat].[localhost].[/] - Initializing Spring embedded WebApplicationContext
2025-10-29 12:06:07 [main] INFO  o.s.b.w.s.c.ServletWebServerApplicationContext - Root WebApplicationContext: initialization completed in 3370 ms
2025-10-29 12:06:07 [main] INFO  o.h.jpa.internal.util.LogHelper - HHH000204: Processing PersistenceUnitInfo [name: default]
2025-10-29 12:06:07 [main] INFO  org.hibernate.Version - HHH000412: Hibernate ORM core version 6.3.1.Final
2025-10-29 12:06:07 [main] INFO  o.h.c.i.RegionFactoryInitiator - HHH000026: Second-level cache disabled
2025-10-29 12:06:08 [main] INFO  o.s.o.j.p.SpringPersistenceUnitInfo - No LoadTimeWeaver setup: ignoring JPA class transformer
2025-10-29 12:06:08 [main] INFO  com.zaxxer.hikari.HikariDataSource - HikariPool-1 - Starting...
2025-10-29 12:06:08 [main] INFO  com.zaxxer.hikari.pool.HikariPool - HikariPool-1 - Added connection org.postgresql.jdbc.PgConnection@7dddfc35
2025-10-29 12:06:08 [main] INFO  com.zaxxer.hikari.HikariDataSource - HikariPool-1 - Start completed.
2025-10-29 12:06:08 [main] WARN  org.hibernate.orm.deprecation - HHH90000025: PostgreSQLDialect does not need to be specified explicitly using 'hibernate.dialect' (remove the property setting and it will be selected by default)
2025-10-29 12:06:10 [main] INFO  o.h.e.t.j.p.i.JtaPlatformInitiator - HHH000489: No JTA platform available (set 'hibernate.transaction.jta.platform' to enable JTA platform integration)
2025-10-29 12:06:10 [main] INFO  o.s.o.j.LocalContainerEntityManagerFactoryBean - Initialized JPA EntityManagerFactory for persistence unit 'default'
2025-10-29 12:06:11 [main] INFO  o.s.d.j.r.query.QueryEnhancerFactory - Hibernate is in classpath; If applicable, HQL parser will be used.
2025-10-29 12:06:12 [main] INFO  c.g.d.service.DataInitializer - Database already contains data, skipping initialization
2025-10-29 12:06:12 [main] WARN  o.s.b.a.o.j.JpaBaseConfiguration$JpaWebConfiguration - spring.jpa.open-in-view is enabled by default. Therefore, database queries may be performed during view rendering. Explicitly configure spring.jpa.open-in-view to disable this warning
2025-10-29 12:06:12 [main] INFO  o.s.b.a.w.s.WelcomePageHandlerMapping - Adding welcome page template: index
2025-10-29 12:06:14 [main] INFO  o.s.b.a.e.web.EndpointLinksResolver - Exposing 3 endpoint(s) beneath base path '/actuator'
2025-10-29 12:06:14 [main] INFO  o.s.b.w.e.tomcat.TomcatWebServer - Tomcat started on port 8080 (http) with context path ''
2025-10-29 12:06:14 [main] INFO  c.g.dashboard.JanmanregaApplication - Started JanmanregaApplication in 12.081 seconds (process running for 22.377)
2025-10-29 12:06:17 [http-nio-8080-exec-1] INFO  o.a.c.c.C.[Tomcat].[localhost].[/] - Initializing Spring DispatcherServlet 'dispatcherServlet'
2025-10-29 12:06:17 [http-nio-8080-exec-1] INFO  o.s.web.servlet.DispatcherServlet - Initializing Servlet 'dispatcherServlet'
2025-10-29 12:06:17 [http-nio-8080-exec-1] INFO  o.s.web.servlet.DispatcherServlet - Completed initialization in 3 ms
2025-10-29 12:06:17 [http-nio-8080-exec-1] INFO  c.g.d.controller.DashboardController - Loading homepage
2025-10-29 12:06:17 [http-nio-8080-exec-1] INFO  c.g.d.service.DashboardService - Fetching all districts
2025-10-29 12:06:31 [http-nio-8080-exec-5] INFO  c.g.d.controller.DashboardController - Loading homepage
2025-10-29 12:06:31 [http-nio-8080-exec-5] INFO  c.g.d.service.DashboardService - Fetching all districts
2025-10-29 12:06:34 [http-nio-8080-exec-6] INFO  c.g.d.controller.DashboardController - Loading dashboard for district: AGRA
2025-10-29 12:06:34 [http-nio-8080-exec-6] INFO  c.g.d.service.DashboardService - Generating dashboard summary for district: AGRA
2025-10-29 12:06:34 [http-nio-8080-exec-6] INFO  c.g.d.service.DashboardService - Fetching performance data for district: AGRA
2025-10-29 12:06:34 [http-nio-8080-exec-4] INFO  c.g.d.controller.DashboardController - Generating chart for district: AGRA
2025-10-29 12:06:34 [http-nio-8080-exec-4] INFO  c.g.d.service.DashboardService - Fetching performance data for district: AGRA
2025-10-29 12:28:27 [SpringApplicationShutdownHook] INFO  o.s.o.j.LocalContainerEntityManagerFactoryBean - Closing JPA EntityManagerFactory for persistence unit 'default'
2025-10-29 12:28:27 [SpringApplicationShutdownHook] INFO  com.zaxxer.hikari.HikariDataSource - HikariPool-1 - Shutdown initiated...
2025-10-29 12:28:27 [SpringApplicationShutdownHook] INFO  com.zaxxer.hikari.HikariDataSource - HikariPool-1 - Shutdown completed.
2025-10-29 12:28:32 [main] INFO  c.g.dashboard.JanmanregaApplication - Starting JanmanregaApplication using Java 25 with PID 9604 (C:\Users\aspk1\OneDrive\Desktop\Gov Project\Gov Project\target\classes started by aspk1 in C:\Users\aspk1\OneDrive\Desktop\Gov Project)
2025-10-29 12:28:32 [main] INFO  c.g.dashboard.JanmanregaApplication - No active profile set, falling back to 1 default profile: "default"
2025-10-29 12:28:34 [main] INFO  o.s.d.r.c.RepositoryConfigurationDelegate - Bootstrapping Spring Data JPA repositories in DEFAULT mode.
2025-10-29 12:28:34 [main] INFO  o.s.d.r.c.RepositoryConfigurationDelegate - Finished Spring Data repository scanning in 75 ms. Found 1 JPA repository interface.
2025-10-29 12:28:37 [main] INFO  o.s.b.w.e.tomcat.TomcatWebServer - Tomcat initialized with port 8080 (http)
2025-10-29 12:28:37 [main] INFO  o.a.catalina.core.StandardService - Starting service [Tomcat]
2025-10-29 12:28:37 [main] INFO  o.a.catalina.core.StandardEngine - Starting Servlet engine: [Apache Tomcat/10.1.16]
2025-10-29 12:28:37 [main] INFO  o.a.c.c.C.[Tomcat].[localhost].[/] - Initializing Spring embedded WebApplicationContext
2025-10-29 12:28:37 [main] INFO  o.s.b.w.s.c.ServletWebServerApplicationContext - Root WebApplicationContext: initialization completed in 4660 ms
2025-10-29 12:28:37 [main] INFO  o.h.jpa.internal.util.LogHelper - HHH000204: Processing PersistenceUnitInfo [name: default]
2025-10-29 12:28:38 [main] INFO  org.hibernate.Version - HHH000412: Hibernate ORM core version 6.3.1.Final
2025-10-29 12:28:38 [main] INFO  o.h.c.i.RegionFactoryInitiator - HHH000026: Second-level cache disabled
2025-10-29 12:28:38 [main] INFO  o.s.o.j.p.SpringPersistenceUnitInfo - No LoadTimeWeaver setup: ignoring JPA class transformer
2025-10-29 12:28:38 [main] INFO  com.zaxxer.hikari.HikariDataSource - HikariPool-1 - Starting...
2025-10-29 12:28:38 [main] INFO  com.zaxxer.hikari.pool.HikariPool - HikariPool-1 - Added connection org.postgresql.jdbc.PgConnection@1bb172dd
2025-10-29 12:28:38 [main] INFO  com.zaxxer.hikari.HikariDataSource - HikariPool-1 - Start completed.
2025-10-29 12:28:39 [main] WARN  org.hibernate.orm.deprecation - HHH90000025: PostgreSQLDialect does not need to be specified explicitly using 'hibernate.dialect' (remove the property setting and it will be selected by default)
2025-10-29 12:28:41 [main] INFO  o.h.e.t.j.p.i.JtaPlatformInitiator - HHH000489: No JTA platform available (set 'hibernate.transaction.jta.platform' to enable JTA platform integration)
2025-10-29 12:28:41 [main] INFO  o.s.o.j.LocalContainerEntityManagerFactoryBean - Initialized JPA EntityManagerFactory for persistence unit 'default'
2025-10-29 12:28:41 [main] INFO  o.s.d.j.r.query.QueryEnhancerFactory - Hibernate is in classpath; If applicable, HQL parser will be used.
2025-10-29 12:28:42 [main] INFO  c.g.d.service.DataInitializer - Database already contains data, skipping initialization
2025-10-29 12:28:42 [main] WARN  o.s.b.a.o.j.JpaBaseConfiguration$JpaWebConfiguration - spring.jpa.open-in-view is enabled by default. Therefore, database queries may be performed during view rendering. Explicitly configure spring.jpa.open-in-view to disable this warning
2025-10-29 12:28:42 [main] INFO  o.s.b.a.w.s.WelcomePageHandlerMapping - Adding welcome page template: index
2025-10-29 12:28:43 [main] INFO  o.s.b.a.e.web.EndpointLinksResolver - Exposing 3 endpoint(s) beneath base path '/actuator'
2025-10-29 12:28:43 [main] INFO  o.s.b.w.e.tomcat.TomcatWebServer - Tomcat started on port 8080 (http) with context path ''
2025-10-29 12:28:43 [main] INFO  c.g.dashboard.JanmanregaApplication - Started JanmanregaApplication in 12.232 seconds (process running for 13.296)
2025-10-29 12:28:49 [http-nio-8080-exec-2] INFO  o.a.c.c.C.[Tomcat].[localhost].[/] - Initializing Spring DispatcherServlet 'dispatcherServlet'
2025-10-29 12:28:49 [http-nio-8080-exec-2] INFO  o.s.web.servlet.DispatcherServlet - Initializing Servlet 'dispatcherServlet'
2025-10-29 12:28:49 [http-nio-8080-exec-2] INFO  o.s.web.servlet.DispatcherServlet - Completed initialization in 2 ms
2025-10-29 12:28:49 [http-nio-8080-exec-2] INFO  c.g.d.controller.DashboardController - Loading homepage
2025-10-29 12:28:49 [http-nio-8080-exec-1] INFO  c.g.d.controller.DashboardController - Loading homepage
2025-10-29 12:28:49 [http-nio-8080-exec-1] INFO  c.g.d.service.DashboardService - Fetching all districts
2025-10-29 12:28:49 [http-nio-8080-exec-2] INFO  c.g.d.service.DashboardService - Fetching all districts
2025-10-29 12:44:03 [SpringApplicationShutdownHook] INFO  o.s.o.j.LocalContainerEntityManagerFactoryBean - Closing JPA EntityManagerFactory for persistence unit 'default'
2025-10-29 12:44:04 [SpringApplicationShutdownHook] INFO  com.zaxxer.hikari.HikariDataSource - HikariPool-1 - Shutdown initiated...
2025-10-29 12:44:04 [SpringApplicationShutdownHook] INFO  com.zaxxer.hikari.HikariDataSource - HikariPool-1 - Shutdown completed.
2025-10-29 12:44:08 [main] INFO  c.g.dashboard.JanmanregaApplication - Starting JanmanregaApplication using Java 25 with PID 27540 (C:\Users\aspk1\OneDrive\Desktop\Gov Project\Gov Project\target\classes started by aspk1 in C:\Users\aspk1\OneDrive\Desktop\Gov Project)
2025-10-29 12:44:08 [main] INFO  c.g.dashboard.JanmanregaApplication - No active profile set, falling back to 1 default profile: "default"
2025-10-29 12:44:10 [main] INFO  o.s.d.r.c.RepositoryConfigurationDelegate - Bootstrapping Spring Data JPA repositories in DEFAULT mode.
2025-10-29 12:44:10 [main] INFO  o.s.d.r.c.RepositoryConfigurationDelegate - Finished Spring Data repository scanning in 108 ms. Found 1 JPA repository interface.
2025-10-29 12:44:12 [main] INFO  o.s.b.w.e.tomcat.TomcatWebServer - Tomcat initialized with port 8080 (http)
2025-10-29 12:44:12 [main] INFO  o.a.catalina.core.StandardService - Starting service [Tomcat]
2025-10-29 12:44:12 [main] INFO  o.a.catalina.core.StandardEngine - Starting Servlet engine: [Apache Tomcat/10.1.16]
2025-10-29 12:44:12 [main] INFO  o.a.c.c.C.[Tomcat].[localhost].[/] - Initializing Spring embedded WebApplicationContext
2025-10-29 12:44:12 [main] INFO  o.s.b.w.s.c.ServletWebServerApplicationContext - Root WebApplicationContext: initialization completed in 3592 ms
2025-10-29 12:44:12 [main] INFO  o.h.jpa.internal.util.LogHelper - HHH000204: Processing PersistenceUnitInfo [name: default]
2025-10-29 12:44:13 [main] INFO  org.hibernate.Version - HHH000412: Hibernate ORM core version 6.3.1.Final
2025-10-29 12:44:13 [main] INFO  o.h.c.i.RegionFactoryInitiator - HHH000026: Second-level cache disabled
2025-10-29 12:44:13 [main] INFO  o.s.o.j.p.SpringPersistenceUnitInfo - No LoadTimeWeaver setup: ignoring JPA class transformer
2025-10-29 12:44:13 [main] INFO  com.zaxxer.hikari.HikariDataSource - HikariPool-1 - Starting...
2025-10-29 12:44:14 [main] INFO  com.zaxxer.hikari.pool.HikariPool - HikariPool-1 - Added connection org.postgresql.jdbc.PgConnection@55881f40
2025-10-29 12:44:14 [main] INFO  com.zaxxer.hikari.HikariDataSource - HikariPool-1 - Start completed.
2025-10-29 12:44:14 [main] WARN  org.hibernate.orm.deprecation - HHH90000025: PostgreSQLDialect does not need to be specified explicitly using 'hibernate.dialect' (remove the property setting and it will be selected by default)
2025-10-29 12:44:15 [main] INFO  o.h.e.t.j.p.i.JtaPlatformInitiator - HHH000489: No JTA platform available (set 'hibernate.transaction.jta.platform' to enable JTA platform integration)
2025-10-29 12:44:15 [main] INFO  o.s.o.j.LocalContainerEntityManagerFactoryBean - Initialized JPA EntityManagerFactory for persistence unit 'default'
2025-10-29 12:44:15 [main] INFO  o.s.d.j.r.query.QueryEnhancerFactory - Hibernate is in classpath; If applicable, HQL parser will be used.
2025-10-29 12:44:17 [main] INFO  c.g.d.service.DataInitializer - Database already contains data, skipping initialization
2025-10-29 12:44:17 [main] WARN  o.s.b.a.o.j.JpaBaseConfiguration$JpaWebConfiguration - spring.jpa.open-in-view is enabled by default. Therefore, database queries may be performed during view rendering. Explicitly configure spring.jpa.open-in-view to disable this warning
2025-10-29 12:44:17 [main] INFO  o.s.b.a.w.s.WelcomePageHandlerMapping - Adding welcome page template: index
2025-10-29 12:44:18 [main] INFO  o.s.b.a.e.web.EndpointLinksResolver - Exposing 3 endpoint(s) beneath base path '/actuator'
2025-10-29 12:44:18 [main] INFO  o.s.b.w.e.tomcat.TomcatWebServer - Tomcat started on port 8080 (http) with context path ''
2025-10-29 12:44:18 [main] INFO  c.g.dashboard.JanmanregaApplication - Started JanmanregaApplication in 11.385 seconds (process running for 12.38)
2025-10-29 12:45:54 [http-nio-8080-exec-1] INFO  o.a.c.c.C.[Tomcat].[localhost].[/] - Initializing Spring DispatcherServlet 'dispatcherServlet'
2025-10-29 12:45:54 [http-nio-8080-exec-1] INFO  o.s.web.servlet.DispatcherServlet - Initializing Servlet 'dispatcherServlet'
2025-10-29 12:45:54 [http-nio-8080-exec-1] INFO  o.s.web.servlet.DispatcherServlet - Completed initialization in 0 ms
2025-10-29 12:45:54 [http-nio-8080-exec-1] INFO  c.g.d.controller.DashboardController - Loading homepage
2025-10-29 12:45:54 [http-nio-8080-exec-1] INFO  c.g.d.service.DashboardService - Fetching all districts
2025-10-29 12:47:12 [http-nio-8080-exec-4] INFO  c.g.d.controller.DashboardController - Loading dashboard for district: AGRA
2025-10-29 12:47:12 [http-nio-8080-exec-4] INFO  c.g.d.service.DashboardService - Generating dashboard summary for district: AGRA
2025-10-29 12:47:12 [http-nio-8080-exec-4] INFO  c.g.d.service.DashboardService - Fetching performance data for district: AGRA
2025-10-29 12:47:12 [http-nio-8080-exec-5] INFO  c.g.d.controller.DashboardController - Generating chart for district: AGRA
2025-10-29 12:47:12 [http-nio-8080-exec-5] INFO  c.g.d.service.DashboardService - Fetching performance data for district: AGRA
2025-10-29 12:51:10 [http-nio-8080-exec-6] INFO  c.g.d.controller.DashboardController - Loading dashboard for district: HARDOI
2025-10-29 12:51:10 [http-nio-8080-exec-6] INFO  c.g.d.service.DashboardService - Generating dashboard summary for district: HARDOI
2025-10-29 12:51:10 [http-nio-8080-exec-6] INFO  c.g.d.service.DashboardService - Fetching performance data for district: HARDOI
2025-10-29 12:51:10 [http-nio-8080-exec-7] INFO  c.g.d.controller.DashboardController - Generating chart for district: HARDOI
2025-10-29 12:51:10 [http-nio-8080-exec-7] INFO  c.g.d.service.DashboardService - Fetching performance data for district: HARDOI
2025-10-29 12:52:08 [SpringApplicationShutdownHook] INFO  o.s.o.j.LocalContainerEntityManagerFactoryBean - Closing JPA EntityManagerFactory for persistence unit 'default'
2025-10-29 12:52:08 [SpringApplicationShutdownHook] INFO  com.zaxxer.hikari.HikariDataSource - HikariPool-1 - Shutdown initiated...
2025-10-29 12:52:08 [SpringApplicationShutdownHook] INFO  com.zaxxer.hikari.HikariDataSource - HikariPool-1 - Shutdown completed.
2025-10-29 12:52:12 [main] INFO  c.g.dashboard.JanmanregaApplication - Starting JanmanregaApplication using Java 25 with PID 17512 (C:\Users\aspk1\OneDrive\Desktop\Gov Project\Gov Project\target\classes started by aspk1 in C:\Users\aspk1\OneDrive\Desktop\Gov Project)
2025-10-29 12:52:12 [main] INFO  c.g.dashboard.JanmanregaApplication - No active profile set, falling back to 1 default profile: "default"
2025-10-29 12:52:13 [main] INFO  o.s.d.r.c.RepositoryConfigurationDelegate - Bootstrapping Spring Data JPA repositories in DEFAULT mode.
2025-10-29 12:52:13 [main] INFO  o.s.d.r.c.RepositoryConfigurationDelegate - Finished Spring Data repository scanning in 51 ms. Found 1 JPA repository interface.
2025-10-29 12:52:14 [main] INFO  o.s.b.w.e.tomcat.TomcatWebServer - Tomcat initialized with port 8080 (http)
2025-10-29 12:52:14 [main] INFO  o.a.catalina.core.StandardService - Starting service [Tomcat]
2025-10-29 12:52:14 [main] INFO  o.a.catalina.core.StandardEngine - Starting Servlet engine: [Apache Tomcat/10.1.16]
2025-10-29 12:52:14 [main] INFO  o.a.c.c.C.[Tomcat].[localhost].[/] - Initializing Spring embedded WebApplicationContext
2025-10-29 12:52:14 [main] INFO  o.s.b.w.s.c.ServletWebServerApplicationContext - Root WebApplicationContext: initialization completed in 2519 ms
2025-10-29 12:52:15 [main] INFO  o.h.jpa.internal.util.LogHelper - HHH000204: Processing PersistenceUnitInfo [name: default]
2025-10-29 12:52:15 [main] INFO  org.hibernate.Version - HHH000412: Hibernate ORM core version 6.3.1.Final
2025-10-29 12:52:15 [main] INFO  o.h.c.i.RegionFactoryInitiator - HHH000026: Second-level cache disabled
2025-10-29 12:52:15 [main] INFO  o.s.o.j.p.SpringPersistenceUnitInfo - No LoadTimeWeaver setup: ignoring JPA class transformer
2025-10-29 12:52:15 [main] INFO  com.zaxxer.hikari.HikariDataSource - HikariPool-1 - Starting...
2025-10-29 12:52:16 [main] INFO  com.zaxxer.hikari.pool.HikariPool - HikariPool-1 - Added connection org.postgresql.jdbc.PgConnection@11d1735e
2025-10-29 12:52:16 [main] INFO  com.zaxxer.hikari.HikariDataSource - HikariPool-1 - Start completed.
2025-10-29 12:52:16 [main] WARN  org.hibernate.orm.deprecation - HHH90000025: PostgreSQLDialect does not need to be specified explicitly using 'hibernate.dialect' (remove the property setting and it will be selected by default)
2025-10-29 12:52:17 [main] INFO  o.h.e.t.j.p.i.JtaPlatformInitiator - HHH000489: No JTA platform available (set 'hibernate.transaction.jta.platform' to enable JTA platform integration)
2025-10-29 12:52:17 [main] INFO  o.s.o.j.LocalContainerEntityManagerFactoryBean - Initialized JPA EntityManagerFactory for persistence unit 'default'
2025-10-29 12:52:17 [main] INFO  o.s.d.j.r.query.QueryEnhancerFactory - Hibernate is in classpath; If applicable, HQL parser will be used.
2025-10-29 12:52:18 [main] INFO  c.g.d.service.DataInitializer - Database already contains data, skipping initialization
2025-10-29 12:52:18 [main] WARN  o.s.b.a.o.j.JpaBaseConfiguration$JpaWebConfiguration - spring.jpa.open-in-view is enabled by default. Therefore, database queries may be performed during view rendering. Explicitly configure spring.jpa.open-in-view to disable this warning
2025-10-29 12:52:18 [main] INFO  o.s.b.a.w.s.WelcomePageHandlerMapping - Adding welcome page template: index
2025-10-29 12:52:19 [main] INFO  o.s.b.a.e.web.EndpointLinksResolver - Exposing 3 endpoint(s) beneath base path '/actuator'
2025-10-29 12:52:19 [main] INFO  o.s.b.w.e.tomcat.TomcatWebServer - Tomcat started on port 8080 (http) with context path ''
2025-10-29 12:52:19 [main] INFO  c.g.dashboard.JanmanregaApplication - Started JanmanregaApplication in 7.967 seconds (process running for 8.739)
2025-10-29 12:52:36 [http-nio-8080-exec-1] INFO  o.a.c.c.C.[Tomcat].[localhost].[/] - Initializing Spring DispatcherServlet 'dispatcherServlet'
2025-10-29 12:52:36 [http-nio-8080-exec-1] INFO  o.s.web.servlet.DispatcherServlet - Initializing Servlet 'dispatcherServlet'
2025-10-29 12:52:36 [http-nio-8080-exec-1] INFO  o.s.web.servlet.DispatcherServlet - Completed initialization in 4 ms
2025-10-29 12:52:37 [http-nio-8080-exec-1] INFO  c.g.d.controller.DashboardController - Loading homepage
2025-10-29 12:52:37 [http-nio-8080-exec-1] INFO  c.g.d.service.DashboardService - Fetching all districts
2025-10-29 12:52:46 [http-nio-8080-exec-4] INFO  c.g.d.controller.DashboardController - Loading dashboard for district: AGRA
2025-10-29 12:52:46 [http-nio-8080-exec-4] INFO  c.g.d.service.DashboardService - Generating dashboard summary for district: AGRA
2025-10-29 12:52:46 [http-nio-8080-exec-4] INFO  c.g.d.service.DashboardService - Fetching performance data for district: AGRA
2025-10-29 12:52:46 [http-nio-8080-exec-5] INFO  c.g.d.controller.DashboardController - Generating chart for district: AGRA
2025-10-29 12:52:46 [http-nio-8080-exec-5] INFO  c.g.d.service.DashboardService - Fetching performance data for district: AGRA
2025-10-29 12:52:52 [http-nio-8080-exec-6] INFO  c.g.d.controller.DashboardController - Loading homepage
2025-10-29 12:52:52 [http-nio-8080-exec-6] INFO  c.g.d.service.DashboardService - Fetching all districts
2025-10-29 12:58:38 [SpringApplicationShutdownHook] INFO  o.s.o.j.LocalContainerEntityManagerFactoryBean - Closing JPA EntityManagerFactory for persistence unit 'default'
2025-10-29 12:58:38 [SpringApplicationShutdownHook] INFO  com.zaxxer.hikari.HikariDataSource - HikariPool-1 - Shutdown initiated...
2025-10-29 12:58:38 [SpringApplicationShutdownHook] INFO  com.zaxxer.hikari.HikariDataSource - HikariPool-1 - Shutdown completed.
2025-10-29 12:58:43 [main] INFO  c.g.dashboard.JanmanregaApplication - Starting JanmanregaApplication using Java 25 with PID 10188 (C:\Users\aspk1\OneDrive\Desktop\Gov Project\Gov Project\target\classes started by aspk1 in C:\Users\aspk1\OneDrive\Desktop\Gov Project)
2025-10-29 12:58:43 [main] INFO  c.g.dashboard.JanmanregaApplication - No active profile set, falling back to 1 default profile: "default"
2025-10-29 12:58:44 [main] INFO  o.s.d.r.c.RepositoryConfigurationDelegate - Bootstrapping Spring Data JPA repositories in DEFAULT mode.
2025-10-29 12:58:44 [main] INFO  o.s.d.r.c.RepositoryConfigurationDelegate - Finished Spring Data repository scanning in 62 ms. Found 1 JPA repository interface.
2025-10-29 12:58:46 [main] INFO  o.s.b.w.e.tomcat.TomcatWebServer - Tomcat initialized with port 8080 (http)
2025-10-29 12:58:46 [main] INFO  o.a.catalina.core.StandardService - Starting service [Tomcat]
2025-10-29 12:58:46 [main] INFO  o.a.catalina.core.StandardEngine - Starting Servlet engine: [Apache Tomcat/10.1.16]
2025-10-29 12:58:46 [main] INFO  o.a.c.c.C.[Tomcat].[localhost].[/] - Initializing Spring embedded WebApplicationContext
2025-10-29 12:58:46 [main] INFO  o.s.b.w.s.c.ServletWebServerApplicationContext - Root WebApplicationContext: initialization completed in 2659 ms
2025-10-29 12:58:46 [main] INFO  o.h.jpa.internal.util.LogHelper - HHH000204: Processing PersistenceUnitInfo [name: default]
2025-10-29 12:58:46 [main] INFO  org.hibernate.Version - HHH000412: Hibernate ORM core version 6.3.1.Final
2025-10-29 12:58:46 [main] INFO  o.h.c.i.RegionFactoryInitiator - HHH000026: Second-level cache disabled
2025-10-29 12:58:47 [main] INFO  o.s.o.j.p.SpringPersistenceUnitInfo - No LoadTimeWeaver setup: ignoring JPA class transformer
2025-10-29 12:58:47 [main] INFO  com.zaxxer.hikari.HikariDataSource - HikariPool-1 - Starting...
2025-10-29 12:58:47 [main] INFO  com.zaxxer.hikari.pool.HikariPool - HikariPool-1 - Added connection org.postgresql.jdbc.PgConnection@6f65aa58
2025-10-29 12:58:47 [main] INFO  com.zaxxer.hikari.HikariDataSource - HikariPool-1 - Start completed.
2025-10-29 12:58:47 [main] WARN  org.hibernate.orm.deprecation - HHH90000025: PostgreSQLDialect does not need to be specified explicitly using 'hibernate.dialect' (remove the property setting and it will be selected by default)
2025-10-29 12:58:49 [main] INFO  o.h.e.t.j.p.i.JtaPlatformInitiator - HHH000489: No JTA platform available (set 'hibernate.transaction.jta.platform' to enable JTA platform integration)
2025-10-29 12:58:49 [main] INFO  o.s.o.j.LocalContainerEntityManagerFactoryBean - Initialized JPA EntityManagerFactory for persistence unit 'default'
2025-10-29 12:58:49 [main] INFO  o.s.d.j.r.query.QueryEnhancerFactory - Hibernate is in classpath; If applicable, HQL parser will be used.
2025-10-29 12:58:50 [main] INFO  c.g.d.service.DataInitializer - Database already contains data, skipping initialization
2025-10-29 12:58:50 [main] WARN  o.s.b.a.o.j.JpaBaseConfiguration$JpaWebConfiguration - spring.jpa.open-in-view is enabled by default. Therefore, database queries may be performed during view rendering. Explicitly configure spring.jpa.open-in-view to disable this warning
2025-10-29 12:58:50 [main] INFO  o.s.b.a.w.s.WelcomePageHandlerMapping - Adding welcome page template: index
2025-10-29 12:58:51 [main] INFO  o.s.b.a.e.web.EndpointLinksResolver - Exposing 3 endpoint(s) beneath base path '/actuator'
2025-10-29 12:58:51 [main] INFO  o.s.b.w.e.tomcat.TomcatWebServer - Tomcat started on port 8080 (http) with context path ''
2025-10-29 12:58:51 [main] INFO  c.g.dashboard.JanmanregaApplication - Started JanmanregaApplication in 9.17 seconds (process running for 9.784)
2025-10-29 12:58:54 [http-nio-8080-exec-2] INFO  o.a.c.c.C.[Tomcat].[localhost].[/] - Initializing Spring DispatcherServlet 'dispatcherServlet'
2025-10-29 12:58:54 [http-nio-8080-exec-2] INFO  o.s.web.servlet.DispatcherServlet - Initializing Servlet 'dispatcherServlet'
2025-10-29 12:58:54 [http-nio-8080-exec-2] INFO  o.s.web.servlet.DispatcherServlet - Completed initialization in 2 ms
2025-10-29 12:58:55 [http-nio-8080-exec-2] INFO  c.g.d.controller.DashboardController - Loading homepage
2025-10-29 12:58:55 [http-nio-8080-exec-2] INFO  c.g.d.service.DashboardService - Fetching all districts
2025-10-29 12:58:59 [http-nio-8080-exec-4] INFO  c.g.d.controller.DashboardController - Loading homepage
2025-10-29 12:58:59 [http-nio-8080-exec-4] INFO  c.g.d.service.DashboardService - Fetching all districts
2025-10-29 12:59:00 [http-nio-8080-exec-5] INFO  c.g.d.controller.DashboardController - Loading homepage
2025-10-29 12:59:00 [http-nio-8080-exec-5] INFO  c.g.d.service.DashboardService - Fetching all districts
2025-10-29 12:59:01 [http-nio-8080-exec-6] INFO  c.g.d.controller.DashboardController - Loading homepage
2025-10-29 12:59:01 [http-nio-8080-exec-6] INFO  c.g.d.service.DashboardService - Fetching all districts
2025-10-29 12:59:03 [http-nio-8080-exec-7] INFO  c.g.d.controller.DashboardController - Loading homepage
2025-10-29 12:59:03 [http-nio-8080-exec-7] INFO  c.g.d.service.DashboardService - Fetching all districts
2025-10-29 12:59:05 [http-nio-8080-exec-8] INFO  c.g.d.controller.DashboardController - Loading homepage
2025-10-29 12:59:05 [http-nio-8080-exec-8] INFO  c.g.d.service.DashboardService - Fetching all districts
2025-10-29 12:59:06 [http-nio-8080-exec-9] INFO  c.g.d.controller.DashboardController - Loading homepage
2025-10-29 12:59:06 [http-nio-8080-exec-9] INFO  c.g.d.service.DashboardService - Fetching all districts
2025-10-29 12:59:07 [http-nio-8080-exec-1] INFO  c.g.d.controller.DashboardController - Loading homepage
2025-10-29 12:59:07 [http-nio-8080-exec-1] INFO  c.g.d.service.DashboardService - Fetching all districts
2025-10-29 12:59:08 [http-nio-8080-exec-3] INFO  c.g.d.controller.DashboardController - Loading homepage
2025-10-29 12:59:08 [http-nio-8080-exec-3] INFO  c.g.d.service.DashboardService - Fetching all districts
2025-10-29 12:59:10 [http-nio-8080-exec-4] INFO  c.g.d.controller.DashboardController - Loading homepage
2025-10-29 12:59:10 [http-nio-8080-exec-4] INFO  c.g.d.service.DashboardService - Fetching all districts
2025-10-29 12:59:12 [http-nio-8080-exec-5] INFO  c.g.d.controller.DashboardController - Loading homepage
2025-10-29 12:59:12 [http-nio-8080-exec-5] INFO  c.g.d.service.DashboardService - Fetching all districts
2025-10-29 12:59:20 [http-nio-8080-exec-8] INFO  c.g.d.controller.DashboardController - Loading homepage
2025-10-29 12:59:20 [http-nio-8080-exec-8] INFO  c.g.d.service.DashboardService - Fetching all districts
2025-10-29 12:59:21 [http-nio-8080-exec-9] INFO  c.g.d.controller.DashboardController - Loading homepage
2025-10-29 12:59:21 [http-nio-8080-exec-9] INFO  c.g.d.service.DashboardService - Fetching all districts
2025-10-29 12:59:22 [http-nio-8080-exec-2] INFO  c.g.d.controller.DashboardController - Loading homepage
2025-10-29 12:59:22 [http-nio-8080-exec-2] INFO  c.g.d.service.DashboardService - Fetching all districts
2025-10-29 13:03:03 [SpringApplicationShutdownHook] INFO  o.s.o.j.LocalContainerEntityManagerFactoryBean - Closing JPA EntityManagerFactory for persistence unit 'default'
2025-10-29 13:03:03 [SpringApplicationShutdownHook] INFO  com.zaxxer.hikari.HikariDataSource - HikariPool-1 - Shutdown initiated...
2025-10-29 13:03:03 [SpringApplicationShutdownHook] INFO  com.zaxxer.hikari.HikariDataSource - HikariPool-1 - Shutdown completed.
2025-10-29 13:03:07 [main] INFO  c.g.dashboard.JanmanregaApplication - Starting JanmanregaApplication using Java 25 with PID 27004 (C:\Users\aspk1\OneDrive\Desktop\Gov Project\Gov Project\target\classes started by aspk1 in C:\Users\aspk1\OneDrive\Desktop\Gov Project)
2025-10-29 13:03:07 [main] INFO  c.g.dashboard.JanmanregaApplication - No active profile set, falling back to 1 default profile: "default"
2025-10-29 13:03:08 [main] INFO  o.s.d.r.c.RepositoryConfigurationDelegate - Bootstrapping Spring Data JPA repositories in DEFAULT mode.
2025-10-29 13:03:09 [main] INFO  o.s.d.r.c.RepositoryConfigurationDelegate - Finished Spring Data repository scanning in 66 ms. Found 1 JPA repository interface.
2025-10-29 13:03:10 [main] INFO  o.s.b.w.e.tomcat.TomcatWebServer - Tomcat initialized with port 8080 (http)
2025-10-29 13:03:10 [main] INFO  o.a.catalina.core.StandardService - Starting service [Tomcat]
2025-10-29 13:03:10 [main] INFO  o.a.catalina.core.StandardEngine - Starting Servlet engine: [Apache Tomcat/10.1.16]
2025-10-29 13:03:10 [main] INFO  o.a.c.c.C.[Tomcat].[localhost].[/] - Initializing Spring embedded WebApplicationContext
2025-10-29 13:03:10 [main] INFO  o.s.b.w.s.c.ServletWebServerApplicationContext - Root WebApplicationContext: initialization completed in 2761 ms
2025-10-29 13:03:10 [main] INFO  o.h.jpa.internal.util.LogHelper - HHH000204: Processing PersistenceUnitInfo [name: default]
2025-10-29 13:03:11 [main] INFO  org.hibernate.Version - HHH000412: Hibernate ORM core version 6.3.1.Final
2025-10-29 13:03:11 [main] INFO  o.h.c.i.RegionFactoryInitiator - HHH000026: Second-level cache disabled
2025-10-29 13:03:11 [main] INFO  o.s.o.j.p.SpringPersistenceUnitInfo - No LoadTimeWeaver setup: ignoring JPA class transformer
2025-10-29 13:03:11 [main] INFO  com.zaxxer.hikari.HikariDataSource - HikariPool-1 - Starting...
2025-10-29 13:03:11 [main] INFO  com.zaxxer.hikari.pool.HikariPool - HikariPool-1 - Added connection org.postgresql.jdbc.PgConnection@1b4ba615
2025-10-29 13:03:11 [main] INFO  com.zaxxer.hikari.HikariDataSource - HikariPool-1 - Start completed.
2025-10-29 13:03:11 [main] WARN  org.hibernate.orm.deprecation - HHH90000025: PostgreSQLDialect does not need to be specified explicitly using 'hibernate.dialect' (remove the property setting and it will be selected by default)
2025-10-29 13:03:12 [main] INFO  o.h.e.t.j.p.i.JtaPlatformInitiator - HHH000489: No JTA platform available (set 'hibernate.transaction.jta.platform' to enable JTA platform integration)
2025-10-29 13:03:12 [main] INFO  o.s.o.j.LocalContainerEntityManagerFactoryBean - Initialized JPA EntityManagerFactory for persistence unit 'default'
2025-10-29 13:03:13 [main] INFO  o.s.d.j.r.query.QueryEnhancerFactory - Hibernate is in classpath; If applicable, HQL parser will be used.
2025-10-29 13:03:13 [main] INFO  c.g.d.service.DataInitializer - Database already contains data, skipping initialization
2025-10-29 13:03:13 [main] WARN  o.s.b.a.o.j.JpaBaseConfiguration$JpaWebConfiguration - spring.jpa.open-in-view is enabled by default. Therefore, database queries may be performed during view rendering. Explicitly configure spring.jpa.open-in-view to disable this warning
2025-10-29 13:03:13 [main] INFO  o.s.b.a.w.s.WelcomePageHandlerMapping - Adding welcome page template: index
2025-10-29 13:03:14 [main] INFO  o.s.b.a.e.web.EndpointLinksResolver - Exposing 3 endpoint(s) beneath base path '/actuator'
2025-10-29 13:03:14 [main] INFO  o.s.b.w.e.tomcat.TomcatWebServer - Tomcat started on port 8080 (http) with context path ''
2025-10-29 13:03:14 [main] INFO  c.g.dashboard.JanmanregaApplication - Started JanmanregaApplication in 8.159 seconds (process running for 8.727)
2025-10-29 13:03:29 [http-nio-8080-exec-1] INFO  o.a.c.c.C.[Tomcat].[localhost].[/] - Initializing Spring DispatcherServlet 'dispatcherServlet'
2025-10-29 13:03:29 [http-nio-8080-exec-1] INFO  o.s.web.servlet.DispatcherServlet - Initializing Servlet 'dispatcherServlet'
2025-10-29 13:03:29 [http-nio-8080-exec-1] INFO  o.s.web.servlet.DispatcherServlet - Completed initialization in 13 ms
2025-10-29 13:03:29 [http-nio-8080-exec-1] INFO  c.g.d.controller.DashboardController - Loading homepage
2025-10-29 13:03:29 [http-nio-8080-exec-1] INFO  c.g.d.service.DashboardService - Fetching all districts
2025-10-29 13:03:32 [http-nio-8080-exec-3] INFO  c.g.d.controller.DashboardController - Loading homepage
2025-10-29 13:03:32 [http-nio-8080-exec-3] INFO  c.g.d.service.DashboardService - Fetching all districts
2025-10-29 13:03:33 [http-nio-8080-exec-9] INFO  c.g.d.controller.DashboardController - Loading homepage
2025-10-29 13:03:33 [http-nio-8080-exec-9] INFO  c.g.d.service.DashboardService - Fetching all districts
2025-10-29 13:03:35 [http-nio-8080-exec-10] INFO  c.g.d.controller.DashboardController - Loading homepage
2025-10-29 13:03:35 [http-nio-8080-exec-10] INFO  c.g.d.service.DashboardService - Fetching all districts
2025-10-29 13:04:40 [http-nio-8080-exec-8] INFO  c.g.d.controller.DashboardController - Loading homepage
2025-10-29 13:04:40 [http-nio-8080-exec-8] INFO  c.g.d.service.DashboardService - Fetching all districts
2025-10-29 13:04:40 [http-nio-8080-exec-7] INFO  c.g.d.controller.DashboardController - Loading homepage
2025-10-29 13:04:40 [http-nio-8080-exec-7] INFO  c.g.d.service.DashboardService - Fetching all districts
2025-10-29 13:04:40 [http-nio-8080-exec-1] INFO  c.g.d.controller.DashboardController - Loading homepage
2025-10-29 13:04:40 [http-nio-8080-exec-1] INFO  c.g.d.service.DashboardService - Fetching all districts
2025-10-29 13:04:40 [http-nio-8080-exec-2] INFO  c.g.d.controller.DashboardController - Loading homepage
2025-10-29 13:04:40 [http-nio-8080-exec-2] INFO  c.g.d.service.DashboardService - Fetching all districts
2025-10-29 13:04:41 [http-nio-8080-exec-4] INFO  c.g.d.controller.DashboardController - Loading homepage
2025-10-29 13:04:41 [http-nio-8080-exec-4] INFO  c.g.d.service.DashboardService - Fetching all districts
2025-10-29 13:04:43 [http-nio-8080-exec-10] INFO  c.g.d.controller.DashboardController - Loading homepage
2025-10-29 13:04:43 [http-nio-8080-exec-10] INFO  c.g.d.service.DashboardService - Fetching all districts
2025-10-29 13:04:46 [http-nio-8080-exec-6] INFO  c.g.d.controller.DashboardController - Loading homepage
2025-10-29 13:04:46 [http-nio-8080-exec-6] INFO  c.g.d.service.DashboardService - Fetching all districts
2025-10-29 13:04:46 [http-nio-8080-exec-5] INFO  c.g.d.controller.DashboardController - Loading homepage
2025-10-29 13:04:46 [http-nio-8080-exec-5] INFO  c.g.d.service.DashboardService - Fetching all districts
2025-10-29 13:04:50 [http-nio-8080-exec-8] INFO  c.g.d.controller.DashboardController - Loading dashboard for district: SITAPUR
2025-10-29 13:04:50 [http-nio-8080-exec-8] INFO  c.g.d.service.DashboardService - Generating dashboard summary for district: SITAPUR
2025-10-29 13:04:50 [http-nio-8080-exec-8] INFO  c.g.d.service.DashboardService - Fetching performance data for district: SITAPUR
2025-10-29 13:04:50 [http-nio-8080-exec-7] INFO  c.g.d.controller.DashboardController - Loading dashboard for district: SITAPUR
2025-10-29 13:04:50 [http-nio-8080-exec-7] INFO  c.g.d.service.DashboardService - Generating dashboard summary for district: SITAPUR
2025-10-29 13:04:50 [http-nio-8080-exec-7] INFO  c.g.d.service.DashboardService - Fetching performance data for district: SITAPUR
2025-10-29 13:04:50 [http-nio-8080-exec-1] INFO  c.g.d.controller.DashboardController - Generating chart for district: SITAPUR
2025-10-29 13:04:50 [http-nio-8080-exec-1] INFO  c.g.d.service.DashboardService - Fetching performance data for district: SITAPUR
2025-10-29 13:05:55 [SpringApplicationShutdownHook] INFO  o.s.o.j.LocalContainerEntityManagerFactoryBean - Closing JPA EntityManagerFactory for persistence unit 'default'
2025-10-29 13:05:55 [SpringApplicationShutdownHook] INFO  com.zaxxer.hikari.HikariDataSource - HikariPool-1 - Shutdown initiated...
2025-10-29 13:05:55 [SpringApplicationShutdownHook] INFO  com.zaxxer.hikari.HikariDataSource - HikariPool-1 - Shutdown completed.
2025-10-29 13:05:59 [main] INFO  c.g.dashboard.JanmanregaApplication - Starting JanmanregaApplication using Java 25 with PID 24688 (C:\Users\aspk1\OneDrive\Desktop\Gov Project\Gov Project\target\classes started by aspk1 in C:\Users\aspk1\OneDrive\Desktop\Gov Project)
2025-10-29 13:05:59 [main] INFO  c.g.dashboard.JanmanregaApplication - No active profile set, falling back to 1 default profile: "default"
2025-10-29 13:06:01 [main] INFO  o.s.d.r.c.RepositoryConfigurationDelegate - Bootstrapping Spring Data JPA repositories in DEFAULT mode.
2025-10-29 13:06:01 [main] INFO  o.s.d.r.c.RepositoryConfigurationDelegate - Finished Spring Data repository scanning in 52 ms. Found 1 JPA repository interface.
2025-10-29 13:06:02 [main] INFO  o.s.b.w.e.tomcat.TomcatWebServer - Tomcat initialized with port 8080 (http)
2025-10-29 13:06:02 [main] INFO  o.a.catalina.core.StandardService - Starting service [Tomcat]
2025-10-29 13:06:02 [main] INFO  o.a.catalina.core.StandardEngine - Starting Servlet engine: [Apache Tomcat/10.1.16]
2025-10-29 13:06:02 [main] INFO  o.a.c.c.C.[Tomcat].[localhost].[/] - Initializing Spring embedded WebApplicationContext
2025-10-29 13:06:02 [main] INFO  o.s.b.w.s.c.ServletWebServerApplicationContext - Root WebApplicationContext: initialization completed in 2551 ms
2025-10-29 13:06:03 [main] INFO  o.h.jpa.internal.util.LogHelper - HHH000204: Processing PersistenceUnitInfo [name: default]
2025-10-29 13:06:03 [main] INFO  org.hibernate.Version - HHH000412: Hibernate ORM core version 6.3.1.Final
2025-10-29 13:06:03 [main] INFO  o.h.c.i.RegionFactoryInitiator - HHH000026: Second-level cache disabled
2025-10-29 13:06:03 [main] INFO  o.s.o.j.p.SpringPersistenceUnitInfo - No LoadTimeWeaver setup: ignoring JPA class transformer
2025-10-29 13:06:03 [main] INFO  com.zaxxer.hikari.HikariDataSource - HikariPool-1 - Starting...
2025-10-29 13:06:05 [main] ERROR com.zaxxer.hikari.pool.HikariPool - HikariPool-1 - Exception during pool initialization.
org.postgresql.util.PSQLException: FATAL: password authentication failed for user "postgres"
	at org.postgresql.core.v3.ConnectionFactoryImpl.doAuthentication(ConnectionFactoryImpl.java:693)
	at org.postgresql.core.v3.ConnectionFactoryImpl.tryConnect(ConnectionFactoryImpl.java:203)
	at org.postgresql.core.v3.ConnectionFactoryImpl.openConnectionImpl(ConnectionFactoryImpl.java:258)
	at org.postgresql.core.ConnectionFactory.openConnection(ConnectionFactory.java:54)
	at org.postgresql.jdbc.PgConnection.<init>(PgConnection.java:263)
	at org.postgresql.Driver.makeConnection(Driver.java:443)
	at org.postgresql.Driver.connect(Driver.java:297)
	at com.zaxxer.hikari.util.DriverDataSource.getConnection(DriverDataSource.java:138)
	at com.zaxxer.hikari.pool.PoolBase.newConnection(PoolBase.java:359)
	at com.zaxxer.hikari.pool.PoolBase.newPoolEntry(PoolBase.java:201)
	at com.zaxxer.hikari.pool.HikariPool.createPoolEntry(HikariPool.java:470)
	at com.zaxxer.hikari.pool.HikariPool.checkFailFast(HikariPool.java:561)
	at com.zaxxer.hikari.pool.HikariPool.<init>(HikariPool.java:100)
	at com.zaxxer.hikari.HikariDataSource.getConnection(HikariDataSource.java:112)
	at org.hibernate.engine.jdbc.connections.internal.DatasourceConnectionProviderImpl.getConnection(DatasourceConnectionProviderImpl.java:122)
	at org.hibernate.engine.jdbc.env.internal.JdbcEnvironmentInitiator$ConnectionProviderJdbcConnectionAccess.obtainConnection(JdbcEnvironmentInitiator.java:424)
	at org.hibernate.resource.transaction.backend.jdbc.internal.JdbcIsolationDelegate.delegateWork(JdbcIsolationDelegate.java:61)
	at org.hibernate.engine.jdbc.env.internal.JdbcEnvironmentInitiator.getJdbcEnvironmentUsingJdbcMetadata(JdbcEnvironmentInitiator.java:273)
	at org.hibernate.engine.jdbc.env.internal.JdbcEnvironmentInitiator.initiateService(JdbcEnvironmentInitiator.java:105)
	at org.hibernate.engine.jdbc.env.internal.JdbcEnvironmentInitiator.initiateService(JdbcEnvironmentInitiator.java:66)
	at org.hibernate.boot.registry.internal.StandardServiceRegistryImpl.initiateService(StandardServiceRegistryImpl.java:129)
	at org.hibernate.service.internal.AbstractServiceRegistryImpl.createService(AbstractServiceRegistryImpl.java:263)
	at org.hibernate.service.internal.AbstractServiceRegistryImpl.initializeService(AbstractServiceRegistryImpl.java:238)
	at org.hibernate.service.internal.AbstractServiceRegistryImpl.getService(AbstractServiceRegistryImpl.java:215)
	at org.hibernate.boot.model.relational.Database.<init>(Database.java:45)
	at org.hibernate.boot.internal.InFlightMetadataCollectorImpl.getDatabase(InFlightMetadataCollectorImpl.java:223)
	at org.hibernate.boot.internal.InFlightMetadataCollectorImpl.<init>(InFlightMetadataCollectorImpl.java:191)
	at org.hibernate.boot.model.process.spi.MetadataBuildingProcess.complete(MetadataBuildingProcess.java:169)
	at org.hibernate.jpa.boot.internal.EntityManagerFactoryBuilderImpl.metadata(EntityManagerFactoryBuilderImpl.java:1432)
	at org.hibernate.jpa.boot.internal.EntityManagerFactoryBuilderImpl.build(EntityManagerFactoryBuilderImpl.java:1503)
	at org.springframework.orm.jpa.vendor.SpringHibernateJpaPersistenceProvider.createContainerEntityManagerFactory(SpringHibernateJpaPersistenceProvider.java:75)
	at org.springframework.orm.jpa.LocalContainerEntityManagerFactoryBean.createNativeEntityManagerFactory(LocalContainerEntityManagerFactoryBean.java:376)
	at org.springframework.orm.jpa.AbstractEntityManagerFactoryBean.buildNativeEntityManagerFactory(AbstractEntityManagerFactoryBean.java:409)
	at org.springframework.orm.jpa.AbstractEntityManagerFactoryBean.afterPropertiesSet(AbstractEntityManagerFactoryBean.java:396)
	at org.springframework.orm.jpa.LocalContainerEntityManagerFactoryBean.afterPropertiesSet(LocalContainerEntityManagerFactoryBean.java:352)
	at org.springframework.beans.factory.support.AbstractAutowireCapableBeanFactory.invokeInitMethods(AbstractAutowireCapableBeanFactory.java:1822)
	at org.springframework.beans.factory.support.AbstractAutowireCapableBeanFactory.initializeBean(AbstractAutowireCapableBeanFactory.java:1771)
	at org.springframework.beans.factory.support.AbstractAutowireCapableBeanFactory.doCreateBean(AbstractAutowireCapableBeanFactory.java:601)
	at org.springframework.beans.factory.support.AbstractAutowireCapableBeanFactory.createBean(AbstractAutowireCapableBeanFactory.java:523)
	at org.springframework.beans.factory.support.AbstractBeanFactory.lambda$doGetBean$0(AbstractBeanFactory.java:325)
	at org.springframework.beans.factory.support.DefaultSingletonBeanRegistry.getSingleton(DefaultSingletonBeanRegistry.java:234)
	at org.springframework.beans.factory.support.AbstractBeanFactory.doGetBean(AbstractBeanFactory.java:323)
	at org.springframework.beans.factory.support.AbstractBeanFactory.getBean(AbstractBeanFactory.java:199)
	at org.springframework.context.support.AbstractApplicationContext.getBean(AbstractApplicationContext.java:1173)
	at org.springframework.context.support.AbstractApplicationContext.finishBeanFactoryInitialization(AbstractApplicationContext.java:936)
	at org.springframework.context.support.AbstractApplicationContext.refresh(AbstractApplicationContext.java:616)
	at org.springframework.boot.web.servlet.context.ServletWebServerApplicationContext.refresh(ServletWebServerApplicationContext.java:146)
	at org.springframework.boot.SpringApplication.refresh(SpringApplication.java:753)
	at org.springframework.boot.SpringApplication.refreshContext(SpringApplication.java:455)
	at org.springframework.boot.SpringApplication.run(SpringApplication.java:323)
	at org.springframework.boot.SpringApplication.run(SpringApplication.java:1342)
	at org.springframework.boot.SpringApplication.run(SpringApplication.java:1331)
	at com.gov.dashboard.JanmanregaApplication.main(JanmanregaApplication.java:14)
2025-10-29 13:06:05 [main] WARN  o.h.e.j.e.i.JdbcEnvironmentInitiator - HHH000342: Could not obtain connection to query metadata
java.lang.NullPointerException: Cannot invoke "org.hibernate.engine.jdbc.spi.SqlExceptionHelper.convert(java.sql.SQLException, String)" because the return value of "org.hibernate.resource.transaction.backend.jdbc.internal.JdbcIsolationDelegate.sqlExceptionHelper()" is null
	at org.hibernate.resource.transaction.backend.jdbc.internal.JdbcIsolationDelegate.delegateWork(JdbcIsolationDelegate.java:116)
	at org.hibernate.engine.jdbc.env.internal.JdbcEnvironmentInitiator.getJdbcEnvironmentUsingJdbcMetadata(JdbcEnvironmentInitiator.java:273)
	at org.hibernate.engine.jdbc.env.internal.JdbcEnvironmentInitiator.initiateService(JdbcEnvironmentInitiator.java:105)
	at org.hibernate.engine.jdbc.env.internal.JdbcEnvironmentInitiator.initiateService(JdbcEnvironmentInitiator.java:66)
	at org.hibernate.boot.registry.internal.StandardServiceRegistryImpl.initiateService(StandardServiceRegistryImpl.java:129)
	at org.hibernate.service.internal.AbstractServiceRegistryImpl.createService(AbstractServiceRegistryImpl.java:263)
	at org.hibernate.service.internal.AbstractServiceRegistryImpl.initializeService(AbstractServiceRegistryImpl.java:238)
	at org.hibernate.service.internal.AbstractServiceRegistryImpl.getService(AbstractServiceRegistryImpl.java:215)
	at org.hibernate.boot.model.relational.Database.<init>(Database.java:45)
	at org.hibernate.boot.internal.InFlightMetadataCollectorImpl.getDatabase(InFlightMetadataCollectorImpl.java:223)
	at org.hibernate.boot.internal.InFlightMetadataCollectorImpl.<init>(InFlightMetadataCollectorImpl.java:191)
	at org.hibernate.boot.model.process.spi.MetadataBuildingProcess.complete(MetadataBuildingProcess.java:169)
	at org.hibernate.jpa.boot.internal.EntityManagerFactoryBuilderImpl.metadata(EntityManagerFactoryBuilderImpl.java:1432)
	at org.hibernate.jpa.boot.internal.EntityManagerFactoryBuilderImpl.build(EntityManagerFactoryBuilderImpl.java:1503)
	at org.springframework.orm.jpa.vendor.SpringHibernateJpaPersistenceProvider.createContainerEntityManagerFactory(SpringHibernateJpaPersistenceProvider.java:75)
	at org.springframework.orm.jpa.LocalContainerEntityManagerFactoryBean.createNativeEntityManagerFactory(LocalContainerEntityManagerFactoryBean.java:376)
	at org.springframework.orm.jpa.AbstractEntityManagerFactoryBean.buildNativeEntityManagerFactory(AbstractEntityManagerFactoryBean.java:409)
	at org.springframework.orm.jpa.AbstractEntityManagerFactoryBean.afterPropertiesSet(AbstractEntityManagerFactoryBean.java:396)
	at org.springframework.orm.jpa.LocalContainerEntityManagerFactoryBean.afterPropertiesSet(LocalContainerEntityManagerFactoryBean.java:352)
	at org.springframework.beans.factory.support.AbstractAutowireCapableBeanFactory.invokeInitMethods(AbstractAutowireCapableBeanFactory.java:1822)
	at org.springframework.beans.factory.support.AbstractAutowireCapableBeanFactory.initializeBean(AbstractAutowireCapableBeanFactory.java:1771)
	at org.springframework.beans.factory.support.AbstractAutowireCapableBeanFactory.doCreateBean(AbstractAutowireCapableBeanFactory.java:601)
	at org.springframework.beans.factory.support.AbstractAutowireCapableBeanFactory.createBean(AbstractAutowireCapableBeanFactory.java:523)
	at org.springframework.beans.factory.support.AbstractBeanFactory.lambda$doGetBean$0(AbstractBeanFactory.java:325)
	at org.springframework.beans.factory.support.DefaultSingletonBeanRegistry.getSingleton(DefaultSingletonBeanRegistry.java:234)
	at org.springframework.beans.factory.support.AbstractBeanFactory.doGetBean(AbstractBeanFactory.java:323)
	at org.springframework.beans.factory.support.AbstractBeanFactory.getBean(AbstractBeanFactory.java:199)
	at org.springframework.context.support.AbstractApplicationContext.getBean(AbstractApplicationContext.java:1173)
	at org.springframework.context.support.AbstractApplicationContext.finishBeanFactoryInitialization(AbstractApplicationContext.java:936)
	at org.springframework.context.support.AbstractApplicationContext.refresh(AbstractApplicationContext.java:616)
	at org.springframework.boot.web.servlet.context.ServletWebServerApplicationContext.refresh(ServletWebServerApplicationContext.java:146)
	at org.springframework.boot.SpringApplication.refresh(SpringApplication.java:753)
	at org.springframework.boot.SpringApplication.refreshContext(SpringApplication.java:455)
	at org.springframework.boot.SpringApplication.run(SpringApplication.java:323)
	at org.springframework.boot.SpringApplication.run(SpringApplication.java:1342)
	at org.springframework.boot.SpringApplication.run(SpringApplication.java:1331)
	at com.gov.dashboard.JanmanregaApplication.main(JanmanregaApplication.java:14)
2025-10-29 13:06:05 [main] WARN  org.hibernate.orm.deprecation - HHH90000025: PostgreSQLDialect does not need to be specified explicitly using 'hibernate.dialect' (remove the property setting and it will be selected by default)
2025-10-29 13:06:06 [main] INFO  o.h.e.t.j.p.i.JtaPlatformInitiator - HHH000489: No JTA platform available (set 'hibernate.transaction.jta.platform' to enable JTA platform integration)
2025-10-29 13:06:06 [main] INFO  com.zaxxer.hikari.HikariDataSource - HikariPool-1 - Starting...
2025-10-29 13:06:07 [main] ERROR com.zaxxer.hikari.pool.HikariPool - HikariPool-1 - Exception during pool initialization.
org.postgresql.util.PSQLException: FATAL: password authentication failed for user "postgres"
	at org.postgresql.core.v3.ConnectionFactoryImpl.doAuthentication(ConnectionFactoryImpl.java:693)
	at org.postgresql.core.v3.ConnectionFactoryImpl.tryConnect(ConnectionFactoryImpl.java:203)
	at org.postgresql.core.v3.ConnectionFactoryImpl.openConnectionImpl(ConnectionFactoryImpl.java:258)
	at org.postgresql.core.ConnectionFactory.openConnection(ConnectionFactory.java:54)
	at org.postgresql.jdbc.PgConnection.<init>(PgConnection.java:263)
	at org.postgresql.Driver.makeConnection(Driver.java:443)
	at org.postgresql.Driver.connect(Driver.java:297)
	at com.zaxxer.hikari.util.DriverDataSource.getConnection(DriverDataSource.java:138)
	at com.zaxxer.hikari.pool.PoolBase.newConnection(PoolBase.java:359)
	at com.zaxxer.hikari.pool.PoolBase.newPoolEntry(PoolBase.java:201)
	at com.zaxxer.hikari.pool.HikariPool.createPoolEntry(HikariPool.java:470)
	at com.zaxxer.hikari.pool.HikariPool.checkFailFast(HikariPool.java:561)
	at com.zaxxer.hikari.pool.HikariPool.<init>(HikariPool.java:100)
	at com.zaxxer.hikari.HikariDataSource.getConnection(HikariDataSource.java:112)
	at org.hibernate.engine.jdbc.connections.internal.DatasourceConnectionProviderImpl.getConnection(DatasourceConnectionProviderImpl.java:122)
	at org.hibernate.engine.jdbc.env.internal.JdbcEnvironmentInitiator$ConnectionProviderJdbcConnectionAccess.obtainConnection(JdbcEnvironmentInitiator.java:424)
	at org.hibernate.resource.transaction.backend.jdbc.internal.DdlTransactionIsolatorNonJtaImpl.getIsolatedConnection(DdlTransactionIsolatorNonJtaImpl.java:46)
	at org.hibernate.resource.transaction.backend.jdbc.internal.DdlTransactionIsolatorNonJtaImpl.getIsolatedConnection(DdlTransactionIsolatorNonJtaImpl.java:39)
	at org.hibernate.tool.schema.internal.exec.ImprovedExtractionContextImpl.getJdbcConnection(ImprovedExtractionContextImpl.java:63)
	at org.hibernate.tool.schema.extract.spi.ExtractionContext.getQueryResults(ExtractionContext.java:43)
	at org.hibernate.tool.schema.extract.internal.SequenceInformationExtractorLegacyImpl.extractMetadata(SequenceInformationExtractorLegacyImpl.java:39)
	at org.hibernate.tool.schema.extract.internal.DatabaseInformationImpl.initializeSequences(DatabaseInformationImpl.java:66)
	at org.hibernate.tool.schema.extract.internal.DatabaseInformationImpl.<init>(DatabaseInformationImpl.java:60)
	at org.hibernate.tool.schema.internal.Helper.buildDatabaseInformation(Helper.java:185)
	at org.hibernate.tool.schema.internal.AbstractSchemaMigrator.doMigration(AbstractSchemaMigrator.java:98)
	at org.hibernate.tool.schema.spi.SchemaManagementToolCoordinator.performDatabaseAction(SchemaManagementToolCoordinator.java:286)
	at org.hibernate.tool.schema.spi.SchemaManagementToolCoordinator.lambda$process$5(SchemaManagementToolCoordinator.java:145)
	at java.base/java.util.HashMap.forEach(HashMap.java:1430)
	at org.hibernate.tool.schema.spi.SchemaManagementToolCoordinator.process(SchemaManagementToolCoordinator.java:142)
	at org.hibernate.boot.internal.SessionFactoryObserverForSchemaExport.sessionFactoryCreated(SessionFactoryObserverForSchemaExport.java:37)
	at org.hibernate.internal.SessionFactoryObserverChain.sessionFactoryCreated(SessionFactoryObserverChain.java:35)
	at org.hibernate.internal.SessionFactoryImpl.<init>(SessionFactoryImpl.java:295)
	at org.hibernate.boot.internal.SessionFactoryBuilderImpl.build(SessionFactoryBuilderImpl.java:450)
	at org.hibernate.jpa.boot.internal.EntityManagerFactoryBuilderImpl.build(EntityManagerFactoryBuilderImpl.java:1507)
	at org.springframework.orm.jpa.vendor.SpringHibernateJpaPersistenceProvider.createContainerEntityManagerFactory(SpringHibernateJpaPersistenceProvider.java:75)
	at org.springframework.orm.jpa.LocalContainerEntityManagerFactoryBean.createNativeEntityManagerFactory(LocalContainerEntityManagerFactoryBean.java:376)
	at org.springframework.orm.jpa.AbstractEntityManagerFactoryBean.buildNativeEntityManagerFactory(AbstractEntityManagerFactoryBean.java:409)
	at org.springframework.orm.jpa.AbstractEntityManagerFactoryBean.afterPropertiesSet(AbstractEntityManagerFactoryBean.java:396)
	at org.springframework.orm.jpa.LocalContainerEntityManagerFactoryBean.afterPropertiesSet(LocalContainerEntityManagerFactoryBean.java:352)
	at org.springframework.beans.factory.support.AbstractAutowireCapableBeanFactory.invokeInitMethods(AbstractAutowireCapableBeanFactory.java:1822)
	at org.springframework.beans.factory.support.AbstractAutowireCapableBeanFactory.initializeBean(AbstractAutowireCapableBeanFactory.java:1771)
	at org.springframework.beans.factory.support.AbstractAutowireCapableBeanFactory.doCreateBean(AbstractAutowireCapableBeanFactory.java:601)
	at org.springframework.beans.factory.support.AbstractAutowireCapableBeanFactory.createBean(AbstractAutowireCapableBeanFactory.java:523)
	at org.springframework.beans.factory.support.AbstractBeanFactory.lambda$doGetBean$0(AbstractBeanFactory.java:325)
	at org.springframework.beans.factory.support.DefaultSingletonBeanRegistry.getSingleton(DefaultSingletonBeanRegistry.java:234)
	at org.springframework.beans.factory.support.AbstractBeanFactory.doGetBean(AbstractBeanFactory.java:323)
	at org.springframework.beans.factory.support.AbstractBeanFactory.getBean(AbstractBeanFactory.java:199)
	at org.springframework.context.support.AbstractApplicationContext.getBean(AbstractApplicationContext.java:1173)
	at org.springframework.context.support.AbstractApplicationContext.finishBeanFactoryInitialization(AbstractApplicationContext.java:936)
	at org.springframework.context.support.AbstractApplicationContext.refresh(AbstractApplicationContext.java:616)
	at org.springframework.boot.web.servlet.context.ServletWebServerApplicationContext.refresh(ServletWebServerApplicationContext.java:146)
	at org.springframework.boot.SpringApplication.refresh(SpringApplication.java:753)
	at org.springframework.boot.SpringApplication.refreshContext(SpringApplication.java:455)
	at org.springframework.boot.SpringApplication.run(SpringApplication.java:323)
	at org.springframework.boot.SpringApplication.run(SpringApplication.java:1342)
	at org.springframework.boot.SpringApplication.run(SpringApplication.java:1331)
	at com.gov.dashboard.JanmanregaApplication.main(JanmanregaApplication.java:14)
2025-10-29 13:06:07 [main] WARN  o.h.e.jdbc.spi.SqlExceptionHelper - SQL Error: 0, SQLState: 28P01
2025-10-29 13:06:07 [main] ERROR o.h.e.jdbc.spi.SqlExceptionHelper - FATAL: password authentication failed for user "postgres"
2025-10-29 13:06:07 [main] ERROR o.s.o.j.LocalContainerEntityManagerFactoryBean - Failed to initialize JPA EntityManagerFactory: [PersistenceUnit: default] Unable to build Hibernate SessionFactory; nested exception is org.hibernate.exception.GenericJDBCException: Unable to open JDBC Connection for DDL execution [FATAL: password authentication failed for user "postgres"] [n/a]
2025-10-29 13:06:07 [main] WARN  o.s.b.w.s.c.AnnotationConfigServletWebServerApplicationContext - Exception encountered during context initialization - cancelling refresh attempt: org.springframework.beans.factory.BeanCreationException: Error creating bean with name 'entityManagerFactory' defined in class path resource [org/springframework/boot/autoconfigure/orm/jpa/HibernateJpaConfiguration.class]: [PersistenceUnit: default] Unable to build Hibernate SessionFactory; nested exception is org.hibernate.exception.GenericJDBCException: Unable to open JDBC Connection for DDL execution [FATAL: password authentication failed for user "postgres"] [n/a]
2025-10-29 13:06:07 [main] INFO  o.a.catalina.core.StandardService - Stopping service [Tomcat]
2025-10-29 13:06:07 [main] INFO  o.s.b.a.l.ConditionEvaluationReportLogger - 

Error starting ApplicationContext. To display the condition evaluation report re-run your application with 'debug' enabled.
2025-10-29 13:06:07 [main] ERROR o.s.boot.SpringApplication - Application run failed
org.springframework.beans.factory.BeanCreationException: Error creating bean with name 'entityManagerFactory' defined in class path resource [org/springframework/boot/autoconfigure/orm/jpa/HibernateJpaConfiguration.class]: [PersistenceUnit: default] Unable to build Hibernate SessionFactory; nested exception is org.hibernate.exception.GenericJDBCException: Unable to open JDBC Connection for DDL execution [FATAL: password authentication failed for user "postgres"] [n/a]
	at org.springframework.beans.factory.support.AbstractAutowireCapableBeanFactory.initializeBean(AbstractAutowireCapableBeanFactory.java:1775)
	at org.springframework.beans.factory.support.AbstractAutowireCapableBeanFactory.doCreateBean(AbstractAutowireCapableBeanFactory.java:601)
	at org.springframework.beans.factory.support.AbstractAutowireCapableBeanFactory.createBean(AbstractAutowireCapableBeanFactory.java:523)
	at org.springframework.beans.factory.support.AbstractBeanFactory.lambda$doGetBean$0(AbstractBeanFactory.java:325)
	at org.springframework.beans.factory.support.DefaultSingletonBeanRegistry.getSingleton(DefaultSingletonBeanRegistry.java:234)
	at org.springframework.beans.factory.support.AbstractBeanFactory.doGetBean(AbstractBeanFactory.java:323)
	at org.springframework.beans.factory.support.AbstractBeanFactory.getBean(AbstractBeanFactory.java:199)
	at org.springframework.context.support.AbstractApplicationContext.getBean(AbstractApplicationContext.java:1173)
	at org.springframework.context.support.AbstractApplicationContext.finishBeanFactoryInitialization(AbstractApplicationContext.java:936)
	at org.springframework.context.support.AbstractApplicationContext.refresh(AbstractApplicationContext.java:616)
	at org.springframework.boot.web.servlet.context.ServletWebServerApplicationContext.refresh(ServletWebServerApplicationContext.java:146)
	at org.springframework.boot.SpringApplication.refresh(SpringApplication.java:753)
	at org.springframework.boot.SpringApplication.refreshContext(SpringApplication.java:455)
	at org.springframework.boot.SpringApplication.run(SpringApplication.java:323)
	at org.springframework.boot.SpringApplication.run(SpringApplication.java:1342)
	at org.springframework.boot.SpringApplication.run(SpringApplication.java:1331)
	at com.gov.dashboard.JanmanregaApplication.main(JanmanregaApplication.java:14)
Caused by: jakarta.persistence.PersistenceException: [PersistenceUnit: default] Unable to build Hibernate SessionFactory; nested exception is org.hibernate.exception.GenericJDBCException: Unable to open JDBC Connection for DDL execution [FATAL: password authentication failed for user "postgres"] [n/a]
	at org.springframework.orm.jpa.AbstractEntityManagerFactoryBean.buildNativeEntityManagerFactory(AbstractEntityManagerFactoryBean.java:421)
	at org.springframework.orm.jpa.AbstractEntityManagerFactoryBean.afterPropertiesSet(AbstractEntityManagerFactoryBean.java:396)
	at org.springframework.orm.jpa.LocalContainerEntityManagerFactoryBean.afterPropertiesSet(LocalContainerEntityManagerFactoryBean.java:352)
	at org.springframework.beans.factory.support.AbstractAutowireCapableBeanFactory.invokeInitMethods(AbstractAutowireCapableBeanFactory.java:1822)
	at org.springframework.beans.factory.support.AbstractAutowireCapableBeanFactory.initializeBean(AbstractAutowireCapableBeanFactory.java:1771)
	... 16 common frames omitted
Caused by: org.hibernate.exception.GenericJDBCException: Unable to open JDBC Connection for DDL execution [FATAL: password authentication failed for user "postgres"] [n/a]
	at org.hibernate.exception.internal.StandardSQLExceptionConverter.convert(StandardSQLExceptionConverter.java:63)
	at org.hibernate.engine.jdbc.spi.SqlExceptionHelper.convert(SqlExceptionHelper.java:108)
	at org.hibernate.engine.jdbc.spi.SqlExceptionHelper.convert(SqlExceptionHelper.java:94)
	at org.hibernate.resource.transaction.backend.jdbc.internal.DdlTransactionIsolatorNonJtaImpl.getIsolatedConnection(DdlTransactionIsolatorNonJtaImpl.java:74)
	at org.hibernate.resource.transaction.backend.jdbc.internal.DdlTransactionIsolatorNonJtaImpl.getIsolatedConnection(DdlTransactionIsolatorNonJtaImpl.java:39)
	at org.hibernate.tool.schema.internal.exec.ImprovedExtractionContextImpl.getJdbcConnection(ImprovedExtractionContextImpl.java:63)
	at org.hibernate.tool.schema.extract.spi.ExtractionContext.getQueryResults(ExtractionContext.java:43)
	at org.hibernate.tool.schema.extract.internal.SequenceInformationExtractorLegacyImpl.extractMetadata(SequenceInformationExtractorLegacyImpl.java:39)
	at org.hibernate.tool.schema.extract.internal.DatabaseInformationImpl.initializeSequences(DatabaseInformationImpl.java:66)
	at org.hibernate.tool.schema.extract.internal.DatabaseInformationImpl.<init>(DatabaseInformationImpl.java:60)
	at org.hibernate.tool.schema.internal.Helper.buildDatabaseInformation(Helper.java:185)
	at org.hibernate.tool.schema.internal.AbstractSchemaMigrator.doMigration(AbstractSchemaMigrator.java:98)
	at org.hibernate.tool.schema.spi.SchemaManagementToolCoordinator.performDatabaseAction(SchemaManagementToolCoordinator.java:286)
	at org.hibernate.tool.schema.spi.SchemaManagementToolCoordinator.lambda$process$5(SchemaManagementToolCoordinator.java:145)
	at java.base/java.util.HashMap.forEach(HashMap.java:1430)
	at org.hibernate.tool.schema.spi.SchemaManagementToolCoordinator.process(SchemaManagementToolCoordinator.java:142)
	at org.hibernate.boot.internal.SessionFactoryObserverForSchemaExport.sessionFactoryCreated(SessionFactoryObserverForSchemaExport.java:37)
	at org.hibernate.internal.SessionFactoryObserverChain.sessionFactoryCreated(SessionFactoryObserverChain.java:35)
	at org.hibernate.internal.SessionFactoryImpl.<init>(SessionFactoryImpl.java:295)
	at org.hibernate.boot.internal.SessionFactoryBuilderImpl.build(SessionFactoryBuilderImpl.java:450)
	at org.hibernate.jpa.boot.internal.EntityManagerFactoryBuilderImpl.build(EntityManagerFactoryBuilderImpl.java:1507)
	at org.springframework.orm.jpa.vendor.SpringHibernateJpaPersistenceProvider.createContainerEntityManagerFactory(SpringHibernateJpaPersistenceProvider.java:75)
	at org.springframework.orm.jpa.LocalContainerEntityManagerFactoryBean.createNativeEntityManagerFactory(LocalContainerEntityManagerFactoryBean.java:376)
	at org.springframework.orm.jpa.AbstractEntityManagerFactoryBean.buildNativeEntityManagerFactory(AbstractEntityManagerFactoryBean.java:409)
	... 20 common frames omitted
Caused by: org.postgresql.util.PSQLException: FATAL: password authentication failed for user "postgres"
	at org.postgresql.core.v3.ConnectionFactoryImpl.doAuthentication(ConnectionFactoryImpl.java:693)
	at org.postgresql.core.v3.ConnectionFactoryImpl.tryConnect(ConnectionFactoryImpl.java:203)
	at org.postgresql.core.v3.ConnectionFactoryImpl.openConnectionImpl(ConnectionFactoryImpl.java:258)
	at org.postgresql.core.ConnectionFactory.openConnection(ConnectionFactory.java:54)
	at org.postgresql.jdbc.PgConnection.<init>(PgConnection.java:263)
	at org.postgresql.Driver.makeConnection(Driver.java:443)
	at org.postgresql.Driver.connect(Driver.java:297)
	at com.zaxxer.hikari.util.DriverDataSource.getConnection(DriverDataSource.java:138)
	at com.zaxxer.hikari.pool.PoolBase.newConnection(PoolBase.java:359)
	at com.zaxxer.hikari.pool.PoolBase.newPoolEntry(PoolBase.java:201)
	at com.zaxxer.hikari.pool.HikariPool.createPoolEntry(HikariPool.java:470)
	at com.zaxxer.hikari.pool.HikariPool.checkFailFast(HikariPool.java:561)
	at com.zaxxer.hikari.pool.HikariPool.<init>(HikariPool.java:100)
	at com.zaxxer.hikari.HikariDataSource.getConnection(HikariDataSource.java:112)
	at org.hibernate.engine.jdbc.connections.internal.DatasourceConnectionProviderImpl.getConnection(DatasourceConnectionProviderImpl.java:122)
	at org.hibernate.engine.jdbc.env.internal.JdbcEnvironmentInitiator$ConnectionProviderJdbcConnectionAccess.obtainConnection(JdbcEnvironmentInitiator.java:424)
	at org.hibernate.resource.transaction.backend.jdbc.internal.DdlTransactionIsolatorNonJtaImpl.getIsolatedConnection(DdlTransactionIsolatorNonJtaImpl.java:46)
	... 40 common frames omitted
2025-10-29 13:06:57 [main] INFO  c.g.dashboard.JanmanregaApplication - Starting JanmanregaApplication using Java 25 with PID 14320 (C:\Users\aspk1\OneDrive\Desktop\Gov Project\Gov Project\target\classes started by aspk1 in C:\Users\aspk1\OneDrive\Desktop\Gov Project)
2025-10-29 13:06:57 [main] INFO  c.g.dashboard.JanmanregaApplication - No active profile set, falling back to 1 default profile: "default"
2025-10-29 13:06:59 [main] INFO  o.s.d.r.c.RepositoryConfigurationDelegate - Bootstrapping Spring Data JPA repositories in DEFAULT mode.
2025-10-29 13:06:59 [main] INFO  o.s.d.r.c.RepositoryConfigurationDelegate - Finished Spring Data repository scanning in 62 ms. Found 1 JPA repository interface.
2025-10-29 13:07:01 [main] INFO  o.s.b.w.e.tomcat.TomcatWebServer - Tomcat initialized with port 8080 (http)
2025-10-29 13:07:01 [main] INFO  o.a.catalina.core.StandardService - Starting service [Tomcat]
2025-10-29 13:07:01 [main] INFO  o.a.catalina.core.StandardEngine - Starting Servlet engine: [Apache Tomcat/10.1.16]
2025-10-29 13:07:01 [main] INFO  o.a.c.c.C.[Tomcat].[localhost].[/] - Initializing Spring embedded WebApplicationContext
2025-10-29 13:07:01 [main] INFO  o.s.b.w.s.c.ServletWebServerApplicationContext - Root WebApplicationContext: initialization completed in 3458 ms
2025-10-29 13:07:02 [main] INFO  o.h.jpa.internal.util.LogHelper - HHH000204: Processing PersistenceUnitInfo [name: default]
2025-10-29 13:07:02 [main] INFO  org.hibernate.Version - HHH000412: Hibernate ORM core version 6.3.1.Final
2025-10-29 13:07:02 [main] INFO  o.h.c.i.RegionFactoryInitiator - HHH000026: Second-level cache disabled
2025-10-29 13:07:02 [main] INFO  o.s.o.j.p.SpringPersistenceUnitInfo - No LoadTimeWeaver setup: ignoring JPA class transformer
2025-10-29 13:07:02 [main] INFO  com.zaxxer.hikari.HikariDataSource - HikariPool-1 - Starting...
2025-10-29 13:07:03 [main] INFO  com.zaxxer.hikari.pool.HikariPool - HikariPool-1 - Added connection org.postgresql.jdbc.PgConnection@4d664323
2025-10-29 13:07:03 [main] INFO  com.zaxxer.hikari.HikariDataSource - HikariPool-1 - Start completed.
2025-10-29 13:07:03 [main] WARN  org.hibernate.orm.deprecation - HHH90000025: PostgreSQLDialect does not need to be specified explicitly using 'hibernate.dialect' (remove the property setting and it will be selected by default)
2025-10-29 13:07:04 [main] INFO  o.h.e.t.j.p.i.JtaPlatformInitiator - HHH000489: No JTA platform available (set 'hibernate.transaction.jta.platform' to enable JTA platform integration)
2025-10-29 13:07:04 [main] INFO  o.s.o.j.LocalContainerEntityManagerFactoryBean - Initialized JPA EntityManagerFactory for persistence unit 'default'
2025-10-29 13:07:05 [main] INFO  o.s.d.j.r.query.QueryEnhancerFactory - Hibernate is in classpath; If applicable, HQL parser will be used.
2025-10-29 13:07:06 [main] INFO  c.g.d.service.DataInitializer - Database already contains data, skipping initialization
2025-10-29 13:07:06 [main] WARN  o.s.b.a.o.j.JpaBaseConfiguration$JpaWebConfiguration - spring.jpa.open-in-view is enabled by default. Therefore, database queries may be performed during view rendering. Explicitly configure spring.jpa.open-in-view to disable this warning
2025-10-29 13:07:06 [main] INFO  o.s.b.a.w.s.WelcomePageHandlerMapping - Adding welcome page template: index
2025-10-29 13:07:09 [main] INFO  o.s.b.a.e.web.EndpointLinksResolver - Exposing 3 endpoint(s) beneath base path '/actuator'
2025-10-29 13:07:09 [main] INFO  o.s.b.w.e.tomcat.TomcatWebServer - Tomcat started on port 8080 (http) with context path ''
2025-10-29 13:07:09 [main] INFO  c.g.dashboard.JanmanregaApplication - Started JanmanregaApplication in 12.072 seconds (process running for 12.621)
2025-10-29 13:07:14 [http-nio-8080-exec-1] INFO  o.a.c.c.C.[Tomcat].[localhost].[/] - Initializing Spring DispatcherServlet 'dispatcherServlet'
2025-10-29 13:07:14 [http-nio-8080-exec-1] INFO  o.s.web.servlet.DispatcherServlet - Initializing Servlet 'dispatcherServlet'
2025-10-29 13:07:14 [http-nio-8080-exec-1] INFO  o.s.web.servlet.DispatcherServlet - Completed initialization in 0 ms
2025-10-29 13:07:14 [http-nio-8080-exec-1] INFO  c.g.d.controller.DashboardController - Loading homepage
2025-10-29 13:07:14 [http-nio-8080-exec-1] INFO  c.g.d.service.DashboardService - Fetching all districts
2025-10-29 13:07:18 [http-nio-8080-exec-10] INFO  c.g.d.controller.DashboardController - Loading homepage
2025-10-29 13:07:18 [http-nio-8080-exec-10] INFO  c.g.d.service.DashboardService - Fetching all districts
2025-10-29 13:07:19 [http-nio-8080-exec-6] INFO  c.g.d.controller.DashboardController - Loading homepage
2025-10-29 13:07:19 [http-nio-8080-exec-6] INFO  c.g.d.service.DashboardService - Fetching all districts
2025-10-29 13:07:21 [http-nio-8080-exec-7] INFO  c.g.d.controller.DashboardController - Loading homepage
2025-10-29 13:07:21 [http-nio-8080-exec-7] INFO  c.g.d.service.DashboardService - Fetching all districts
2025-10-29 13:07:25 [http-nio-8080-exec-4] INFO  c.g.d.controller.DashboardController - Loading dashboard for district: ALIGARH
2025-10-29 13:07:25 [http-nio-8080-exec-4] INFO  c.g.d.service.DashboardService - Generating dashboard summary for district: ALIGARH
2025-10-29 13:07:25 [http-nio-8080-exec-4] INFO  c.g.d.service.DashboardService - Fetching performance data for district: ALIGARH
2025-10-29 13:07:25 [http-nio-8080-exec-5] INFO  c.g.d.controller.DashboardController - Generating chart for district: ALIGARH
2025-10-29 13:07:25 [http-nio-8080-exec-5] INFO  c.g.d.service.DashboardService - Fetching performance data for district: ALIGARH
2025-10-29 13:07:28 [http-nio-8080-exec-1] INFO  c.g.d.controller.DashboardController - Loading homepage
2025-10-29 13:07:28 [http-nio-8080-exec-1] INFO  c.g.d.service.DashboardService - Fetching all districts
2025-10-29 13:07:29 [http-nio-8080-exec-3] INFO  c.g.d.controller.DashboardController - Loading homepage
2025-10-29 13:07:29 [http-nio-8080-exec-3] INFO  c.g.d.service.DashboardService - Fetching all districts
2025-10-29 13:07:31 [http-nio-8080-exec-2] INFO  c.g.d.controller.DashboardController - Loading dashboard for district: ALIGARH
2025-10-29 13:07:31 [http-nio-8080-exec-10] INFO  c.g.d.controller.DashboardController - Generating chart for district: ALIGARH
2025-10-29 13:07:31 [http-nio-8080-exec-10] INFO  c.g.d.service.DashboardService - Fetching performance data for district: ALIGARH
2025-10-29 13:07:35 [http-nio-8080-exec-6] INFO  c.g.d.controller.DashboardController - Loading homepage
2025-10-29 13:07:35 [http-nio-8080-exec-6] INFO  c.g.d.service.DashboardService - Fetching all districts
2025-10-29 13:11:57 [SpringApplicationShutdownHook] INFO  o.s.o.j.LocalContainerEntityManagerFactoryBean - Closing JPA EntityManagerFactory for persistence unit 'default'
2025-10-29 13:11:57 [SpringApplicationShutdownHook] INFO  com.zaxxer.hikari.HikariDataSource - HikariPool-1 - Shutdown initiated...
2025-10-29 13:11:57 [SpringApplicationShutdownHook] INFO  com.zaxxer.hikari.HikariDataSource - HikariPool-1 - Shutdown completed.
2025-10-29 13:12:00 [main] INFO  c.g.dashboard.JanmanregaApplication - Starting JanmanregaApplication using Java 25 with PID 20156 (C:\Users\aspk1\OneDrive\Desktop\Gov Project\Gov Project\target\classes started by aspk1 in C:\Users\aspk1\OneDrive\Desktop\Gov Project)
2025-10-29 13:12:00 [main] INFO  c.g.dashboard.JanmanregaApplication - No active profile set, falling back to 1 default profile: "default"
2025-10-29 13:12:01 [main] INFO  o.s.d.r.c.RepositoryConfigurationDelegate - Bootstrapping Spring Data JPA repositories in DEFAULT mode.
2025-10-29 13:12:01 [main] INFO  o.s.d.r.c.RepositoryConfigurationDelegate - Finished Spring Data repository scanning in 48 ms. Found 1 JPA repository interface.
2025-10-29 13:12:02 [main] INFO  o.s.b.w.e.tomcat.TomcatWebServer - Tomcat initialized with port 8080 (http)
2025-10-29 13:12:02 [main] INFO  o.a.catalina.core.StandardService - Starting service [Tomcat]
2025-10-29 13:12:02 [main] INFO  o.a.catalina.core.StandardEngine - Starting Servlet engine: [Apache Tomcat/10.1.16]
2025-10-29 13:12:02 [main] INFO  o.a.c.c.C.[Tomcat].[localhost].[/] - Initializing Spring embedded WebApplicationContext
2025-10-29 13:12:02 [main] INFO  o.s.b.w.s.c.ServletWebServerApplicationContext - Root WebApplicationContext: initialization completed in 2517 ms
2025-10-29 13:12:03 [main] INFO  o.h.jpa.internal.util.LogHelper - HHH000204: Processing PersistenceUnitInfo [name: default]
2025-10-29 13:12:03 [main] INFO  org.hibernate.Version - HHH000412: Hibernate ORM core version 6.3.1.Final
2025-10-29 13:12:03 [main] INFO  o.h.c.i.RegionFactoryInitiator - HHH000026: Second-level cache disabled
2025-10-29 13:12:03 [main] INFO  o.s.o.j.p.SpringPersistenceUnitInfo - No LoadTimeWeaver setup: ignoring JPA class transformer
2025-10-29 13:12:03 [main] INFO  com.zaxxer.hikari.HikariDataSource - HikariPool-1 - Starting...
2025-10-29 13:12:04 [main] INFO  com.zaxxer.hikari.pool.HikariPool - HikariPool-1 - Added connection org.postgresql.jdbc.PgConnection@27ec0d06
2025-10-29 13:12:04 [main] INFO  com.zaxxer.hikari.HikariDataSource - HikariPool-1 - Start completed.
2025-10-29 13:12:04 [main] WARN  org.hibernate.orm.deprecation - HHH90000025: PostgreSQLDialect does not need to be specified explicitly using 'hibernate.dialect' (remove the property setting and it will be selected by default)
2025-10-29 13:12:05 [main] INFO  o.h.e.t.j.p.i.JtaPlatformInitiator - HHH000489: No JTA platform available (set 'hibernate.transaction.jta.platform' to enable JTA platform integration)
2025-10-29 13:12:05 [main] INFO  o.s.o.j.LocalContainerEntityManagerFactoryBean - Initialized JPA EntityManagerFactory for persistence unit 'default'
2025-10-29 13:12:05 [main] INFO  o.s.d.j.r.query.QueryEnhancerFactory - Hibernate is in classpath; If applicable, HQL parser will be used.
2025-10-29 13:12:06 [main] INFO  c.g.d.service.DataInitializer - Database already contains data, skipping initialization
2025-10-29 13:12:06 [main] WARN  o.s.b.a.o.j.JpaBaseConfiguration$JpaWebConfiguration - spring.jpa.open-in-view is enabled by default. Therefore, database queries may be performed during view rendering. Explicitly configure spring.jpa.open-in-view to disable this warning
2025-10-29 13:12:06 [main] INFO  o.s.b.a.w.s.WelcomePageHandlerMapping - Adding welcome page template: index
2025-10-29 13:12:07 [main] INFO  o.s.b.a.e.web.EndpointLinksResolver - Exposing 3 endpoint(s) beneath base path '/actuator'
2025-10-29 13:12:07 [main] INFO  o.s.b.w.e.tomcat.TomcatWebServer - Tomcat started on port 8080 (http) with context path ''
2025-10-29 13:12:07 [main] INFO  c.g.dashboard.JanmanregaApplication - Started JanmanregaApplication in 7.835 seconds (process running for 8.394)
2025-10-29 13:12:17 [http-nio-8080-exec-1] INFO  o.a.c.c.C.[Tomcat].[localhost].[/] - Initializing Spring DispatcherServlet 'dispatcherServlet'
2025-10-29 13:12:17 [http-nio-8080-exec-1] INFO  o.s.web.servlet.DispatcherServlet - Initializing Servlet 'dispatcherServlet'
2025-10-29 13:12:17 [http-nio-8080-exec-1] INFO  o.s.web.servlet.DispatcherServlet - Completed initialization in 8 ms
2025-10-29 13:12:17 [http-nio-8080-exec-1] INFO  c.g.d.controller.DashboardController - Loading homepage
2025-10-29 13:12:17 [http-nio-8080-exec-1] INFO  c.g.d.service.DashboardService - Fetching all districts
2025-10-29 13:12:20 [http-nio-8080-exec-2] INFO  c.g.d.controller.DashboardController - Loading homepage
2025-10-29 13:12:20 [http-nio-8080-exec-2] INFO  c.g.d.service.DashboardService - Fetching all districts
2025-10-29 13:12:21 [http-nio-8080-exec-4] INFO  c.g.d.controller.DashboardController - Loading homepage
2025-10-29 13:12:21 [http-nio-8080-exec-4] INFO  c.g.d.service.DashboardService - Fetching all districts
2025-10-29 13:12:22 [http-nio-8080-exec-10] INFO  c.g.d.controller.DashboardController - Loading homepage
2025-10-29 13:12:22 [http-nio-8080-exec-10] INFO  c.g.d.service.DashboardService - Fetching all districts
2025-10-29 13:12:23 [http-nio-8080-exec-6] INFO  c.g.d.controller.DashboardController - Loading homepage
2025-10-29 13:12:23 [http-nio-8080-exec-6] INFO  c.g.d.service.DashboardService - Fetching all districts
2025-10-29 13:15:02 [SpringApplicationShutdownHook] INFO  o.s.o.j.LocalContainerEntityManagerFactoryBean - Closing JPA EntityManagerFactory for persistence unit 'default'
2025-10-29 13:15:02 [SpringApplicationShutdownHook] INFO  com.zaxxer.hikari.HikariDataSource - HikariPool-1 - Shutdown initiated...
2025-10-29 13:15:02 [SpringApplicationShutdownHook] INFO  com.zaxxer.hikari.HikariDataSource - HikariPool-1 - Shutdown completed.
2025-10-29 13:15:08 [main] INFO  c.g.dashboard.JanmanregaApplication - Starting JanmanregaApplication using Java 25 with PID 21160 (C:\Users\aspk1\OneDrive\Desktop\Gov Project\Gov Project\target\classes started by aspk1 in C:\Users\aspk1\OneDrive\Desktop\Gov Project)
2025-10-29 13:15:08 [main] INFO  c.g.dashboard.JanmanregaApplication - No active profile set, falling back to 1 default profile: "default"
2025-10-29 13:15:10 [main] INFO  o.s.d.r.c.RepositoryConfigurationDelegate - Bootstrapping Spring Data JPA repositories in DEFAULT mode.
2025-10-29 13:15:10 [main] INFO  o.s.d.r.c.RepositoryConfigurationDelegate - Finished Spring Data repository scanning in 73 ms. Found 1 JPA repository interface.
2025-10-29 13:15:10 [main] WARN  o.s.b.w.s.c.AnnotationConfigServletWebServerApplicationContext - Exception encountered during context initialization - cancelling refresh attempt: org.springframework.beans.factory.support.BeanDefinitionOverrideException: Invalid bean definition with name 'characterEncodingFilter' defined in class path resource [org/springframework/boot/autoconfigure/web/servlet/HttpEncodingAutoConfiguration.class]: Cannot register bean definition [Root bean: class [null]; scope=; abstract=false; lazyInit=null; autowireMode=3; dependencyCheck=0; autowireCandidate=true; primary=false; factoryBeanName=org.springframework.boot.autoconfigure.web.servlet.HttpEncodingAutoConfiguration; factoryMethodName=characterEncodingFilter; initMethodNames=null; destroyMethodNames=[(inferred)]; defined in class path resource [org/springframework/boot/autoconfigure/web/servlet/HttpEncodingAutoConfiguration.class]] for bean 'characterEncodingFilter' since there is already [Root bean: class [null]; scope=; abstract=false; lazyInit=null; autowireMode=3; dependencyCheck=0; autowireCandidate=true; primary=false; factoryBeanName=webConfig; factoryMethodName=characterEncodingFilter; initMethodNames=null; destroyMethodNames=[(inferred)]; defined in class path resource [com/gov/dashboard/config/WebConfig.class]] bound.
2025-10-29 13:15:10 [main] INFO  o.s.b.a.l.ConditionEvaluationReportLogger - 

Error starting ApplicationContext. To display the condition evaluation report re-run your application with 'debug' enabled.
2025-10-29 13:15:10 [main] ERROR o.s.b.d.LoggingFailureAnalysisReporter - 

***************************
APPLICATION FAILED TO START
***************************

Description:

The bean 'characterEncodingFilter', defined in class path resource [org/springframework/boot/autoconfigure/web/servlet/HttpEncodingAutoConfiguration.class], could not be registered. A bean with that name has already been defined in class path resource [com/gov/dashboard/config/WebConfig.class] and overriding is disabled.

Action:

Consider renaming one of the beans or enabling overriding by setting spring.main.allow-bean-definition-overriding=true

2025-10-29 13:15:53 [main] INFO  c.g.dashboard.JanmanregaApplication - Starting JanmanregaApplication using Java 25 with PID 7872 (C:\Users\aspk1\OneDrive\Desktop\Gov Project\Gov Project\target\classes started by aspk1 in C:\Users\aspk1\OneDrive\Desktop\Gov Project)
2025-10-29 13:15:53 [main] INFO  c.g.dashboard.JanmanregaApplication - No active profile set, falling back to 1 default profile: "default"
2025-10-29 13:15:54 [main] INFO  o.s.d.r.c.RepositoryConfigurationDelegate - Bootstrapping Spring Data JPA repositories in DEFAULT mode.
2025-10-29 13:15:54 [main] INFO  o.s.d.r.c.RepositoryConfigurationDelegate - Finished Spring Data repository scanning in 53 ms. Found 1 JPA repository interface.
2025-10-29 13:15:54 [main] WARN  o.s.b.w.s.c.AnnotationConfigServletWebServerApplicationContext - Exception encountered during context initialization - cancelling refresh attempt: org.springframework.beans.factory.support.BeanDefinitionOverrideException: Invalid bean definition with name 'characterEncodingFilter' defined in class path resource [org/springframework/boot/autoconfigure/web/servlet/HttpEncodingAutoConfiguration.class]: Cannot register bean definition [Root bean: class [null]; scope=; abstract=false; lazyInit=null; autowireMode=3; dependencyCheck=0; autowireCandidate=true; primary=false; factoryBeanName=org.springframework.boot.autoconfigure.web.servlet.HttpEncodingAutoConfiguration; factoryMethodName=characterEncodingFilter; initMethodNames=null; destroyMethodNames=[(inferred)]; defined in class path resource [org/springframework/boot/autoconfigure/web/servlet/HttpEncodingAutoConfiguration.class]] for bean 'characterEncodingFilter' since there is already [Root bean: class [null]; scope=; abstract=false; lazyInit=null; autowireMode=3; dependencyCheck=0; autowireCandidate=true; primary=false; factoryBeanName=webConfig; factoryMethodName=characterEncodingFilter; initMethodNames=null; destroyMethodNames=[(inferred)]; defined in class path resource [com/gov/dashboard/config/WebConfig.class]] bound.
2025-10-29 13:15:54 [main] INFO  o.s.b.a.l.ConditionEvaluationReportLogger - 

Error starting ApplicationContext. To display the condition evaluation report re-run your application with 'debug' enabled.
2025-10-29 13:15:54 [main] ERROR o.s.b.d.LoggingFailureAnalysisReporter - 

***************************
APPLICATION FAILED TO START
***************************

Description:

The bean 'characterEncodingFilter', defined in class path resource [org/springframework/boot/autoconfigure/web/servlet/HttpEncodingAutoConfiguration.class], could not be registered. A bean with that name has already been defined in class path resource [com/gov/dashboard/config/WebConfig.class] and overriding is disabled.

Action:

Consider renaming one of the beans or enabling overriding by setting spring.main.allow-bean-definition-overriding=true

2025-10-29 13:19:01 [main] INFO  c.g.dashboard.JanmanregaApplication - Starting JanmanregaApplication using Java 25 with PID 9836 (C:\Users\aspk1\OneDrive\Desktop\Gov Project\Gov Project\target\classes started by aspk1 in C:\Users\aspk1\OneDrive\Desktop\Gov Project)
2025-10-29 13:19:01 [main] INFO  c.g.dashboard.JanmanregaApplication - No active profile set, falling back to 1 default profile: "default"
2025-10-29 13:19:02 [main] INFO  o.s.d.r.c.RepositoryConfigurationDelegate - Bootstrapping Spring Data JPA repositories in DEFAULT mode.
2025-10-29 13:19:03 [main] INFO  o.s.d.r.c.RepositoryConfigurationDelegate - Finished Spring Data repository scanning in 65 ms. Found 1 JPA repository interface.
2025-10-29 13:19:04 [main] INFO  o.s.b.w.e.tomcat.TomcatWebServer - Tomcat initialized with port 8080 (http)
2025-10-29 13:19:04 [main] INFO  o.a.catalina.core.StandardService - Starting service [Tomcat]
2025-10-29 13:19:04 [main] INFO  o.a.catalina.core.StandardEngine - Starting Servlet engine: [Apache Tomcat/10.1.16]
2025-10-29 13:19:04 [main] INFO  o.a.c.c.C.[Tomcat].[localhost].[/] - Initializing Spring embedded WebApplicationContext
2025-10-29 13:19:04 [main] INFO  o.s.b.w.s.c.ServletWebServerApplicationContext - Root WebApplicationContext: initialization completed in 3223 ms
2025-10-29 13:19:04 [main] INFO  o.h.jpa.internal.util.LogHelper - HHH000204: Processing PersistenceUnitInfo [name: default]
2025-10-29 13:19:05 [main] INFO  org.hibernate.Version - HHH000412: Hibernate ORM core version 6.3.1.Final
2025-10-29 13:19:05 [main] INFO  o.h.c.i.RegionFactoryInitiator - HHH000026: Second-level cache disabled
2025-10-29 13:19:05 [main] INFO  o.s.o.j.p.SpringPersistenceUnitInfo - No LoadTimeWeaver setup: ignoring JPA class transformer
2025-10-29 13:19:05 [main] INFO  com.zaxxer.hikari.HikariDataSource - HikariPool-1 - Starting...
2025-10-29 13:19:05 [main] INFO  com.zaxxer.hikari.pool.HikariPool - HikariPool-1 - Added connection org.postgresql.jdbc.PgConnection@41f686af
2025-10-29 13:19:05 [main] INFO  com.zaxxer.hikari.HikariDataSource - HikariPool-1 - Start completed.
2025-10-29 13:19:05 [main] WARN  org.hibernate.orm.deprecation - HHH90000025: PostgreSQLDialect does not need to be specified explicitly using 'hibernate.dialect' (remove the property setting and it will be selected by default)
2025-10-29 13:19:07 [main] INFO  o.h.e.t.j.p.i.JtaPlatformInitiator - HHH000489: No JTA platform available (set 'hibernate.transaction.jta.platform' to enable JTA platform integration)
2025-10-29 13:19:07 [main] INFO  o.s.o.j.LocalContainerEntityManagerFactoryBean - Initialized JPA EntityManagerFactory for persistence unit 'default'
2025-10-29 13:19:07 [main] INFO  o.s.d.j.r.query.QueryEnhancerFactory - Hibernate is in classpath; If applicable, HQL parser will be used.
2025-10-29 13:19:08 [main] INFO  c.g.d.service.DataInitializer - Database already contains data, skipping initialization
2025-10-29 13:19:08 [main] WARN  o.s.b.a.o.j.JpaBaseConfiguration$JpaWebConfiguration - spring.jpa.open-in-view is enabled by default. Therefore, database queries may be performed during view rendering. Explicitly configure spring.jpa.open-in-view to disable this warning
2025-10-29 13:19:08 [main] INFO  o.s.b.a.w.s.WelcomePageHandlerMapping - Adding welcome page template: index
2025-10-29 13:19:10 [main] INFO  o.s.b.a.e.web.EndpointLinksResolver - Exposing 3 endpoint(s) beneath base path '/actuator'
2025-10-29 13:19:11 [main] INFO  o.s.b.w.e.tomcat.TomcatWebServer - Tomcat started on port 8080 (http) with context path ''
2025-10-29 13:19:11 [main] INFO  c.g.dashboard.JanmanregaApplication - Started JanmanregaApplication in 10.734 seconds (process running for 11.347)
2025-10-29 13:19:17 [http-nio-8080-exec-1] INFO  o.a.c.c.C.[Tomcat].[localhost].[/] - Initializing Spring DispatcherServlet 'dispatcherServlet'
2025-10-29 13:19:17 [http-nio-8080-exec-1] INFO  o.s.web.servlet.DispatcherServlet - Initializing Servlet 'dispatcherServlet'
2025-10-29 13:19:17 [http-nio-8080-exec-1] INFO  o.s.web.servlet.DispatcherServlet - Completed initialization in 8 ms
2025-10-29 13:19:17 [http-nio-8080-exec-1] INFO  c.g.d.controller.DashboardController - Loading homepage
2025-10-29 13:19:17 [http-nio-8080-exec-1] INFO  c.g.d.service.DashboardService - Fetching all districts
2025-10-29 13:19:21 [http-nio-8080-exec-3] INFO  c.g.d.controller.DashboardController - Loading homepage
2025-10-29 13:19:21 [http-nio-8080-exec-3] INFO  c.g.d.service.DashboardService - Fetching all districts
2025-10-29 13:19:22 [http-nio-8080-exec-10] INFO  c.g.d.controller.DashboardController - Loading homepage
2025-10-29 13:19:22 [http-nio-8080-exec-10] INFO  c.g.d.service.DashboardService - Fetching all districts
2025-10-29 13:19:23 [http-nio-8080-exec-5] INFO  c.g.d.controller.DashboardController - Loading homepage
2025-10-29 13:19:23 [http-nio-8080-exec-5] INFO  c.g.d.service.DashboardService - Fetching all districts
2025-10-29 13:19:25 [http-nio-8080-exec-6] INFO  c.g.d.controller.DashboardController - Loading homepage
2025-10-29 13:19:25 [http-nio-8080-exec-6] INFO  c.g.d.service.DashboardService - Fetching all districts
2025-10-29 13:20:28 [SpringApplicationShutdownHook] INFO  o.s.o.j.LocalContainerEntityManagerFactoryBean - Closing JPA EntityManagerFactory for persistence unit 'default'
2025-10-29 13:20:28 [SpringApplicationShutdownHook] INFO  com.zaxxer.hikari.HikariDataSource - HikariPool-1 - Shutdown initiated...
2025-10-29 13:20:28 [SpringApplicationShutdownHook] INFO  com.zaxxer.hikari.HikariDataSource - HikariPool-1 - Shutdown completed.
2025-10-29 13:20:31 [main] INFO  c.g.dashboard.JanmanregaApplication - Starting JanmanregaApplication using Java 25 with PID 16088 (C:\Users\aspk1\OneDrive\Desktop\Gov Project\Gov Project\target\classes started by aspk1 in C:\Users\aspk1\OneDrive\Desktop\Gov Project)
2025-10-29 13:20:31 [main] INFO  c.g.dashboard.JanmanregaApplication - No active profile set, falling back to 1 default profile: "default"
2025-10-29 13:20:32 [main] INFO  o.s.d.r.c.RepositoryConfigurationDelegate - Bootstrapping Spring Data JPA repositories in DEFAULT mode.
2025-10-29 13:20:32 [main] INFO  o.s.d.r.c.RepositoryConfigurationDelegate - Finished Spring Data repository scanning in 56 ms. Found 1 JPA repository interface.
2025-10-29 13:20:34 [main] INFO  o.s.b.w.e.tomcat.TomcatWebServer - Tomcat initialized with port 8080 (http)
2025-10-29 13:20:34 [main] INFO  o.a.catalina.core.StandardService - Starting service [Tomcat]
2025-10-29 13:20:34 [main] INFO  o.a.catalina.core.StandardEngine - Starting Servlet engine: [Apache Tomcat/10.1.16]
2025-10-29 13:20:34 [main] INFO  o.a.c.c.C.[Tomcat].[localhost].[/] - Initializing Spring embedded WebApplicationContext
2025-10-29 13:20:34 [main] INFO  o.s.b.w.s.c.ServletWebServerApplicationContext - Root WebApplicationContext: initialization completed in 2359 ms
2025-10-29 13:20:34 [main] INFO  o.h.jpa.internal.util.LogHelper - HHH000204: Processing PersistenceUnitInfo [name: default]
2025-10-29 13:20:34 [main] INFO  org.hibernate.Version - HHH000412: Hibernate ORM core version 6.3.1.Final
2025-10-29 13:20:34 [main] INFO  o.h.c.i.RegionFactoryInitiator - HHH000026: Second-level cache disabled
2025-10-29 13:20:35 [main] INFO  o.s.o.j.p.SpringPersistenceUnitInfo - No LoadTimeWeaver setup: ignoring JPA class transformer
2025-10-29 13:20:35 [main] INFO  com.zaxxer.hikari.HikariDataSource - HikariPool-1 - Starting...
2025-10-29 13:20:35 [main] INFO  com.zaxxer.hikari.pool.HikariPool - HikariPool-1 - Added connection org.postgresql.jdbc.PgConnection@4407b042
2025-10-29 13:20:35 [main] INFO  com.zaxxer.hikari.HikariDataSource - HikariPool-1 - Start completed.
2025-10-29 13:20:35 [main] WARN  org.hibernate.orm.deprecation - HHH90000025: PostgreSQLDialect does not need to be specified explicitly using 'hibernate.dialect' (remove the property setting and it will be selected by default)
2025-10-29 13:20:36 [main] INFO  o.h.e.t.j.p.i.JtaPlatformInitiator - HHH000489: No JTA platform available (set 'hibernate.transaction.jta.platform' to enable JTA platform integration)
2025-10-29 13:20:36 [main] INFO  o.s.o.j.LocalContainerEntityManagerFactoryBean - Initialized JPA EntityManagerFactory for persistence unit 'default'
2025-10-29 13:20:36 [main] INFO  o.s.d.j.r.query.QueryEnhancerFactory - Hibernate is in classpath; If applicable, HQL parser will be used.
2025-10-29 13:20:37 [main] INFO  c.g.d.service.DataInitializer - Database already contains data, skipping initialization
2025-10-29 13:20:37 [main] WARN  o.s.b.a.o.j.JpaBaseConfiguration$JpaWebConfiguration - spring.jpa.open-in-view is enabled by default. Therefore, database queries may be performed during view rendering. Explicitly configure spring.jpa.open-in-view to disable this warning
2025-10-29 13:20:37 [main] INFO  o.s.b.a.w.s.WelcomePageHandlerMapping - Adding welcome page template: index
2025-10-29 13:20:38 [main] INFO  o.s.b.a.e.web.EndpointLinksResolver - Exposing 3 endpoint(s) beneath base path '/actuator'
2025-10-29 13:20:38 [main] INFO  o.s.b.w.e.tomcat.TomcatWebServer - Tomcat started on port 8080 (http) with context path ''
2025-10-29 13:20:38 [main] INFO  c.g.dashboard.JanmanregaApplication - Started JanmanregaApplication in 7.666 seconds (process running for 8.194)
2025-10-29 13:20:41 [http-nio-8080-exec-1] INFO  o.a.c.c.C.[Tomcat].[localhost].[/] - Initializing Spring DispatcherServlet 'dispatcherServlet'
2025-10-29 13:20:41 [http-nio-8080-exec-1] INFO  o.s.web.servlet.DispatcherServlet - Initializing Servlet 'dispatcherServlet'
2025-10-29 13:20:41 [http-nio-8080-exec-1] INFO  o.s.web.servlet.DispatcherServlet - Completed initialization in 0 ms
2025-10-29 13:20:41 [http-nio-8080-exec-1] INFO  c.g.d.controller.DashboardController - Loading homepage
2025-10-29 13:20:41 [http-nio-8080-exec-1] INFO  c.g.d.service.DashboardService - Fetching all districts
2025-10-29 13:20:44 [http-nio-8080-exec-4] INFO  c.g.d.controller.DashboardController - Loading homepage
2025-10-29 13:20:44 [http-nio-8080-exec-4] INFO  c.g.d.service.DashboardService - Fetching all districts
2025-10-29 13:20:45 [http-nio-8080-exec-5] INFO  c.g.d.controller.DashboardController - Loading homepage
2025-10-29 13:20:45 [http-nio-8080-exec-5] INFO  c.g.d.service.DashboardService - Fetching all districts
2025-10-29 13:20:51 [http-nio-8080-exec-6] INFO  c.g.d.controller.DashboardController - Loading homepage
2025-10-29 13:20:51 [http-nio-8080-exec-6] INFO  c.g.d.service.DashboardService - Fetching all districts
2025-10-29 13:20:51 [http-nio-8080-exec-7] INFO  c.g.d.controller.DashboardController - Loading homepage
2025-10-29 13:20:51 [http-nio-8080-exec-7] INFO  c.g.d.service.DashboardService - Fetching all districts
2025-10-29 13:20:51 [http-nio-8080-exec-8] INFO  c.g.d.controller.DashboardController - Loading homepage
2025-10-29 13:20:51 [http-nio-8080-exec-8] INFO  c.g.d.service.DashboardService - Fetching all districts
2025-10-29 13:20:51 [http-nio-8080-exec-9] INFO  c.g.d.controller.DashboardController - Loading homepage
2025-10-29 13:20:51 [http-nio-8080-exec-9] INFO  c.g.d.service.DashboardService - Fetching all districts
2025-10-29 13:20:51 [http-nio-8080-exec-10] INFO  c.g.d.controller.DashboardController - Loading homepage
2025-10-29 13:20:51 [http-nio-8080-exec-10] INFO  c.g.d.service.DashboardService - Fetching all districts
2025-10-29 13:20:51 [http-nio-8080-exec-1] INFO  c.g.d.controller.DashboardController - Loading homepage
2025-10-29 13:20:51 [http-nio-8080-exec-1] INFO  c.g.d.service.DashboardService - Fetching all districts
2025-10-29 13:20:52 [http-nio-8080-exec-2] INFO  c.g.d.controller.DashboardController - Loading homepage
2025-10-29 13:20:52 [http-nio-8080-exec-2] INFO  c.g.d.service.DashboardService - Fetching all districts
2025-10-29 13:20:52 [http-nio-8080-exec-3] INFO  c.g.d.controller.DashboardController - Loading homepage
2025-10-29 13:20:52 [http-nio-8080-exec-3] INFO  c.g.d.service.DashboardService - Fetching all districts
2025-10-29 13:22:32 [http-nio-8080-exec-6] INFO  c.g.d.controller.DashboardController - Loading homepage
2025-10-29 13:22:32 [http-nio-8080-exec-6] INFO  c.g.d.service.DashboardService - Fetching all districts
2025-10-29 13:23:19 [SpringApplicationShutdownHook] INFO  o.s.o.j.LocalContainerEntityManagerFactoryBean - Closing JPA EntityManagerFactory for persistence unit 'default'
2025-10-29 13:23:19 [SpringApplicationShutdownHook] INFO  com.zaxxer.hikari.HikariDataSource - HikariPool-1 - Shutdown initiated...
2025-10-29 13:23:19 [SpringApplicationShutdownHook] INFO  com.zaxxer.hikari.HikariDataSource - HikariPool-1 - Shutdown completed.
2025-10-29 13:23:22 [main] INFO  c.g.dashboard.JanmanregaApplication - Starting JanmanregaApplication using Java 25 with PID 10884 (C:\Users\aspk1\OneDrive\Desktop\Gov Project\Gov Project\target\classes started by aspk1 in C:\Users\aspk1\OneDrive\Desktop\Gov Project)
2025-10-29 13:23:22 [main] INFO  c.g.dashboard.JanmanregaApplication - No active profile set, falling back to 1 default profile: "default"
2025-10-29 13:23:23 [main] INFO  o.s.d.r.c.RepositoryConfigurationDelegate - Bootstrapping Spring Data JPA repositories in DEFAULT mode.
2025-10-29 13:23:23 [main] INFO  o.s.d.r.c.RepositoryConfigurationDelegate - Finished Spring Data repository scanning in 54 ms. Found 1 JPA repository interface.
2025-10-29 13:23:24 [main] INFO  o.s.b.w.e.tomcat.TomcatWebServer - Tomcat initialized with port 8080 (http)
2025-10-29 13:23:24 [main] INFO  o.a.catalina.core.StandardService - Starting service [Tomcat]
2025-10-29 13:23:24 [main] INFO  o.a.catalina.core.StandardEngine - Starting Servlet engine: [Apache Tomcat/10.1.16]
2025-10-29 13:23:24 [main] INFO  o.a.c.c.C.[Tomcat].[localhost].[/] - Initializing Spring embedded WebApplicationContext
2025-10-29 13:23:24 [main] INFO  o.s.b.w.s.c.ServletWebServerApplicationContext - Root WebApplicationContext: initialization completed in 2397 ms
2025-10-29 13:23:25 [main] INFO  o.h.jpa.internal.util.LogHelper - HHH000204: Processing PersistenceUnitInfo [name: default]
2025-10-29 13:23:25 [main] INFO  org.hibernate.Version - HHH000412: Hibernate ORM core version 6.3.1.Final
2025-10-29 13:23:25 [main] INFO  o.h.c.i.RegionFactoryInitiator - HHH000026: Second-level cache disabled
2025-10-29 13:23:25 [main] INFO  o.s.o.j.p.SpringPersistenceUnitInfo - No LoadTimeWeaver setup: ignoring JPA class transformer
2025-10-29 13:23:26 [main] INFO  com.zaxxer.hikari.HikariDataSource - HikariPool-1 - Starting...
2025-10-29 13:23:26 [main] INFO  com.zaxxer.hikari.pool.HikariPool - HikariPool-1 - Added connection org.postgresql.jdbc.PgConnection@2d459bda
2025-10-29 13:23:26 [main] INFO  com.zaxxer.hikari.HikariDataSource - HikariPool-1 - Start completed.
2025-10-29 13:23:26 [main] WARN  org.hibernate.orm.deprecation - HHH90000025: PostgreSQLDialect does not need to be specified explicitly using 'hibernate.dialect' (remove the property setting and it will be selected by default)
2025-10-29 13:23:27 [main] INFO  o.h.e.t.j.p.i.JtaPlatformInitiator - HHH000489: No JTA platform available (set 'hibernate.transaction.jta.platform' to enable JTA platform integration)
2025-10-29 13:23:27 [main] INFO  o.s.o.j.LocalContainerEntityManagerFactoryBean - Initialized JPA EntityManagerFactory for persistence unit 'default'
2025-10-29 13:23:27 [main] INFO  o.s.d.j.r.query.QueryEnhancerFactory - Hibernate is in classpath; If applicable, HQL parser will be used.
2025-10-29 13:23:28 [main] INFO  c.g.d.service.DataInitializer - Database already contains data, skipping initialization
2025-10-29 13:23:28 [main] WARN  o.s.b.a.o.j.JpaBaseConfiguration$JpaWebConfiguration - spring.jpa.open-in-view is enabled by default. Therefore, database queries may be performed during view rendering. Explicitly configure spring.jpa.open-in-view to disable this warning
2025-10-29 13:23:28 [main] INFO  o.s.b.a.w.s.WelcomePageHandlerMapping - Adding welcome page template: index
2025-10-29 13:23:29 [main] INFO  o.s.b.a.e.web.EndpointLinksResolver - Exposing 3 endpoint(s) beneath base path '/actuator'
2025-10-29 13:23:29 [main] INFO  o.s.b.w.e.tomcat.TomcatWebServer - Tomcat started on port 8080 (http) with context path ''
2025-10-29 13:23:29 [main] INFO  c.g.dashboard.JanmanregaApplication - Started JanmanregaApplication in 7.954 seconds (process running for 8.404)
2025-10-29 13:23:41 [http-nio-8080-exec-1] INFO  o.a.c.c.C.[Tomcat].[localhost].[/] - Initializing Spring DispatcherServlet 'dispatcherServlet'
2025-10-29 13:23:41 [http-nio-8080-exec-1] INFO  o.s.web.servlet.DispatcherServlet - Initializing Servlet 'dispatcherServlet'
2025-10-29 13:23:41 [http-nio-8080-exec-1] INFO  o.s.web.servlet.DispatcherServlet - Completed initialization in 0 ms
2025-10-29 13:23:41 [http-nio-8080-exec-1] INFO  c.g.d.controller.DashboardController - Loading homepage
2025-10-29 13:23:41 [http-nio-8080-exec-1] INFO  c.g.d.service.DashboardService - Fetching all districts
2025-10-29 13:23:43 [http-nio-8080-exec-2] INFO  c.g.d.controller.DashboardController - Loading homepage
2025-10-29 13:23:43 [http-nio-8080-exec-2] INFO  c.g.d.service.DashboardService - Fetching all districts
2025-10-29 13:23:44 [http-nio-8080-exec-5] INFO  c.g.d.controller.DashboardController - Loading homepage
2025-10-29 13:23:44 [http-nio-8080-exec-5] INFO  c.g.d.service.DashboardService - Fetching all districts
2025-10-29 13:23:45 [http-nio-8080-exec-6] INFO  c.g.d.controller.DashboardController - Loading homepage
2025-10-29 13:23:45 [http-nio-8080-exec-6] INFO  c.g.d.service.DashboardService - Fetching all districts
2025-10-29 13:36:13 [SpringApplicationShutdownHook] INFO  o.s.o.j.LocalContainerEntityManagerFactoryBean - Closing JPA EntityManagerFactory for persistence unit 'default'
2025-10-29 13:36:13 [SpringApplicationShutdownHook] INFO  com.zaxxer.hikari.HikariDataSource - HikariPool-1 - Shutdown initiated...
2025-10-29 13:36:13 [SpringApplicationShutdownHook] INFO  com.zaxxer.hikari.HikariDataSource - HikariPool-1 - Shutdown completed.
2025-10-29 13:36:17 [main] INFO  c.g.dashboard.JanmanregaApplication - Starting JanmanregaApplication using Java 25 with PID 20104 (C:\Users\aspk1\OneDrive\Desktop\Gov Project\Gov Project\target\classes started by aspk1 in C:\Users\aspk1\OneDrive\Desktop\Gov Project)
2025-10-29 13:36:17 [main] INFO  c.g.dashboard.JanmanregaApplication - No active profile set, falling back to 1 default profile: "default"
2025-10-29 13:36:19 [main] INFO  o.s.d.r.c.RepositoryConfigurationDelegate - Bootstrapping Spring Data JPA repositories in DEFAULT mode.
2025-10-29 13:36:19 [main] INFO  o.s.d.r.c.RepositoryConfigurationDelegate - Finished Spring Data repository scanning in 143 ms. Found 1 JPA repository interface.
2025-10-29 13:36:24 [main] INFO  o.s.b.w.e.tomcat.TomcatWebServer - Tomcat initialized with port 8080 (http)
2025-10-29 13:36:24 [main] INFO  o.a.catalina.core.StandardService - Starting service [Tomcat]
2025-10-29 13:36:24 [main] INFO  o.a.catalina.core.StandardEngine - Starting Servlet engine: [Apache Tomcat/10.1.16]
2025-10-29 13:36:24 [main] INFO  o.a.c.c.C.[Tomcat].[localhost].[/] - Initializing Spring embedded WebApplicationContext
2025-10-29 13:36:24 [main] INFO  o.s.b.w.s.c.ServletWebServerApplicationContext - Root WebApplicationContext: initialization completed in 6451 ms
2025-10-29 13:36:25 [main] INFO  o.h.jpa.internal.util.LogHelper - HHH000204: Processing PersistenceUnitInfo [name: default]
2025-10-29 13:36:25 [main] INFO  org.hibernate.Version - HHH000412: Hibernate ORM core version 6.3.1.Final
2025-10-29 13:36:25 [main] INFO  o.h.c.i.RegionFactoryInitiator - HHH000026: Second-level cache disabled
2025-10-29 13:36:26 [main] INFO  o.s.o.j.p.SpringPersistenceUnitInfo - No LoadTimeWeaver setup: ignoring JPA class transformer
2025-10-29 13:36:26 [main] INFO  com.zaxxer.hikari.HikariDataSource - HikariPool-1 - Starting...
2025-10-29 13:36:27 [main] INFO  com.zaxxer.hikari.pool.HikariPool - HikariPool-1 - Added connection org.postgresql.jdbc.PgConnection@3a48c398
2025-10-29 13:36:27 [main] INFO  com.zaxxer.hikari.HikariDataSource - HikariPool-1 - Start completed.
2025-10-29 13:36:27 [main] WARN  org.hibernate.orm.deprecation - HHH90000025: PostgreSQLDialect does not need to be specified explicitly using 'hibernate.dialect' (remove the property setting and it will be selected by default)
2025-10-29 13:36:29 [main] INFO  o.h.e.t.j.p.i.JtaPlatformInitiator - HHH000489: No JTA platform available (set 'hibernate.transaction.jta.platform' to enable JTA platform integration)
2025-10-29 13:36:29 [main] INFO  o.s.o.j.LocalContainerEntityManagerFactoryBean - Initialized JPA EntityManagerFactory for persistence unit 'default'
2025-10-29 13:36:30 [main] INFO  o.s.d.j.r.query.QueryEnhancerFactory - Hibernate is in classpath; If applicable, HQL parser will be used.
2025-10-29 13:36:31 [main] INFO  c.g.d.service.DataInitializer - Database already contains data, skipping initialization
2025-10-29 13:36:31 [main] WARN  o.s.b.a.o.j.JpaBaseConfiguration$JpaWebConfiguration - spring.jpa.open-in-view is enabled by default. Therefore, database queries may be performed during view rendering. Explicitly configure spring.jpa.open-in-view to disable this warning
2025-10-29 13:36:31 [main] INFO  o.s.b.a.w.s.WelcomePageHandlerMapping - Adding welcome page template: index
2025-10-29 13:36:32 [main] INFO  o.s.b.a.e.web.EndpointLinksResolver - Exposing 3 endpoint(s) beneath base path '/actuator'
2025-10-29 13:36:32 [main] INFO  o.s.b.w.e.tomcat.TomcatWebServer - Tomcat started on port 8080 (http) with context path ''
2025-10-29 13:36:32 [main] INFO  c.g.dashboard.JanmanregaApplication - Started JanmanregaApplication in 17.088 seconds (process running for 17.692)
2025-10-29 13:36:36 [http-nio-8080-exec-2] INFO  o.a.c.c.C.[Tomcat].[localhost].[/] - Initializing Spring DispatcherServlet 'dispatcherServlet'
2025-10-29 13:36:36 [http-nio-8080-exec-2] INFO  o.s.web.servlet.DispatcherServlet - Initializing Servlet 'dispatcherServlet'
2025-10-29 13:36:36 [http-nio-8080-exec-2] INFO  o.s.web.servlet.DispatcherServlet - Completed initialization in 0 ms
2025-10-29 13:36:36 [http-nio-8080-exec-2] WARN  o.a.c.util.SessionIdGeneratorBase - Creation of SecureRandom instance for session ID generation using [SHA1PRNG] took [353] milliseconds.
2025-10-29 13:36:36 [http-nio-8080-exec-2] INFO  c.g.d.controller.DashboardController - Loading homepage
2025-10-29 13:36:36 [http-nio-8080-exec-2] INFO  c.g.d.service.DashboardService - Fetching all districts
2025-10-29 13:36:44 [http-nio-8080-exec-1] INFO  c.g.d.controller.DashboardController - Loading homepage
2025-10-29 13:36:44 [http-nio-8080-exec-1] INFO  c.g.d.service.DashboardService - Fetching all districts
2025-10-29 13:36:45 [http-nio-8080-exec-3] INFO  c.g.d.controller.DashboardController - Loading homepage
2025-10-29 13:36:45 [http-nio-8080-exec-3] INFO  c.g.d.service.DashboardService - Fetching all districts
2025-10-29 13:36:46 [http-nio-8080-exec-8] INFO  c.g.d.controller.DashboardController - Loading homepage
2025-10-29 13:36:46 [http-nio-8080-exec-8] INFO  c.g.d.service.DashboardService - Fetching all districts
2025-10-29 13:36:47 [http-nio-8080-exec-6] INFO  c.g.d.controller.DashboardController - Loading homepage
2025-10-29 13:36:47 [http-nio-8080-exec-6] INFO  c.g.d.service.DashboardService - Fetching all districts
2025-10-29 13:36:47 [http-nio-8080-exec-7] INFO  c.g.d.controller.DashboardController - Loading homepage
2025-10-29 13:36:47 [http-nio-8080-exec-7] INFO  c.g.d.service.DashboardService - Fetching all districts
2025-10-29 13:37:18 [SpringApplicationShutdownHook] INFO  o.s.o.j.LocalContainerEntityManagerFactoryBean - Closing JPA EntityManagerFactory for persistence unit 'default'
2025-10-29 13:37:18 [SpringApplicationShutdownHook] INFO  com.zaxxer.hikari.HikariDataSource - HikariPool-1 - Shutdown initiated...
2025-10-29 13:37:18 [SpringApplicationShutdownHook] INFO  com.zaxxer.hikari.HikariDataSource - HikariPool-1 - Shutdown completed.
2025-10-29 13:37:21 [main] INFO  c.g.dashboard.JanmanregaApplication - Starting JanmanregaApplication using Java 25 with PID 18376 (C:\Users\aspk1\OneDrive\Desktop\Gov Project\Gov Project\target\classes started by aspk1 in C:\Users\aspk1\OneDrive\Desktop\Gov Project)
2025-10-29 13:37:21 [main] INFO  c.g.dashboard.JanmanregaApplication - No active profile set, falling back to 1 default profile: "default"
2025-10-29 13:37:22 [main] INFO  o.s.d.r.c.RepositoryConfigurationDelegate - Bootstrapping Spring Data JPA repositories in DEFAULT mode.
2025-10-29 13:37:22 [main] INFO  o.s.d.r.c.RepositoryConfigurationDelegate - Finished Spring Data repository scanning in 59 ms. Found 1 JPA repository interface.
2025-10-29 13:37:23 [main] INFO  o.s.b.w.e.tomcat.TomcatWebServer - Tomcat initialized with port 8080 (http)
2025-10-29 13:37:23 [main] INFO  o.a.catalina.core.StandardService - Starting service [Tomcat]
2025-10-29 13:37:23 [main] INFO  o.a.catalina.core.StandardEngine - Starting Servlet engine: [Apache Tomcat/10.1.16]
2025-10-29 13:37:24 [main] INFO  o.a.c.c.C.[Tomcat].[localhost].[/] - Initializing Spring embedded WebApplicationContext
2025-10-29 13:37:24 [main] INFO  o.s.b.w.s.c.ServletWebServerApplicationContext - Root WebApplicationContext: initialization completed in 2600 ms
2025-10-29 13:37:24 [main] INFO  o.h.jpa.internal.util.LogHelper - HHH000204: Processing PersistenceUnitInfo [name: default]
2025-10-29 13:37:24 [main] INFO  org.hibernate.Version - HHH000412: Hibernate ORM core version 6.3.1.Final
2025-10-29 13:37:24 [main] INFO  o.h.c.i.RegionFactoryInitiator - HHH000026: Second-level cache disabled
2025-10-29 13:37:25 [main] INFO  o.s.o.j.p.SpringPersistenceUnitInfo - No LoadTimeWeaver setup: ignoring JPA class transformer
2025-10-29 13:37:25 [main] INFO  com.zaxxer.hikari.HikariDataSource - HikariPool-1 - Starting...
2025-10-29 13:37:25 [main] INFO  com.zaxxer.hikari.pool.HikariPool - HikariPool-1 - Added connection org.postgresql.jdbc.PgConnection@12266084
2025-10-29 13:37:25 [main] INFO  com.zaxxer.hikari.HikariDataSource - HikariPool-1 - Start completed.
2025-10-29 13:37:25 [main] WARN  org.hibernate.orm.deprecation - HHH90000025: PostgreSQLDialect does not need to be specified explicitly using 'hibernate.dialect' (remove the property setting and it will be selected by default)
2025-10-29 13:37:27 [main] INFO  o.h.e.t.j.p.i.JtaPlatformInitiator - HHH000489: No JTA platform available (set 'hibernate.transaction.jta.platform' to enable JTA platform integration)
2025-10-29 13:37:27 [main] INFO  o.s.o.j.LocalContainerEntityManagerFactoryBean - Initialized JPA EntityManagerFactory for persistence unit 'default'
2025-10-29 13:37:27 [main] INFO  o.s.d.j.r.query.QueryEnhancerFactory - Hibernate is in classpath; If applicable, HQL parser will be used.
2025-10-29 13:37:28 [main] INFO  c.g.d.service.DataInitializer - Database already contains data, skipping initialization
2025-10-29 13:37:28 [main] WARN  o.s.b.a.o.j.JpaBaseConfiguration$JpaWebConfiguration - spring.jpa.open-in-view is enabled by default. Therefore, database queries may be performed during view rendering. Explicitly configure spring.jpa.open-in-view to disable this warning
2025-10-29 13:37:28 [main] INFO  o.s.b.a.w.s.WelcomePageHandlerMapping - Adding welcome page template: index
2025-10-29 13:37:29 [main] INFO  o.s.b.a.e.web.EndpointLinksResolver - Exposing 3 endpoint(s) beneath base path '/actuator'
2025-10-29 13:37:30 [main] INFO  o.s.b.w.e.tomcat.TomcatWebServer - Tomcat started on port 8080 (http) with context path ''
2025-10-29 13:37:30 [main] INFO  c.g.dashboard.JanmanregaApplication - Started JanmanregaApplication in 9.4 seconds (process running for 10.009)
2025-10-29 13:37:31 [http-nio-8080-exec-1] INFO  o.a.c.c.C.[Tomcat].[localhost].[/] - Initializing Spring DispatcherServlet 'dispatcherServlet'
2025-10-29 13:37:31 [http-nio-8080-exec-1] INFO  o.s.web.servlet.DispatcherServlet - Initializing Servlet 'dispatcherServlet'
2025-10-29 13:37:31 [http-nio-8080-exec-1] INFO  o.s.web.servlet.DispatcherServlet - Completed initialization in 0 ms
2025-10-29 13:37:31 [http-nio-8080-exec-1] INFO  c.g.d.controller.DashboardController - Loading homepage
2025-10-29 13:37:31 [http-nio-8080-exec-1] INFO  c.g.d.service.DashboardService - Fetching all districts
2025-10-29 13:37:35 [http-nio-8080-exec-5] INFO  c.g.d.controller.DashboardController - Loading homepage
2025-10-29 13:37:35 [http-nio-8080-exec-5] INFO  c.g.d.service.DashboardService - Fetching all districts
2025-10-29 13:37:36 [http-nio-8080-exec-8] INFO  c.g.d.controller.DashboardController - Loading homepage
2025-10-29 13:37:36 [http-nio-8080-exec-8] INFO  c.g.d.service.DashboardService - Fetching all districts
2025-10-29 13:37:37 [http-nio-8080-exec-6] INFO  c.g.d.controller.DashboardController - Loading homepage
2025-10-29 13:37:37 [http-nio-8080-exec-6] INFO  c.g.d.service.DashboardService - Fetching all districts
2025-10-29 13:37:38 [http-nio-8080-exec-7] INFO  c.g.d.controller.DashboardController - Loading homepage
2025-10-29 13:37:38 [http-nio-8080-exec-7] INFO  c.g.d.service.DashboardService - Fetching all districts
2025-10-29 13:48:01 [SpringApplicationShutdownHook] INFO  o.s.o.j.LocalContainerEntityManagerFactoryBean - Closing JPA EntityManagerFactory for persistence unit 'default'
2025-10-29 13:48:01 [SpringApplicationShutdownHook] INFO  com.zaxxer.hikari.HikariDataSource - HikariPool-1 - Shutdown initiated...
2025-10-29 13:48:01 [SpringApplicationShutdownHook] INFO  com.zaxxer.hikari.HikariDataSource - HikariPool-1 - Shutdown completed.
2025-10-29 13:48:10 [main] INFO  c.g.dashboard.JanmanregaApplication - Starting JanmanregaApplication using Java 25 with PID 9696 (C:\Users\aspk1\OneDrive\Desktop\Gov Project\Gov Project\target\classes started by aspk1 in C:\Users\aspk1\OneDrive\Desktop\Gov Project)
2025-10-29 13:48:10 [main] INFO  c.g.dashboard.JanmanregaApplication - No active profile set, falling back to 1 default profile: "default"
2025-10-29 13:48:12 [main] INFO  o.s.d.r.c.RepositoryConfigurationDelegate - Bootstrapping Spring Data JPA repositories in DEFAULT mode.
2025-10-29 13:48:12 [main] INFO  o.s.d.r.c.RepositoryConfigurationDelegate - Finished Spring Data repository scanning in 103 ms. Found 1 JPA repository interface.
2025-10-29 13:48:14 [main] INFO  o.s.b.w.e.tomcat.TomcatWebServer - Tomcat initialized with port 8080 (http)
2025-10-29 13:48:14 [main] INFO  o.a.catalina.core.StandardService - Starting service [Tomcat]
2025-10-29 13:48:14 [main] INFO  o.a.catalina.core.StandardEngine - Starting Servlet engine: [Apache Tomcat/10.1.16]
2025-10-29 13:48:14 [main] INFO  o.a.c.c.C.[Tomcat].[localhost].[/] - Initializing Spring embedded WebApplicationContext
2025-10-29 13:48:14 [main] INFO  o.s.b.w.s.c.ServletWebServerApplicationContext - Root WebApplicationContext: initialization completed in 4523 ms
2025-10-29 13:48:16 [main] INFO  o.h.jpa.internal.util.LogHelper - HHH000204: Processing PersistenceUnitInfo [name: default]
2025-10-29 13:48:16 [main] INFO  org.hibernate.Version - HHH000412: Hibernate ORM core version 6.3.1.Final
2025-10-29 13:48:16 [main] INFO  o.h.c.i.RegionFactoryInitiator - HHH000026: Second-level cache disabled
2025-10-29 13:48:17 [main] INFO  o.s.o.j.p.SpringPersistenceUnitInfo - No LoadTimeWeaver setup: ignoring JPA class transformer
2025-10-29 13:48:17 [main] INFO  com.zaxxer.hikari.HikariDataSource - HikariPool-1 - Starting...
2025-10-29 13:48:18 [main] INFO  com.zaxxer.hikari.pool.HikariPool - HikariPool-1 - Added connection org.postgresql.jdbc.PgConnection@77a9ac36
2025-10-29 13:48:18 [main] INFO  com.zaxxer.hikari.HikariDataSource - HikariPool-1 - Start completed.
2025-10-29 13:48:18 [main] WARN  org.hibernate.orm.deprecation - HHH90000025: PostgreSQLDialect does not need to be specified explicitly using 'hibernate.dialect' (remove the property setting and it will be selected by default)
2025-10-29 13:48:20 [main] INFO  o.h.e.t.j.p.i.JtaPlatformInitiator - HHH000489: No JTA platform available (set 'hibernate.transaction.jta.platform' to enable JTA platform integration)
2025-10-29 13:48:20 [main] INFO  o.s.o.j.LocalContainerEntityManagerFactoryBean - Initialized JPA EntityManagerFactory for persistence unit 'default'
2025-10-29 13:48:21 [main] INFO  o.s.d.j.r.query.QueryEnhancerFactory - Hibernate is in classpath; If applicable, HQL parser will be used.
2025-10-29 13:48:23 [main] INFO  c.g.d.service.DataInitializer - Database already contains data, skipping initialization
2025-10-29 13:48:23 [main] WARN  o.s.b.a.o.j.JpaBaseConfiguration$JpaWebConfiguration - spring.jpa.open-in-view is enabled by default. Therefore, database queries may be performed during view rendering. Explicitly configure spring.jpa.open-in-view to disable this warning
2025-10-29 13:48:23 [main] INFO  o.s.b.a.w.s.WelcomePageHandlerMapping - Adding welcome page template: index
2025-10-29 13:48:25 [main] INFO  o.s.b.a.e.web.EndpointLinksResolver - Exposing 3 endpoint(s) beneath base path '/actuator'
2025-10-29 13:48:25 [main] INFO  o.s.b.w.e.tomcat.TomcatWebServer - Tomcat started on port 8080 (http) with context path ''
2025-10-29 13:48:25 [main] INFO  c.g.dashboard.JanmanregaApplication - Started JanmanregaApplication in 16.247 seconds (process running for 17.243)
2025-10-29 13:48:30 [http-nio-8080-exec-1] INFO  o.a.c.c.C.[Tomcat].[localhost].[/] - Initializing Spring DispatcherServlet 'dispatcherServlet'
2025-10-29 13:48:30 [http-nio-8080-exec-1] INFO  o.s.web.servlet.DispatcherServlet - Initializing Servlet 'dispatcherServlet'
2025-10-29 13:48:30 [http-nio-8080-exec-1] INFO  o.s.web.servlet.DispatcherServlet - Completed initialization in 3 ms
2025-10-29 13:48:30 [http-nio-8080-exec-1] INFO  c.g.d.controller.DashboardController - Loading homepage
2025-10-29 13:48:30 [http-nio-8080-exec-1] INFO  c.g.d.service.DashboardService - Fetching all districts
2025-10-29 13:49:56 [http-nio-8080-exec-5] INFO  c.g.d.controller.DashboardController - Loading dashboard for district: GHAZIPUR
2025-10-29 13:49:57 [http-nio-8080-exec-5] INFO  c.g.d.service.DashboardService - Generating dashboard summary for district: GHAZIPUR
2025-10-29 13:49:57 [http-nio-8080-exec-5] INFO  c.g.d.service.DashboardService - Fetching performance data for district: GHAZIPUR
2025-10-29 13:49:57 [http-nio-8080-exec-4] INFO  c.g.d.controller.DashboardController - Generating chart for district: GHAZIPUR
2025-10-29 13:49:57 [http-nio-8080-exec-4] INFO  c.g.d.service.DashboardService - Fetching performance data for district: GHAZIPUR
2025-10-29 13:50:05 [http-nio-8080-exec-6] INFO  c.g.d.controller.DashboardController - Loading homepage
2025-10-29 13:50:05 [http-nio-8080-exec-6] INFO  c.g.d.service.DashboardService - Fetching all districts
2025-10-29 13:50:07 [http-nio-8080-exec-2] INFO  c.g.d.controller.DashboardController - Loading homepage
2025-10-29 13:50:07 [http-nio-8080-exec-2] INFO  c.g.d.service.DashboardService - Fetching all districts
2025-10-29 13:50:08 [http-nio-8080-exec-1] INFO  c.g.d.controller.DashboardController - Loading homepage
2025-10-29 13:50:08 [http-nio-8080-exec-1] INFO  c.g.d.service.DashboardService - Fetching all districts
2025-10-29 13:50:12 [http-nio-8080-exec-3] INFO  c.g.d.controller.DashboardController - Loading homepage
2025-10-29 13:50:12 [http-nio-8080-exec-3] INFO  c.g.d.service.DashboardService - Fetching all districts
2025-10-29 13:50:13 [http-nio-8080-exec-5] INFO  c.g.d.controller.DashboardController - Loading homepage
2025-10-29 13:50:13 [http-nio-8080-exec-5] INFO  c.g.d.service.DashboardService - Fetching all districts
2025-10-29 13:50:15 [http-nio-8080-exec-4] INFO  c.g.d.controller.DashboardController - Loading homepage
2025-10-29 13:50:15 [http-nio-8080-exec-4] INFO  c.g.d.service.DashboardService - Fetching all districts
2025-10-29 13:50:18 [http-nio-8080-exec-7] INFO  c.g.d.controller.DashboardController - Loading dashboard for district: DEORIA
2025-10-29 13:50:18 [http-nio-8080-exec-7] INFO  c.g.d.service.DashboardService - Generating dashboard summary for district: DEORIA
2025-10-29 13:50:18 [http-nio-8080-exec-7] INFO  c.g.d.service.DashboardService - Fetching performance data for district: DEORIA
2025-10-29 13:50:18 [http-nio-8080-exec-9] INFO  c.g.d.controller.DashboardController - Generating chart for district: DEORIA
2025-10-29 13:50:18 [http-nio-8080-exec-9] INFO  c.g.d.service.DashboardService - Fetching performance data for district: DEORIA
2025-10-29 13:50:30 [http-nio-8080-exec-10] INFO  c.g.d.controller.DashboardController - Loading homepage
2025-10-29 13:50:30 [http-nio-8080-exec-10] INFO  c.g.d.service.DashboardService - Fetching all districts
2025-10-29 14:04:21 [SpringApplicationShutdownHook] INFO  o.s.o.j.LocalContainerEntityManagerFactoryBean - Closing JPA EntityManagerFactory for persistence unit 'default'
2025-10-29 14:04:21 [SpringApplicationShutdownHook] INFO  com.zaxxer.hikari.HikariDataSource - HikariPool-1 - Shutdown initiated...
2025-10-29 14:04:22 [SpringApplicationShutdownHook] INFO  com.zaxxer.hikari.HikariDataSource - HikariPool-1 - Shutdown completed.
